id,Date,Price,DailyPctChange,one day before,two days before,three days before,four days before,five days before,six days before,seven days before,month,half,quarter,Silver_Pct_Change,Crude_Oil_Pct_Change,Action
0,3.1.05,,,,,,,,,,,,,,,0
1,4.1.05,,,,,,,,,,,,,,,0
2,5.1.05,,,,,,,,,,,,,,,0
3,6.1.05,,,,,,,,,,,,,,,0
4,7.1.05,,,,,,,,,,,,,,,0
5,10.1.05,,,,,,,,,,,,,,,0
6,11.1.05,,,,,,,,,,,,,,,0
7,12.1.05,,,,,,,,,,,,,,,0
8,13.1.05,,,,,,,,,,,,,,,0
9,14.1.05,,,,,,,,,,,,,,,0
10,18.1.05,,,,,,,,,,,,,,,0
11,19.1.05,,,,,,,,,,,,,,,0
12,20.1.05,,,,,,,,,,,,,,,0
13,21.1.05,,,,,,,,,,,,,,,0
14,24.1.05,,,,,,,,,,,,,,,0
15,25.1.05,,,,,,,,,,,,,,,0
16,26.1.05,,,,,,,,,,,,,,,0
17,27.1.05,,,,,,,,,,,,,,,0
18,28.1.05,,,,,,,,,,,,,,,0
19,31.1.05,,,,,,,,,,,,,,,0
20,1.2.05,,,,,,,,,,,,,,,0
21,2.2.05,,,,,,,,,,,,,,,0
22,3.2.05,,,,,,,,,,,,,,,1
23,4.2.05,,,,,,,,,,,,,,,1
24,7.2.05,,,,,,,,,,,,,,,1
25,8.2.05,,,,,,,,,,,,,,,1
26,9.2.05,,,,,,,,,,,,,,,1
27,10.2.05,,,,,,,,,,,,,,,1
28,11.2.05,,,,,,,,,,,,,,,0
29,14.2.05,,,,,,,,,,,,,,,0
30,15.2.05,,,,,,,,,,,,,,,0
31,16.2.05,,,,,,,,,,,,,,,1
32,17.2.05,,,,,,,,,,,,,,,1
33,18.2.05,,,,,,,,,,,,,,,0
34,22.2.05,,,,,,,,,,,,,,,0
35,23.2.05,,,,,,,,,,,,,,,0
36,24.2.05,,,,,,,,,,,,,,,0
37,25.2.05,,,,,,,,,,,,,,,0
38,28.2.05,,,,,,,,,,,,,,,0
39,1.3.05,,,,,,,,,,,,,,,0
40,2.3.05,,,,,,,,,,,,,1.078988348,2.65092671,0
41,3.3.05,,,,,,,,,,,,,-1.067470466,0.980208229,0
42,4.3.05,,,,,,,,,,,,,1.659979029,0.392008747,0
43,7.3.05,,,,,,,,,,,,,0.13607605,0.204538142,0
44,8.3.05,,,,,,,,,,,,,1.943193981,1.29894372,0
45,9.3.05,,,,,,,,,,,,,1.359640609,0.329731278,0
46,10.3.05,,,,,,,,,,,,,-1.472908827,-2.245754121,2
47,11.3.05,,,,,,,,,,,,,0.573942123,1.662307386,2
48,14.3.05,,,,,,,,,,,,,-2.057063518,0.955356338,0
49,15.3.05,,,,,,,,,,,,,-0.040653921,0.181980842,0
50,16.3.05,,,,,,,,,,,,,0.650675568,2.56130766,0
51,17.3.05,,,,,,,,,,,,,-0.538720011,-0.106265603,0
52,18.3.05,,,,,,,,,,,,,-0.10833275,0.56737533,0
53,21.3.05,,,,,,,,,,,,,-3.795577314,-0.176308686,0
54,22.3.05,,,,,,,,,,,,,-0.380441735,-1.042034906,0
55,23.3.05,,,,,,,,,,,,,-1.315416307,-3.962158584,0
56,24.3.05,,,,,,,,,,,,,-0.630645654,1.914140035,0
57,28.3.05,,,,,,,,,,,,,-0.331750181,-1.440556005,0
58,29.3.05,,,,,,,,,,,,,1.476125018,0.333025546,0
59,31.3.05,,,,,,,,,,,,,2.552765241,2.611594376,0
60,1.4.05,,,,,,,,,,,,,-2.795163594,3.375449243,0
61,4.4.05,,,,,,,,,,,,,0.429187565,-0.453993599,0
62,5.4.05,,,,,,,,,,,,,0.270656032,-1.701451385,0
63,6.4.05,,,,,,,,,,,,,1.093907384,-0.339047891,0
64,7.4.05,,,,,,,,,,,,,-0.632378797,-3.115484174,0
65,8.4.05,,,,,,,,,,,,,1.272799809,-1.459990587,0
66,11.4.05,,,,,,,,,,,,,1.256809879,0.731431718,0
67,12.4.05,,,,,,,,,,,,,-1.37911882,-3.444420975,0
68,13.4.05,,,,,,,,,,,,,0.97888647,-3.162358986,0
69,14.4.05,,,,,,,,,,,,,-2.285001487,1.812026733,0
70,15.4.05,,,,,,,,,,,,,-0.538550249,-1.251710104,0
71,18.4.05,,,,,,,,,,,,,0.327725322,-0.237676258,0
72,19.4.05,,,,,,,,,,,,,2.911517212,3.811796753,0
73,20.4.05,,,,,,,,,,,,,1.200667572,0.28685735,0
74,21.4.05,,,,,,,,,,,,,-1.636442921,3.35622079,0
75,22.4.05,,,,,,,,,,,,,0.804104938,2.195569391,0
76,25.4.05,,,,,,,,,,,,,-0.206297162,-1.480411092,0
77,26.4.05,,,,,,,,,,,,,-0.068910066,-0.678026267,0
78,27.4.05,,,,,,,,,,,,,-1.613571979,-4.778598,0
79,29.4.05,,,,,,,,,,,,,-3.252030836,-3.959820782,2
80,2.5.05,,,,,,,,,,,,,-0.898287428,2.413509491,0
81,3.5.05,,,,,,,,,,,,,0.160814025,-2.788684643,0
82,4.5.05,,,,,,,,,,,,,1.912130275,1.272729431,0
83,5.5.05,,,,,,,,,,,,,0.973937523,1.396370932,0
84,6.5.05,,,,,,,,,,,,,-1.390071588,0.255749063,0
85,9.5.05,,,,,,,,,,,,,1.654196904,2.099685467,0
86,10.5.05,,,,,,,,,,,,,0.466959004,0.076880485,0
87,11.5.05,,,,,,,,,,,,,-0.281689876,-3.111194433,0
88,12.5.05,,,,,,,,,,,,,-1.864406369,-3.7859263,0
89,13.5.05,,,,,,,,,,,,,-0.331027111,0.267814691,0
90,16.5.05,,,,,,,,,,,,,0.144400748,-0.123274216,0
91,17.5.05,,,,,,,,,,,,,1.297767171,0.740589603,0
92,18.5.05,,,,,,,,,,,,,2.277577868,-3.512356908,0
93,19.5.05,,,,,,,,,,,,,-0.904663295,-0.698416574,0
94,20.5.05,,,,,,,,,,,,,-2.598313845,-0.255752209,0
95,23.5.05,,,,,,,,,,,,,0.216292237,5.042736429,0
96,24.5.05,,,,,,,,,,,,,0.546764142,1.037425393,0
97,25.5.05,,,,,,,,,,,,,1.931886527,2.637409748,1
98,26.5.05,,,,,,,,,,,,,0.407129087,0.058844213,1
99,27.5.05,,,,,,,,,,,,,2.097316784,1.646736287,1
100,31.5.05,,,,,,,,,,,,,1.944668867,0.231442141,1
101,1.6.05,,,,,,,,,,,,,0.85975459,5.060606488,1
102,2.6.05,,,,,,,,,,,,,0.239745953,-1.776552075,1
103,3.6.05,,,,,,,,,,,,,-0.478345092,2.61047489,0
104,6.6.05,,,,,,,,,,,,,0.413887026,-0.98127769,0
105,7.6.05,,,,,,,,,,,,,-1.223241707,-1.339701476,0
106,8.6.05,,,,,,,,,,,,,0.3903659,-2.269340484,0
107,9.6.05,,,,,,,,,,,,,-2.681687868,3.311758343,0
108,10.6.05,,,,,,,,,,,,,0.248003942,-1.363297495,0
109,13.6.05,,,,,,,,,,,,,-0.316111054,3.884942063,0
110,14.6.05,,,,,,,,,,,,,0.220602114,-1.114705041,0
111,15.6.05,,,,,,,,,,,,,0.701611197,1.036363081,0
112,16.6.05,,,,,,,,,,,,,0.546447553,1.817531297,0
113,17.6.05,,,,,,,,,,,,,-0.407611539,3.340401782,0
114,20.6.05,,,,,,,,,,,,,-0.450204539,1.539246951,0
115,21.6.05,,,,,,,,,,,,,-0.137039223,-0.791641257,2
116,22.6.05,,,,,,,,,,,,,-0.466589761,-1.37521452,0
117,23.6.05,,,,,,,,,,,,,0.234388513,2.289547276,2
118,24.6.05,,,,,,,,,,,,,0.110039849,0.706836076,2
119,27.6.05,,,,,,,,,,,,,-0.522122938,1.169787368,2
120,28.6.05,,,,,,,,,,,,,-1.988944491,-3.865213276,0
121,30.6.05,,,,,,,,,,,,,-0.958290794,-1.327276185,0
122,1.7.05,,,,,,,,,,,,,-2.518498134,3.982300885,0
123,5.7.05,,,,,,,,,,,,,-0.306523266,1.429787494,0
124,6.7.05,,,,,,,,,,,,,1.259150317,2.836044005,0
125,7.7.05,,,,,,,,,,,,,0.477154322,-0.897518355,0
126,8.7.05,,,,,,,,,,,,,0.6475763,-1.811293401,0
127,11.7.05,,,,,,,,,,,,,1.072345006,-1.190680675,0
128,12.7.05,,,,,,,,,,,,,-0.297070436,2.885269545,0
129,13.7.05,,,,,,,,,,,,,-0.212824444,-1.006269583,0
130,14.7.05,,,,,,,,,,,,,-1.023745582,-3.682718124,1
131,15.7.05,,,,,,,,,,,,,-0.071830405,0.501731694,0
132,18.7.05,,,,,,,,,,,,,0.258771223,-1.325530136,0
133,19.7.05,,,,,,,,,,,,,-0.286779194,0.244241784,0
134,20.7.05,,,,,,,,,,,,,1.207939469,-1.287848722,0
135,21.7.05,,,,,,,,,,,,,0.966181284,0.722848799,1
136,22.7.05,,,,,,,,,,,,,-0.281452028,2.660599386,1
137,25.7.05,,,,,,,,,,,,,0.381032325,0.596757826,0
138,26.7.05,,,,,,,,,,,,,-1.687050288,0.338984344,1
139,27.7.05,,,,,,,,,,,,,0.314597968,-0.152027283,0
140,28.7.05,,,,,,,,,,,,,2.266570533,1.404158362,0
141,29.7.05,,,,,,,,,,,,,0.892112233,1.051052857,0
142,1.8.05,,,,,,,,,,,,,0.594089828,1.650982343,0
143,2.8.05,,,,,,,,,,,,,-0.590581245,0.519733143,0
144,3.8.05,,,,,,,,,,,,,0.635534738,-1.664241056,0
145,4.8.05,,,,,,,,,,,,,-0.741349553,0.854420724,0
146,5.8.05,,,,,,,,,,,,,-1.286306154,1.515151986,0
147,8.8.05,,,,,,,,,,,,,-1.97562378,2.61594803,0
148,9.8.05,,,,,,,,,,,,,0.285877379,-1.360648969,0
149,10.8.05,,,,,,,,,,,,,0.641392212,2.901540891,0
150,11.8.05,,,,,,,,,,,,,1.529532367,1.386751163,0
151,12.8.05,,,,,,,,,,,,,-1.297251126,1.610938464,0
152,15.8.05,,,,,,,,,,,,,-1.738272205,-0.882446847,0
153,16.8.05,,,,,,,,,,,,,1.150581374,-0.286698086,0
154,17.8.05,,,,,,,,,,,,,-0.682494795,-4.282690304,0
155,18.8.05,,,,,,,,,,,,,0.071576772,0.031621277,0
156,19.8.05,,,,,,,,,,,,,0.143064796,3.287494865,0
157,22.8.05,,,,,,,,,,,,,0.771427155,0.153019857,0
158,23.8.05,,,,,,,,,,,,,-1.30422468,0.397253091,0
159,24.8.05,,,,,,,,,,,,,-0.631997596,2.450160756,1
160,25.8.05,,,,,,,,,,,,,-1.300956197,0.252522534,1
161,26.8.05,,,,,,,,,,,,,-1.288815124,-2.015114318,1
162,29.8.05,,,,,,,,,,,,,-0.148364279,1.618024708,1
163,30.8.05,,,,,,,,,,,,,-0.579495308,3.883929656,1
164,31.8.05,,,,,,,,,,,,,1.345092704,-1.246232843,1
165,1.9.05,,,,,,,,,,,,,2.728210279,0.768782652,1
166,2.9.05,,,,,,,,,,,,,0.488083829,-2.734995671,1
167,6.9.05,,,,,,,,,,,,,0.442859105,-2.382715136,1
168,7.9.05,,,,,,,,,,,,,0.284454282,-2.410546331,1
169,8.9.05,,,,,,,,,,,,,-1.205503286,0.186414653,1
170,9.9.05,,,,,,,,,,,,,0.531147029,-0.635751351,1
171,12.9.05,,,,,,,,,,,,,-0.0713928,-1.170411952,0
172,13.9.05,,,,,,,,,,,,,-0.785943184,-0.347388622,1
173,14.9.05,,,,,,,,,,,,,0.619332021,3.137372379,0
174,15.9.05,,,,,,,,,,,,,0.472373205,-0.522348067,0
175,16.9.05,,,,,,,,,,,,,2.991879706,-2.702702703,0
176,19.9.05,,,,,,,,,,,,,1.507811976,6.968252999,0
177,20.9.05,,,,,,,,,,,,,-0.313433688,-1.721317767,0
178,21.9.05,,,,,,,,,,,,,0.546821074,0.860636669,0
179,22.9.05,,,,,,,,,,,,,-0.027190415,-0.449106344,0
180,23.9.05,,,,,,,,,,,,,-1.087996719,-3.473680539,0
181,26.9.05,,,,,,,,,,,,,0.467487939,2.53933197,0
182,27.9.05,,,,,,,,,,,,,-0.492681689,-1.139471291,0
183,28.9.05,,,,,,,,,,,,,1.045251198,1.967110474,0
184,29.9.05,,,,,,,,,,,,,1.987204383,0.663153657,0
185,30.9.05,,,,,,,,,,,,,-0.467100591,-0.823481126,0
186,3.10.05,,,,,,,,,,,,,-0.737467201,-1.162434583,0
187,4.10.05,,,,,,,,,,,,,-0.378223401,-2.398044395,0
188,5.10.05,,,,,,,,,,,,,0.718643706,-1.737090116,0
189,6.10.05,,,,,,,,,,,,,1.61550735,-2.277433165,0
190,7.10.05,,,,,,,,,,,,,2.344992701,0.782267825,0
191,10.10.05,,,,,,,,,,,,,0.957927284,-0.064684533,0
192,11.10.05,,,,,,,,,,,,,0.333376376,2.799352045,0
193,12.10.05,,,,,,,,,,,,,-0.472839659,0.928701367,0
194,13.10.05,,,,,,,,,,,,,-1.322549597,-1.621960186,0
195,14.10.05,,,,,,,,,,,,,1.67859711,-0.713381024,0
196,17.10.05,,,,,,,,,,,,,0.166368201,2.762253733,0
197,18.10.05,,,,,,,,,,,,,-0.498275631,-1.802361461,0
198,19.10.05,,,,,,,,,,,,,-2.478175577,-1.250001434,0
199,20.10.05,,,,,,,,,,,,,0.236999689,-2.211185822,0
200,21.10.05,,,,,,,,,,,,,0.551691767,-0.655411632,0
201,24.10.05,,,,,,,,,,,,,0.16982379,-0.511300293,0
202,25.10.05,,,,,,,,,,,,,1.551903425,3.514587106,0
203,26.10.05,,,,,,,,,,,,,0.487988045,-2.850734815,0
204,27.10.05,,,,,,,,,,,,,-0.293926697,0.708869611,0
205,28.10.05,,,,,,,,,,,,,-0.153807791,0.212802534,0
206,31.10.05,,,,,,,,,,,,,-3.080869991,-2.384846243,1
207,1.11.05,,,,,,,,,,,,,-1.430467228,0.150602669,1
208,2.11.05,,,,,,,,,,,,,1.209354389,-0.167081832,1
209,3.11.05,,,,,,,,,,,,,0.862985351,3.397487497,1
210,4.11.05,,,,,,,,,,,,,-0.658157035,-1.942371272,1
211,7.11.05,,,,,,,,,,,,,0.424010403,-1.832288836,1
212,8.11.05,460.9,,,,,,,,,11,2,4,0.290273598,0.403561222,1
213,9.11.05,466.3,1.1716,,,,,,,,11,2,4,0.697276338,-1.306311826,1
214,10.11.05,466.6,0.0643,1.1716,,,,,,,11,2,4,0.391954672,-1.917531075,1
215,11.11.05,468.3,0.3643,0.0643,1.1716,,,,,,11,2,4,0.715770799,-0.467128826,1
216,14.11.05,468.2,-0.0213,0.3643,0.0643,1.1716,,,,,11,2,4,0.323040391,0.278115506,1
217,15.11.05,468.1,-0.0214,-0.0213,0.3643,0.0643,1.1716,,,,11,2,4,0.077280294,-1.230714338,1
218,16.11.05,478.3,2.179,-0.0214,-0.0213,0.3643,0.0643,1.1716,,,11,2,4,2.779923818,1.57950427,1
219,17.11.05,486.2,1.6517,2.179,-0.0214,-0.0213,0.3643,0.0643,1.1716,,11,2,4,1.264711137,-2.677953021,1
220,18.11.05,485.6,-0.1234,1.6517,2.179,-0.0214,-0.0213,0.3643,0.0643,1.1716,11,2,4,-0.420420966,-0.337302388,1
221,21.11.05,489,0.7002,-0.1234,1.6517,2.179,-0.0214,-0.0213,0.3643,0.0643,11,2,4,0.844403775,2.778769844,0
222,22.11.05,492.6,0.7362,0.7002,-0.1234,1.6517,2.179,-0.0214,-0.0213,0.3643,11,2,4,0.541801137,1.975735485,0
223,23.11.05,492.1,-0.1015,0.7362,0.7002,-0.1234,1.6517,2.179,-0.0214,-0.0213,11,2,4,-0.489895432,-0.220939952,0
224,28.11.05,498.3,1.2599,-0.1015,0.7362,0.7002,-0.1234,1.6517,2.179,-0.0214,11,2,4,2.756922795,-2.299435352,0
225,29.11.05,499.1,0.1605,1.2599,-0.1015,0.7362,0.7002,-0.1234,1.6517,2.179,11,2,4,-0.634811957,-1.499303698,0
226,30.11.05,494.6,-0.9016,0.1605,1.2599,-0.1015,0.7362,0.7002,-0.1234,1.6517,11,2,4,-0.192861559,1.451326893,0
227,1.12.05,502.5,1.5972,-0.9016,0.1605,1.2599,-0.1015,0.7362,0.7002,-0.1234,12,2,4,2.644925963,2.006283203,0
228,2.12.05,503.3,0.1592,1.5972,-0.9016,0.1605,1.2599,-0.1015,0.7362,0.7002,12,2,4,0.529474979,1.453734319,0
229,5.12.05,508.9,1.1127,0.1592,1.5972,-0.9016,0.1605,1.2599,-0.1015,0.7362,12,2,4,1.029966069,0.994605792,0
230,6.12.05,510.2,0.2555,1.1127,0.1592,1.5972,-0.9016,0.1605,1.2599,-0.1015,12,2,4,0.695092908,0.050073075,0
231,7.12.05,514.3,0.8036,0.2555,1.1127,0.1592,1.5972,-0.9016,0.1605,1.2599,12,2,4,0.989409629,-1.217883815,0
232,8.12.05,519.3,0.9722,0.8036,0.2555,1.1127,0.1592,1.5972,-0.9016,0.1605,12,2,4,1.321487549,2.448911983,0
233,9.12.05,527,1.4828,0.9722,0.8036,0.2555,1.1127,0.1592,1.5972,-0.9016,12,2,4,1.191814099,-2.093637423,0
234,12.12.05,528.4,0.2657,1.4828,0.9722,0.8036,0.2555,1.1127,0.1592,1.5972,12,2,4,-2.311113146,3.216029411,0
235,13.12.05,521,-1.4005,0.2657,1.4828,0.9722,0.8036,0.2555,1.1127,0.1592,12,2,4,-3.355323959,0.114192,0
236,14.12.05,506.5,-2.7831,-1.4005,0.2657,1.4828,0.9722,0.8036,0.2555,1.1127,12,2,4,-1.412261848,-0.847320298,1
237,15.12.05,503.9,-0.5133,-2.7831,-1.4005,0.2657,1.4828,0.9722,0.8036,0.2555,12,2,4,2.053240233,-1.413306191,1
238,16.12.05,503.4,-0.0992,-0.5133,-2.7831,-1.4005,0.2657,1.4828,0.9722,0.8036,12,2,4,-0.327522267,-3.217203286,1
239,19.12.05,503.6,0.0397,-0.0992,-0.5133,-2.7831,-1.4005,0.2657,1.4828,0.9722,12,2,4,0.539848388,-1.257319196,1
240,20.12.05,494.6,-1.7871,0.0397,-0.0992,-0.5133,-2.7831,-1.4005,0.2657,1.4828,12,2,4,-2.976539079,1.13378282,1
241,21.12.05,493,-0.3235,-1.7871,0.0397,-0.0992,-0.5133,-2.7831,-1.4005,0.2657,12,2,4,0.493255669,1.000348113,1
242,22.12.05,502.7,1.9675,-0.3235,-1.7871,0.0397,-0.0992,-0.5133,-2.7831,-1.4005,12,2,4,1.783792331,-0.478146495,1
243,23.12.05,503,0.0597,1.9675,-0.3235,-1.7871,0.0397,-0.0992,-0.5133,-2.7831,12,2,4,0.788054461,0.257380798,1
244,27.12.05,508,0.994,0.0597,1.9675,-0.3235,-1.7871,0.0397,-0.0992,-0.5133,12,2,4,2.018898087,-0.462092172,1
245,28.12.05,514.2,1.2205,0.994,0.0597,1.9675,-0.3235,-1.7871,0.0397,-0.0992,12,2,4,1.407002405,2.854195068,1
246,29.12.05,515.7,0.2917,1.2205,0.994,0.0597,1.9675,-0.3235,-1.7871,0.0397,12,2,4,-0.597851075,0.83584086,1
247,30.12.05,517.1,0.2715,0.2917,1.2205,0.994,0.0597,1.9675,-0.3235,-1.7871,12,2,4,0.09077871,1.193635982,1
248,3.1.06,530.7,2.6301,0.2715,0.2917,1.2205,0.994,0.0597,1.9675,-0.3235,1,1,1,3.027213238,3.440364421,1
249,4.1.06,533.9,0.603,2.6301,0.2715,0.2917,1.2205,0.994,0.0597,1.9675,1,1,1,0.165074761,0.443457051,1
250,5.1.06,526.3,-1.4235,0.603,2.6301,0.2715,0.2917,1.2205,0.994,0.0597,1,1,1,-3.219075078,-0.993373181,1
251,6.1.06,539.7,2.5461,-1.4235,0.603,2.6301,0.2715,0.2917,1.2205,0.994,1,1,1,3.439669084,2.26150366,1
252,9.1.06,549.1,1.7417,2.5461,-1.4235,0.603,2.6301,0.2715,0.2917,1.2205,1,1,1,1.207195468,-1.105745358,0
253,10.1.06,544.3,-0.8742,1.7417,2.5461,-1.4235,0.603,2.6301,0.2715,0.2917,1,1,1,-2.873566903,-0.204726092,1
254,11.1.06,548.8,0.8267,-0.8742,1.7417,2.5461,-1.4235,0.603,2.6301,0.2715,1,1,1,0.558224762,0.899478782,1
255,12.1.06,548.3,-0.0911,0.8267,-0.8742,1.7417,2.5461,-1.4235,0.603,2.6301,1,1,1,0,0,0
256,13.1.06,556.1,1.4226,-0.0911,0.8267,-0.8742,1.7417,2.5461,-1.4235,0.603,1,1,1,1.165765474,-0.031280041,0
257,17.1.06,553.4,-0.4855,1.4226,-0.0911,0.8267,-0.8742,1.7417,2.5461,-1.4235,1,1,1,-1.009657627,3.739047963,0
258,18.1.06,543.7,-1.7528,-0.4855,1.4226,-0.0911,0.8267,-0.8742,1.7417,2.5461,1,1,1,-2.217303246,-0.874670823,0
259,19.1.06,558.4,2.7037,-1.7528,-0.4855,1.4226,-0.0911,0.8267,-0.8742,1.7417,1,1,1,2.69841184,1.673510449,0
260,20.1.06,553.5,-0.8775,2.7037,-1.7528,-0.4855,1.4226,-0.0911,0.8267,-0.8742,1,1,1,-1.965108237,2.274422567,0
261,23.1.06,558.3,0.8672,-0.8775,2.7037,-1.7528,-0.4855,1.4226,-0.0911,0.8267,1,1,1,1.644143092,-0.365764456,0
262,24.1.06,557.7,-0.1075,0.8672,-0.8775,2.7037,-1.7528,-0.4855,1.4226,-0.0911,1,1,1,1.739414886,-1.527167311,0
263,25.1.06,562.2,0.8069,-0.1075,0.8672,-0.8775,2.7037,-1.7528,-0.4855,1.4226,1,1,1,3.070897894,-1.80435301,2
264,26.1.06,559.7,-0.4447,0.8069,-0.1075,0.8672,-0.8775,2.7037,-1.7528,-0.4855,1,1,1,1.045958537,0.622632759,0
265,27.1.06,558.7,-0.1787,-0.4447,0.8069,-0.1075,0.8672,-0.8775,2.7037,-1.7528,1,1,1,0.020910236,2.263809163,0
266,30.1.06,565.8,1.2708,-0.1787,-0.4447,0.8069,-0.1075,0.8672,-0.8775,2.7037,1,1,1,1.818939856,0.870714757,0
267,31.1.06,570.8,0.8837,1.2708,-0.1787,-0.4447,0.8069,-0.1075,0.8672,-0.8775,1,1,1,1.129369743,-0.629115311,0
268,1.2.06,569.4,-0.2453,0.8837,1.2708,-0.1787,-0.4447,0.8069,-0.1075,0.8672,2,1,1,-0.913707097,-2.002356665,0
269,2.2.06,572.5,0.5444,-0.2453,0.8837,1.2708,-0.1787,-0.4447,0.8069,-0.1075,2,1,1,0.860651965,-2.824515208,0
270,3.2.06,567.4,-0.8908,0.5444,-0.2453,0.8837,1.2708,-0.1787,-0.4447,0.8069,2,1,1,-1.158069098,1.066794122,0
271,6.2.06,570.2,0.4935,-0.8908,0.5444,-0.2453,0.8837,1.2708,-0.1787,-0.4447,2,1,1,-0.020553496,-0.397739216,0
272,7.2.06,551,-3.3672,0.4935,-0.8908,0.5444,-0.2453,0.8837,1.2708,-0.1787,2,1,1,-3.577298355,-3.102442695,0
273,8.2.06,550.1,-0.1633,-3.3672,0.4935,-0.8908,0.5444,-0.2453,0.8837,1.2708,2,1,1,0.373132697,-0.855921563,0
274,9.2.06,564.5,2.6177,-0.1633,-3.3672,0.4935,-0.8908,0.5444,-0.2453,0.8837,2,1,1,2.368556279,0.111909985,0
275,10.2.06,550.2,-2.5332,2.6177,-0.1633,-3.3672,0.4935,-0.8908,0.5444,-0.2453,2,1,1,-2.884414727,-1.245606504,0
276,13.2.06,539,-2.0356,-2.5332,2.6177,-0.1633,-3.3672,0.4935,-0.8908,0.5444,2,1,1,-2.777770136,-0.970243326,0
277,14.2.06,545.9,1.2802,-2.0356,-2.5332,2.6177,-0.1633,-3.3672,0.4935,-0.8908,2,1,1,2.164830128,-2.726978997,0
278,15.2.06,539.7,-1.1357,1.2802,-2.0356,-2.5332,2.6177,-0.1633,-3.3672,0.4935,2,1,1,-1.054098886,-3.139162232,0
279,16.2.06,546,1.1673,-1.1357,1.2802,-2.0356,-2.5332,2.6177,-0.1633,-3.3672,2,1,1,1.728442623,1.317154786,0
280,17.2.06,551.8,1.0623,1.1673,-1.1357,1.2802,-2.0356,-2.5332,2.6177,-0.1633,2,1,1,0.534304251,2.429014721,0
281,21.2.06,553.9,0.3806,1.0623,1.1673,-1.1357,1.2802,-2.0356,-2.5332,2.6177,2,1,1,1.360546976,2.037403781,0
282,22.2.06,553.9,0,0.3806,1.0623,1.1673,-1.1357,1.2802,-2.0356,-2.5332,2,1,1,0.325085324,-0.147299762,0
283,23.2.06,548.4,-0.993,0,0.3806,1.0623,1.1673,-1.1357,1.2802,-2.0356,2,1,1,-1.097527873,-0.770361283,0
284,24.2.06,558.8,1.8964,-0.993,0,0.3806,1.0623,1.1673,-1.1357,1.2802,2,1,1,2.864086995,3.914765273,0
285,27.2.06,554.7,-0.7337,1.8964,-0.993,0,0.3806,1.0623,1.1673,-1.1357,2,1,1,-1.345932064,-3.036083058,0
286,28.2.06,561.6,1.2439,-0.7337,1.8964,-0.993,0,0.3806,1.0623,1.1673,2,1,1,1.228910931,0.672130897,0
287,1.3.06,563.5,0.3383,1.2439,-0.7337,1.8964,-0.993,0,0.3806,1.0623,3,1,1,-0.10288301,0.911905837,0
288,2.3.06,568.2,0.8341,0.3383,1.2439,-0.7337,1.8964,-0.993,0,0.3806,3,1,1,4.304842632,2.243019787,0
289,3.3.06,566,-0.3872,0.8341,0.3383,1.2439,-0.7337,1.8964,-0.993,0,3,1,1,0.3258293,0.489263819,0
290,6.3.06,554.9,-1.9611,-0.3872,0.8341,0.3383,1.2439,-0.7337,1.8964,-0.993,3,1,1,-2.047044365,-1.978951402,0
291,7.3.06,552.7,-0.3965,-1.9611,-0.3872,0.8341,0.3383,1.2439,-0.7337,1.8964,3,1,1,0.823869971,-1.329911903,0
292,8.3.06,542.5,-1.8455,-0.3965,-1.9611,-0.3872,0.8341,0.3383,1.2439,-0.7337,3,1,1,-2.570995756,-2.533292184,1
293,9.3.06,545.5,0.553,-1.8455,-0.3965,-1.9611,-0.3872,0.8341,0.3383,1.2439,3,1,1,1.288733202,0.749751349,1
294,10.3.06,539.9,-1.0266,0.553,-1.8455,-0.3965,-1.9611,-0.3872,0.8341,0.3383,3,1,1,-0.080777747,-0.843396934,1
295,13.3.06,546.1,1.1484,-1.0266,0.553,-1.8455,-0.3965,-1.9611,-0.3872,0.8341,3,1,1,2.001010056,3.018681456,1
296,14.3.06,551.7,1.0255,1.1484,-1.0266,0.553,-1.8455,-0.3965,-1.9611,-0.3872,3,1,1,0.881796736,2.15314555,1
297,15.3.06,553.1,0.2538,1.0255,1.1484,-1.0266,0.553,-1.8455,-0.3965,-1.9611,3,1,1,1.031227073,-1.473851549,1
298,16.3.06,554.4,0.235,0.2538,1.0255,1.1484,-1.0266,0.553,-1.8455,-0.3965,3,1,1,-0.058321817,2.267980865,1
299,17.3.06,554.1,-0.0541,0.235,0.2538,1.0255,1.1484,-1.0266,0.553,-1.8455,3,1,1,0.243163293,-1.273987653,1
300,20.3.06,555.2,0.1985,-0.0541,0.235,0.2538,1.0255,1.1484,-1.0266,0.553,3,1,1,0.009707009,-3.743830288,1
301,21.3.06,552.4,-0.5043,0.1985,-0.0541,0.235,0.2538,1.0255,1.1484,-1.0266,3,1,1,2.027744548,0.248264698,1
302,22.3.06,550.9,-0.2715,-0.5043,0.1985,-0.0541,0.235,0.2538,1.0255,1.1484,3,1,1,-0.66564945,1.981180071,1
303,23.3.06,550.1,-0.1452,-0.2715,-0.5043,0.1985,-0.0541,0.235,0.2538,1.0255,3,1,1,1.885885009,3.464463937,1
304,24.3.06,560,1.7997,-0.1452,-0.2715,-0.5043,0.1985,-0.0541,0.235,0.2538,3,1,1,0.422813847,0.547648709,1
305,27.3.06,567,1.25,1.7997,-0.1452,-0.2715,-0.5043,0.1985,-0.0541,0.235,3,1,1,1.497004599,-0.155615423,1
306,28.3.06,566.6,-0.0706,1.25,1.7997,-0.1452,-0.2715,-0.5043,0.1985,-0.0541,3,1,1,-0.20279646,2.976926315,1
307,29.3.06,573,1.1295,-0.0706,1.25,1.7997,-0.1452,-0.2715,-0.5043,0.1985,3,1,1,2.281541989,0.575143416,1
308,30.3.06,586.7,2.3909,1.1295,-0.0706,1.25,1.7997,-0.1452,-0.2715,-0.5043,3,1,1,4.921882765,1.053430564,1
309,31.3.06,581.8,-0.8352,2.3909,1.1295,-0.0706,1.25,1.7997,-0.1452,-0.2715,3,1,1,-1.187816216,-0.774392049,1
310,3.4.06,589.4,1.3063,-0.8352,2.3909,1.1295,-0.0706,1.25,1.7997,-0.1452,4,1,2,2.116725089,0.165091723,1
311,4.4.06,586,-0.5769,1.3063,-0.8352,2.3909,1.1295,-0.0706,1.25,1.7997,4,1,2,-0.298557099,-0.764151218,1
312,5.4.06,587.9,0.3242,-0.5769,1.3063,-0.8352,2.3909,1.1295,-0.0706,1.25,4,1,2,-0.196781006,1.26830182,1
313,6.4.06,595.2,1.2417,0.3242,-0.5769,1.3063,-0.8352,2.3909,1.1295,-0.0706,4,1,2,2.931847482,1.29715633,1
314,7.4.06,588.4,-1.1425,1.2417,0.3242,-0.5769,1.3063,-0.8352,2.3909,1.1295,4,1,2,0.233196286,-0.80954229,1
315,10.4.06,597.6,1.5636,-1.1425,1.2417,0.3242,-0.5769,1.3063,-0.8352,2.3909,4,1,2,4.104698306,2.003262333,1
316,11.4.06,595.2,-0.4016,1.5636,-1.1425,1.2417,0.3242,-0.5769,1.3063,-0.8352,4,1,2,0.351182624,0.349149695,1
317,12.4.06,597.5,0.3864,-0.4016,1.5636,-1.1425,1.2417,0.3242,-0.5769,1.3063,4,1,2,0.501071547,-0.521891262,1
318,13.4.06,596.5,-0.1674,0.3864,-0.4016,1.5636,-1.1425,1.2417,0.3242,-0.5769,4,1,2,1.519471304,1.020106267,1
319,17.4.06,615.4,3.1685,-0.1674,0.3864,-0.4016,1.5636,-1.1425,1.2417,0.3242,4,1,2,3.991269732,1.55799457,1
320,18.4.06,620,0.7475,3.1685,-0.1674,0.3864,-0.4016,1.5636,-1.1425,1.2417,4,1,2,3.148426323,1.349427454,1
321,19.4.06,632.6,2.0323,0.7475,3.1685,-0.1674,0.3864,-0.4016,1.5636,-1.1425,4,1,2,5.370634844,1.149263787,1
322,20.4.06,619.8,-2.0234,2.0323,0.7475,3.1685,-0.1674,0.3864,-0.4016,1.5636,4,1,2,-13.71818348,-0.304837504,1
323,21.4.06,632.2,2.0006,-2.0234,2.0323,0.7475,3.1685,-0.1674,0.3864,-0.4016,4,1,2,3.637089651,4.475331977,1
324,24.4.06,620.6,-1.8349,2.0006,-2.0234,2.0323,0.7475,3.1685,-0.1674,0.3864,4,1,2,-9.201695532,-2.447780208,1
325,25.4.06,631,1.6758,-1.8349,2.0006,-2.0234,2.0323,0.7475,3.1685,-0.1674,4,1,2,6.651375905,-0.613670485,1
326,26.4.06,638.8,1.2361,1.6758,-1.8349,2.0006,-2.0234,2.0323,0.7475,3.1685,4,1,2,2.031064184,-1.303508485,1
327,27.4.06,633.3,-0.861,1.2361,1.6758,-1.8349,2.0006,-2.0234,2.0323,0.7475,4,1,2,-2.654177529,-1.334629613,1
328,28.4.06,651.8,2.9212,-0.861,1.2361,1.6758,-1.8349,2.0006,-2.0234,2.0323,4,1,2,8.340015554,1.282226317,0
329,1.5.06,657.5,0.8745,2.9212,-0.861,1.2361,1.6758,-1.8349,2.0006,-2.0234,5,1,2,2.531458193,2.531997446,0
330,2.5.06,664.7,1.0951,0.8745,2.9212,-0.861,1.2361,1.6758,-1.8349,2.0006,5,1,2,1.862542707,1.234740434,0
331,3.5.06,665.9,0.1805,1.0951,0.8745,2.9212,-0.861,1.2361,1.6758,-1.8349,5,1,2,-2.877386205,-3.122908205,2
332,4.5.06,674.2,1.2464,0.1805,1.0951,0.8745,2.9212,-0.861,1.2361,1.6758,5,1,2,0.22620536,-3.23740506,0
333,5.5.06,682.2,1.1866,1.2464,0.1805,1.0951,0.8745,2.9212,-0.861,1.2361,5,1,2,0.414999357,0.35744923,2
334,8.5.06,677.8,-0.645,1.1866,1.2464,0.1805,1.0951,0.8745,2.9212,-0.861,5,1,2,-0.833815057,-0.598384077,0
335,9.5.06,699.4,3.1868,-0.645,1.1866,1.2464,0.1805,1.0951,0.8745,2.9212,5,1,2,5.096143508,1.318626691,2
336,10.5.06,703.7,0.6148,3.1868,-0.645,1.1866,1.2464,0.1805,1.0951,0.8745,5,1,2,-1.273129373,2.037055824,2
337,11.5.06,719.8,2.2879,0.6148,3.1868,-0.645,1.1866,1.2464,0.1805,1.0951,5,1,2,4.615599561,1.649802422,2
338,12.5.06,710.3,-1.3198,2.2879,0.6148,3.1868,-0.645,1.1866,1.2464,0.1805,5,1,2,-4.715073573,-1.745770301,2
339,15.5.06,683.6,-3.759,-1.3198,2.2879,0.6148,3.1868,-0.645,1.1866,1.2464,5,1,2,-6.362219881,-3.650745725,2
340,16.5.06,691.5,1.1557,-3.759,-1.3198,2.2879,0.6148,3.1868,-0.645,1.1866,5,1,2,1.555181714,0.172878707,2
341,17.5.06,690.5,-0.1446,1.1557,-3.759,-1.3198,2.2879,0.6148,3.1868,-0.645,5,1,2,-2.192983078,-1.19373198,2
342,18.5.06,679.6,-1.5786,-0.1446,1.1557,-3.759,-1.3198,2.2879,0.6148,3.1868,5,1,2,-5.472367074,1.091703105,2
343,19.5.06,656.7,-3.3696,-1.5786,-0.1446,1.1557,-3.759,-1.3198,2.2879,0.6148,5,1,2,-1.286482623,-1.324691446,2
344,22.5.06,657,0.0457,-3.3696,-1.5786,-0.1446,1.1557,-3.759,-1.3198,2.2879,5,1,2,0.635327134,1.021457158,2
345,23.5.06,673,2.4353,0.0457,-3.3696,-1.5786,-0.1446,1.1557,-3.759,-1.3198,5,1,2,6.029954406,3.654483109,2
346,24.5.06,637,-5.3492,2.4353,0.0457,-3.3696,-1.5786,-0.1446,1.1557,-3.759,5,1,2,-4.961836285,-2.647716652,2
347,25.5.06,648.4,1.7896,-5.3492,2.4353,0.0457,-3.3696,-1.5786,-0.1446,1.1557,5,1,2,0.722892803,2.089892745,2
348,26.5.06,650.9,0.3856,1.7896,-5.3492,2.4353,0.0457,-3.3696,-1.5786,-0.1446,5,1,2,1.076556852,0.070110841,2
349,30.5.06,653.9,0.4609,0.3856,1.7896,-5.3492,2.4353,0.0457,-3.3696,-1.5786,5,1,2,2.66666145,0.924752707,2
350,31.5.06,642.5,-1.7434,0.4609,0.3856,1.7896,-5.3492,2.4353,0.0457,-3.3696,5,1,2,-4.726041598,-1.027346767,2
351,1.6.06,627.6,-2.3191,-1.7434,0.4609,0.3856,1.7896,-5.3492,2.4353,0.0457,6,1,2,-4.420062853,-1.332591619,2
352,2.6.06,635.5,1.2588,-2.3191,-1.7434,0.4609,0.3856,1.7896,-5.3492,2.4353,6,1,2,1.561176878,2.82912368,2
353,5.6.06,643.2,1.2116,1.2588,-2.3191,-1.7434,0.4609,0.3856,1.7896,-5.3492,6,1,2,1.744911016,0.373284441,2
354,6.6.06,629.4,-2.1455,1.2116,1.2588,-2.3191,-1.7434,0.4609,0.3856,1.7896,6,1,2,-3.593299996,-0.137738948,2
355,7.6.06,627.4,-0.3178,-2.1455,1.2116,1.2588,-2.3191,-1.7434,0.4609,0.3856,6,1,2,0.440491694,-2.3172418,2
356,8.6.06,609.1,-2.9168,-0.3178,-2.1455,1.2116,1.2588,-2.3191,-1.7434,0.4609,6,1,2,-6.873581091,-0.663656061,0
357,9.6.06,608.2,-0.1478,-2.9168,-0.3178,-2.1455,1.2116,1.2588,-2.3191,-1.7434,6,1,2,1.222606694,1.819472363,0
358,12.6.06,606.8,-0.2302,-0.1478,-2.9168,-0.3178,-2.1455,1.2116,1.2588,-2.3191,6,1,2,-1.270467905,-1.772995521,0
359,13.6.06,562.5,-7.3006,-0.2302,-0.1478,-2.9168,-0.3178,-2.1455,1.2116,1.2588,6,1,2,-13.04938469,-2.55827606,1
360,14.6.06,562.3,-0.0356,-7.3006,-0.2302,-0.1478,-2.9168,-0.3178,-2.1455,1.2116,6,1,2,1.167269501,0.84597703,1
361,15.6.06,566.5,0.7469,-0.0356,-7.3006,-0.2302,-0.1478,-2.9168,-0.3178,-2.1455,6,1,2,2.503348471,0.52068356,1
362,16.6.06,578,2.03,0.7469,-0.0356,-7.3006,-0.2302,-0.1478,-2.9168,-0.3178,6,1,2,1.608038698,0.546758638,1
363,19.6.06,568.8,-1.5917,2.03,0.7469,-0.0356,-7.3006,-0.2302,-0.1478,-2.9168,6,1,2,-1.592475802,-1.287913469,1
364,20.6.06,576.9,1.4241,-1.5917,2.03,0.7469,-0.0356,-7.3006,-0.2302,-0.1478,6,1,2,3.025425978,-0.057989147,1
365,21.6.06,587.5,1.8374,1.4241,-1.5917,2.03,0.7469,-0.0356,-7.3006,-0.2302,6,1,2,1.463410912,2.016245054,1
366,22.6.06,582.2,-0.9021,1.8374,1.4241,-1.5917,2.03,0.7469,-0.0356,-7.3006,6,1,2,-1.971153185,0.725145021,1
367,23.6.06,584.8,0.4466,-0.9021,1.8374,1.4241,-1.5917,2.03,0.7469,-0.0356,6,1,2,0.74546558,0.042358004,1
368,26.6.06,584.8,0,0.4466,-0.9021,1.8374,1.4241,-1.5917,2.03,0.7469,6,1,2,-0.408916535,1.312262268,1
369,27.6.06,581.6,-0.5472,0,0.4466,-0.9021,1.8374,1.4241,-1.5917,2.03,6,1,2,-0.430146364,0.167124112,1
370,28.6.06,578.3,-0.5674,-0.5472,0,0.4466,-0.9021,1.8374,1.4241,-1.5917,6,1,2,-0.363285759,0.37542308,1
371,29.6.06,586.5,1.418,-0.5674,-0.5472,0,0.4466,-0.9021,1.8374,1.4241,6,1,2,1.823023492,1.842352343,1
372,30.6.06,613.5,4.6036,1.418,-0.5674,-0.5472,0,0.4466,-0.9021,1.8374,6,1,2,5.584047751,0.625689248,0
373,5.7.06,627.3,2.2494,4.6036,1.418,-0.5674,-0.5472,0,0.4466,-0.9021,7,2,3,4.633987322,1.635575871,0
374,6.7.06,634.1,1.084,2.2494,4.6036,1.418,-0.5674,-0.5472,0,0.4466,7,2,3,1.517423297,-0.066502261,0
375,7.7.06,632.8,-0.205,1.084,2.2494,4.6036,1.418,-0.5674,-0.5472,0,7,2,3,-1.581647351,-1.397395609,0
376,10.7.06,624.1,-1.3748,-0.205,1.084,2.2494,4.6036,1.418,-0.5674,-0.5472,7,2,3,-2.60485723,-0.647854975,0
377,11.7.06,641.2,2.74,-1.3748,-0.205,1.084,2.2494,4.6036,1.418,-0.5674,7,2,3,3.989125519,0.747185229,0
378,12.7.06,649.4,1.2789,2.74,-1.3748,-0.205,1.084,2.2494,4.6036,1.418,7,2,3,0.043592976,1.065255188,0
379,13.7.06,652.9,0.539,1.2789,2.74,-1.3748,-0.205,1.084,2.2494,4.6036,7,2,3,-0.610027418,2.334890022,0
380,14.7.06,666.6,2.0983,0.539,1.2789,2.74,-1.3748,-0.205,1.084,2.2494,7,2,3,0.394564466,0.430250123,0
381,17.7.06,650.6,-2.4002,2.0983,0.539,1.2789,2.74,-1.3748,-0.205,1.084,7,2,3,-3.842791159,-2.245872718,0
382,18.7.06,628.3,-3.4276,-2.4002,2.0983,0.539,1.2789,2.74,-1.3748,-0.205,7,2,3,-5.040874602,-2.337320139,0
383,19.7.06,641.6,2.1168,-3.4276,-2.4002,2.0983,0.539,1.2789,2.74,-1.3748,7,2,3,5.738884609,-1.196623936,0
384,20.7.06,631.7,-1.543,2.1168,-3.4276,-2.4002,2.0983,0.539,1.2789,2.74,7,2,3,-0.452285747,0.578032133,0
385,21.7.06,619.6,-1.9155,-1.543,2.1168,-3.4276,-2.4002,2.0983,0.539,1.2789,7,2,3,-1.999093728,1.847288506,0
386,24.7.06,612.7,-1.1136,-1.9155,-1.543,2.1168,-3.4276,-2.4002,2.0983,0.539,7,2,3,0.788132029,0.833001134,0
387,25.7.06,617.6,0.7997,-1.1136,-1.9155,-1.543,2.1168,-3.4276,-2.4002,2.0983,7,2,3,0.229996067,-1.732182543,0
388,26.7.06,621.6,0.6477,0.7997,-1.1136,-1.9155,-1.543,2.1168,-3.4276,-2.4002,7,2,3,1.2390938,0.257630429,0
389,27.7.06,632.4,1.7375,0.6477,0.7997,-1.1136,-1.9155,-1.543,2.1168,-3.4276,7,2,3,2.810520645,0.811466668,0
390,28.7.06,634.8,0.3795,1.7375,0.6477,0.7997,-1.1136,-1.9155,-1.543,2.1168,7,2,3,-0.176370877,-1.744034124,0
391,31.7.06,634.2,-0.0945,0.3795,1.7375,0.6477,0.7997,-1.1136,-1.9155,-1.543,7,2,3,0.044170623,1.583839017,0
392,1.8.06,646.3,1.9079,-0.0945,0.3795,1.7375,0.6477,0.7997,-1.1136,-1.9155,8,2,3,3.267107212,0.685486728,0
393,2.8.06,651.6,0.8201,1.9079,-0.0945,0.3795,1.7375,0.6477,0.7997,-1.1136,8,2,3,4.34373995,1.201433524,2
394,3.8.06,644.9,-1.0282,0.8201,1.9079,-0.0945,0.3795,1.7375,0.6477,0.7997,8,2,3,-1.294763513,-0.461678519,0
395,4.8.06,644,-0.1396,-1.0282,0.8201,1.9079,-0.0945,0.3795,1.7375,0.6477,8,2,3,3.279364895,-0.927639752,0
396,7.8.06,647.8,0.5901,-0.1396,-1.0282,0.8201,1.9079,-0.0945,0.3795,1.7375,8,2,3,-1.744373111,2.969503956,2
397,8.8.06,645.7,-0.3242,0.5901,-0.1396,-1.0282,0.8201,1.9079,-0.0945,0.3795,8,2,3,-0.024538213,-0.870363431,2
398,9.8.06,650.5,0.7434,-0.3242,0.5901,-0.1396,-1.0282,0.8201,1.9079,-0.0945,8,2,3,2.536820451,0.052418971,2
399,10.8.06,634.9,-2.3982,0.7434,-0.3242,0.5901,-0.1396,-1.0282,0.8201,1.9079,8,2,3,-3.671189529,-3.077928646,0
400,11.8.06,633.5,-0.2205,-2.3982,0.7434,-0.3242,0.5901,-0.1396,-1.0282,0.8201,8,2,3,-1.797846008,0.472970911,0
401,14.8.06,628.5,-0.7893,-0.2205,-2.3982,0.7434,-0.3242,0.5901,-0.1396,-1.0282,8,2,3,2.32009263,-1.10289134,0
402,15.8.06,622.5,-0.9547,-0.7893,-0.2205,-2.3982,0.7434,-0.3242,0.5901,-0.1396,8,2,3,-0.593671685,-0.652788978,0
403,16.8.06,628.7,0.996,-0.9547,-0.7893,-0.2205,-2.3982,0.7434,-0.3242,0.5901,8,2,3,1.683809495,-1.587958403,0
404,17.8.06,615.4,-2.1155,0.996,-0.9547,-0.7893,-0.2205,-2.3982,0.7434,-0.3242,8,2,3,-2.332981939,-2.545558279,0
405,18.8.06,612.1,-0.5362,-2.1155,0.996,-0.9547,-0.7893,-0.2205,-2.3982,0.7434,8,2,3,0.309034139,1.541538494,0
406,21.8.06,625.7,2.2219,-0.5362,-2.1155,0.996,-0.9547,-0.7893,-0.2205,-2.3982,8,2,3,2.622810778,1.841435999,2
407,22.8.06,624.6,-0.1758,2.2219,-0.5362,-2.1155,0.996,-0.9547,-0.7893,-0.2205,8,2,3,-0.649086612,0.248447637,2
408,23.8.06,623.7,-0.1441,-0.1758,2.2219,-0.5362,-2.1155,0.996,-0.9547,-0.7893,8,2,3,2.066151586,-1.19784545,2
409,24.8.06,619.5,-0.6734,-0.1441,-0.1758,2.2219,-0.5362,-2.1155,0.996,-0.9547,8,2,3,-1.608259012,0.83611825,2
410,25.8.06,622,0.4036,-0.6734,-0.1441,-0.1758,2.2219,-0.5362,-2.1155,0.996,8,2,3,0.50419025,0.207298956,2
411,28.8.06,615.3,-1.0772,0.4036,-0.6734,-0.1441,-0.1758,2.2219,-0.5362,-2.1155,8,2,3,-2.791490099,-2.620330258,2
412,29.8.06,610.7,-0.7476,-1.0772,0.4036,-0.6734,-0.1441,-0.1758,2.2219,-0.5362,8,2,3,1.065425837,-1.274609146,2
413,30.8.06,617.7,1.1462,-0.7476,-1.0772,0.4036,-0.6734,-0.1441,-0.1758,2.2219,8,2,3,2.931971181,0.459044182,2
414,31.8.06,625.9,1.3275,1.1462,-0.7476,-1.0772,0.4036,-0.6734,-0.1441,-0.1758,8,2,3,3.216510393,0.328435472,2
415,1.9.06,624.4,-0.2397,1.3275,1.1462,-0.7476,-1.0772,0.4036,-0.6734,-0.1441,9,2,3,0.542640702,-1.522914407,2
416,4.9.06,624.4,0,-0.2397,1.3275,1.1462,-0.7476,-1.0772,0.4036,-0.6734,9,2,3,-0.424057857,-1.691004129,2
417,5.9.06,638.5,2.2582,0,-0.2397,1.3275,1.1462,-0.7476,-1.0772,0.4036,9,2,3,0.696865295,0.852693119,2
418,6.9.06,633.5,-0.7831,2.2582,0,-0.2397,1.3275,1.1462,-0.7476,-1.0772,9,2,3,0.461356904,-1.603496354,2
419,7.9.06,617,-2.6046,-0.7831,2.2582,0,-0.2397,1.3275,1.1462,-0.7476,9,2,3,-3.842325841,-0.266667119,0
420,8.9.06,609.6,-1.1994,-2.6046,-0.7831,2.2582,0,-0.2397,1.3275,1.1462,9,2,3,-3.183949911,-1.589423202,0
421,11.9.06,590,-3.2152,-1.1994,-2.6046,-0.7831,2.2582,0,-0.2397,1.3275,9,2,3,-8.673849346,-0.966036815,0
422,12.9.06,586.9,-0.5254,-3.2152,-1.1994,-2.6046,-0.7831,2.2582,0,-0.2397,9,2,3,-0.74721088,-2.819695582,0
423,13.9.06,589.1,0.3748,-0.5254,-3.2152,-1.1994,-2.6046,-0.7831,2.2582,0,9,2,3,0.544221512,0.329364656,2
424,14.9.06,579.3,-1.6636,0.3748,-0.5254,-3.2152,-1.1994,-2.6046,-0.7831,2.2582,9,2,3,-2.255299947,-1.172424552,0
425,15.9.06,576.4,-0.5006,-1.6636,0.3748,-0.5254,-3.2152,-1.1994,-2.6046,-0.7831,9,2,3,-0.692199437,0.173996533,0
426,18.9.06,586.2,1.7002,-0.5006,-1.6636,0.3748,-0.5254,-3.2152,-1.1994,-2.6046,9,2,3,3.856876887,0.742140206,0
427,19.9.06,576.8,-1.6036,1.7002,-0.5006,-1.6636,0.3748,-0.5254,-3.2152,-1.1994,9,2,3,-3.087250659,-3.354231058,0
428,20.9.06,580,0.5548,-1.6036,1.7002,-0.5006,-1.6636,0.3748,-0.5254,-3.2152,9,2,3,1.8190259,-1.946157583,0
429,21.9.06,582.2,0.3793,0.5548,-1.6036,1.7002,-0.5006,-1.6636,0.3748,-0.5254,9,2,3,0.997548312,1.869006095,0
430,22.9.06,589.4,1.2367,0.3793,0.5548,-1.6036,1.7002,-0.5006,-1.6636,0.3748,9,2,3,0.583636346,-1.688587292,0
431,25.9.06,589.9,0.0848,1.2367,0.3793,0.5548,-1.6036,1.7002,-0.5006,-1.6636,9,2,3,0.133907729,1.486377436,0
432,26.9.06,591.2,0.2204,0.0848,1.2367,0.3793,0.5548,-1.6036,1.7002,-0.5006,9,2,3,1.586881073,-0.716033256,0
433,27.9.06,597.3,1.0318,0.2204,0.0848,1.2367,0.3793,0.5548,-1.6036,1.7002,9,2,3,1.799033923,3.196198683,0
434,28.9.06,605,1.2891,1.0318,0.2204,0.0848,1.2367,0.3793,0.5548,-1.6036,9,2,3,0.387931679,-0.317663224,0
435,29.9.06,598.6,-1.0579,1.2891,1.0318,0.2204,0.0848,1.2367,0.3793,0.5548,9,2,3,-1.674543932,0.239008174,0
436,2.10.06,597.7,-0.1503,-1.0579,1.2891,1.0318,0.2204,0.0848,1.2367,0.3793,10,2,4,0.873365792,-2.988397827,0
437,3.10.06,576.3,-3.5804,-0.1503,-1.0579,1.2891,1.0318,0.2204,0.0848,1.2367,10,2,4,-5.151517378,-3.850562873,0
438,4.10.06,562,-2.4813,-3.5804,-0.1503,-1.0579,1.2891,1.0318,0.2204,0.0848,10,2,4,-2.282063001,1.24403466,1
439,5.10.06,571,1.6014,-2.4813,-3.5804,-0.1503,-1.0579,1.2891,1.0318,0.2204,10,2,4,2.568889495,1.043593559,1
440,6.10.06,572.4,0.2452,1.6014,-2.4813,-3.5804,-0.1503,-1.0579,1.2891,1.0318,10,2,4,0.956288709,-0.449775884,1
441,9.10.06,578.4,1.0482,0.2452,1.6014,-2.4813,-3.5804,-0.1503,-1.0579,1.2891,10,2,4,2.210192916,0.334673307,1
442,10.10.06,571.9,-1.1238,1.0482,0.2452,1.6014,-2.4813,-3.5804,-0.1503,-1.0579,10,2,4,-1.721091758,-2.401598814,1
443,11.10.06,572.3,0.0699,-1.1238,1.0482,0.2452,1.6014,-2.4813,-3.5804,-0.1503,10,2,4,0.987872963,-1.589200782,1
444,12.10.06,576.3,0.6989,0.0699,-1.1238,1.0482,0.2452,1.6014,-2.4813,-3.5804,10,2,4,0.444643764,0.468832188,1
445,13.10.06,588.8,2.169,0.6989,0.0699,-1.1238,1.0482,0.2452,1.6014,-2.4813,10,2,4,2.682598445,1.227098301,1
446,16.10.06,594.7,1.002,2.169,0.6989,0.0699,-1.1238,1.0482,0.2452,1.6014,10,2,4,1.983104883,2.33907963,1
447,17.10.06,589.7,-0.8408,1.002,2.169,0.6989,0.0699,-1.1238,1.0482,0.2452,10,2,4,-1.099087874,-1.68501559,1
448,18.10.06,588.9,-0.1357,-0.8408,1.002,2.169,0.6989,0.0699,-1.1238,1.0482,10,2,4,0.384681796,-2.172066473,1
449,19.10.06,599,1.7151,-0.1357,-0.8408,1.002,2.169,0.6989,0.0699,-1.1238,10,2,4,2.912373386,1.474411885,1
450,20.10.06,593,-1.0017,1.7151,-0.1357,-0.8408,1.002,2.169,0.6989,0.0699,10,2,4,-1.613568012,-2.871795393,1
451,23.10.06,579.7,-2.2428,-1.0017,1.7151,-0.1357,-0.8408,1.002,2.169,0.6989,10,2,4,-2.439023999,3.5022909,1
452,24.10.06,584.4,0.8108,-2.2428,-1.0017,1.7151,-0.1357,-0.8408,1.002,2.169,10,2,4,1.551718496,0.918206237,1
453,25.10.06,587.6,0.5476,0.8108,-2.2428,-1.0017,1.7151,-0.1357,-0.8408,1.002,10,2,4,0.339558258,3.454091162,1
454,26.10.06,596.8,1.5657,0.5476,0.8108,-2.2428,-1.0017,1.7151,-0.1357,-0.8408,10,2,4,2.961086214,-1.693812524,0
455,27.10.06,598.2,0.2346,1.5657,0.5476,0.8108,-2.2428,-1.0017,1.7151,-0.1357,10,2,4,-1.273621463,0.646122243,0
456,30.10.06,604.7,1.0866,0.2346,1.5657,0.5476,0.8108,-2.2428,-1.0017,1.7151,10,2,4,1.498121901,-3.934155374,0
457,31.10.06,604.1,-0.0992,1.0866,0.2346,1.5657,0.5476,0.8108,-2.2428,-1.0017,10,2,4,0.139403024,0.633994051,0
458,1.11.06,616.6,2.0692,-0.0992,1.0866,0.2346,1.5657,0.5476,0.8108,-2.2428,11,2,4,1.678676101,-0.034054926,0
459,2.11.06,625.4,1.4272,2.0692,-0.0992,1.0866,0.2346,1.5657,0.5476,0.8108,11,2,4,1.457677044,-1.413725139,0
460,3.11.06,626.9,0.2398,1.4272,2.0692,-0.0992,1.0866,0.2346,1.5657,0.5476,11,2,4,-0.103187292,2.176914821,0
461,6.11.06,625.8,-0.1755,0.2398,1.4272,2.0692,-0.0992,1.0866,0.2346,1.5657,11,2,4,1.017085888,1.487996411,0
462,7.11.06,625.7,-0.016,-0.1755,0.2398,1.4272,2.0692,-0.0992,1.0866,0.2346,11,2,4,-0.668607222,-1.816061553,0
463,8.11.06,616.4,-1.4863,-0.016,-0.1755,0.2398,1.4272,2.0692,-0.0992,1.0866,11,2,4,-0.958190429,1.527238285,1
464,9.11.06,635,3.0175,-1.4863,-0.016,-0.1755,0.2398,1.4272,2.0692,-0.0992,11,2,4,4.021749905,2.222961684,0
465,10.11.06,628.4,-1.0394,3.0175,-1.4863,-0.016,-0.1755,0.2398,1.4272,2.0692,11,2,4,0.514984122,-2.567036787,0
466,13.11.06,624.2,-0.6684,-1.0394,3.0175,-1.4863,-0.016,-0.1755,0.2398,1.4272,11,2,4,-1.69763805,-1.694912433,0
467,14.11.06,623.8,-0.0641,-0.6684,-1.0394,3.0175,-1.4863,-0.016,-0.1755,0.2398,11,2,4,0.046678483,-0.512125371,0
468,15.11.06,622.5,-0.2084,-0.0641,-0.6684,-1.0394,3.0175,-1.4863,-0.016,-0.1755,11,2,4,0.435423028,0.82360939,0
469,16.11.06,620.6,-0.3052,-0.2084,-0.0641,-0.6684,-1.0394,3.0175,-1.4863,-0.016,11,2,4,0.038709565,-4.254595084,0
470,17.11.06,621.5,0.145,-0.3052,-0.2084,-0.0641,-0.6684,-1.0394,3.0175,-1.4863,11,2,4,-1.106637129,-0.799852403,0
471,20.11.06,621.2,-0.0483,0.145,-0.3052,-0.2084,-0.0641,-0.6684,-1.0394,3.0175,11,2,4,-0.453874038,5.357458861,0
472,21.11.06,628.2,1.1269,-0.0483,0.145,-0.3052,-0.2084,-0.0641,-0.6684,-1.0394,11,2,4,2.759215784,2.329930186,0
473,22.11.06,628.7,0.0796,1.1269,-0.0483,0.145,-0.3052,-0.2084,-0.0641,-0.6684,11,2,4,-0.32129604,-1.545614956,0
474,24.11.06,628.7,0,0.0796,1.1269,-0.0483,0.145,-0.3052,-0.2084,-0.0641,11,2,4,3.491941159,1.823089105,0
475,28.11.06,637.2,1.352,0,0.0796,1.1269,-0.0483,0.145,-0.3052,-0.2084,11,2,4,1.00111407,1.110746,0
476,29.11.06,635.5,-0.2668,1.352,0,0.0796,1.1269,-0.0483,0.145,-0.3052,11,2,4,-0.396475046,2.410226866,0
477,30.11.06,646.9,1.7939,-0.2668,1.352,0,0.0796,1.1269,-0.0483,0.145,11,2,4,2.646323208,1.072689711,2
478,1.12.06,644.7,-0.3401,1.7939,-0.2668,1.352,0,0.0796,1.1269,-0.0483,12,2,4,0.581683112,0.475208668,0
479,4.12.06,645.2,0.0776,-0.3401,1.7939,-0.2668,1.352,0,0.0796,1.1269,12,2,4,0.392691039,-1.560778297,0
480,5.12.06,642.3,-0.4495,0.0776,-0.3401,1.7939,-0.2668,1.352,0,0.0796,12,2,4,-1.53616105,-0.016012687,0
481,6.12.06,630.5,-1.8371,-0.4495,0.0776,-0.3401,1.7939,-0.2668,1.352,0,12,2,4,-1.661253098,-0.384433249,0
482,7.12.06,631.9,0.222,-1.8371,-0.4495,0.0776,-0.3401,1.7939,-0.2668,1.352,12,2,4,1.806832861,0.482397585,0
483,8.12.06,626.1,-0.9179,0.222,-1.8371,-0.4495,0.0776,-0.3401,1.7939,-0.2668,12,2,4,-1.024458536,-0.736122398,0
484,11.12.06,630,0.6229,-0.9179,0.222,-1.8371,-0.4495,0.0776,-0.3401,1.7939,12,2,4,0.954883884,-1.305815854,0
485,12.12.06,627,-0.4762,0.6229,-0.9179,0.222,-1.8371,-0.4495,0.0776,-0.3401,12,2,4,-0.267152744,-0.326691864,0
486,13.12.06,627.9,0.1435,-0.4762,0.6229,-0.9179,0.222,-1.8371,-0.4495,0.0776,12,2,4,-0.477810657,0.573579927,0
487,14.12.06,626.6,-0.207,0.1435,-0.4762,0.6229,-0.9179,0.222,-1.8371,-0.4495,12,2,4,0.276424729,1.857584177,0
488,15.12.06,615,-1.8513,-0.207,0.1435,-0.4762,0.6229,-0.9179,0.222,-1.8371,12,2,4,-6.97859923,1.471767731,0
489,18.12.06,614,-0.1626,-1.8513,-0.207,0.1435,-0.4762,0.6229,-0.9179,0.222,12,2,4,-3.439132702,-1.923382019,0
490,19.12.06,621.6,1.2378,-0.1626,-1.8513,-0.207,0.1435,-0.4762,0.6229,-0.9179,12,2,4,1.51833085,1.511015038,0
491,20.12.06,620.6,-0.1609,1.2378,-0.1626,-1.8513,-0.207,0.1435,-0.4762,0.6229,12,2,4,-0.477322732,0.902612322,0
492,21.12.06,618.2,-0.3867,-0.1609,1.2378,-0.1626,-1.8513,-0.207,0.1435,-0.4762,12,2,4,-1.215031371,-1.663530058,0
493,22.12.06,619.1,0.1456,-0.3867,-0.1609,1.2378,-0.1626,-1.8513,-0.207,0.1435,12,2,4,1.213793289,-0.398978616,0
494,26.12.06,623.7,0.743,0.1456,-0.3867,-0.1609,1.2378,-0.1626,-1.8513,-0.207,12,2,4,0.759508399,-2.099024798,0
495,27.12.06,627.2,0.5612,0.743,0.1456,-0.3867,-0.1609,1.2378,-0.1626,-1.8513,12,2,4,1.586929841,-1.243859804,0
496,28.12.06,634.1,1.1001,0.5612,0.743,0.1456,-0.3867,-0.1609,1.2378,-0.1626,12,2,4,0.156209509,0.314880057,0
497,29.12.06,635.2,0.1735,1.1001,0.5612,0.743,0.1456,-0.3867,-0.1609,1.2378,12,2,4,-0.038993328,0.859078917,0
498,2.1.07,635.2,0,0.1735,1.1001,0.5612,0.743,0.1456,-0.3867,-0.1609,1,1,1,0,0,0
499,3.1.07,627.1,-1.2752,0,0.1735,1.1001,0.5612,0.743,0.1456,-0.3867,1,1,1,-2.051798548,-4.471743778,0
500,4.1.07,623.9,-0.5103,-1.2752,0,0.1735,1.1001,0.5612,0.743,0.1456,1,1,1,1.369971542,-4.681069198,0
501,5.1.07,604.9,-3.0454,-0.5103,-1.2752,0,0.1735,1.1001,0.5612,0.743,1,1,1,-4.690815675,1.29519917,1
502,8.1.07,607.5,0.4298,-3.0454,-0.5103,-1.2752,0,0.1735,1.1001,0.5612,1,1,1,1.071723934,-0.390696529,1
503,9.1.07,613.1,0.9218,0.4298,-3.0454,-0.5103,-1.2752,0,0.1735,1.1001,1,1,1,1.94127171,-0.802283405,1
504,10.1.07,611.6,-0.2447,0.9218,0.4298,-3.0454,-0.5103,-1.2752,0,0.1735,1,1,1,-1.184187564,-2.911572519,1
505,11.1.07,612.4,0.1308,-0.2447,0.9218,0.4298,-3.0454,-0.5103,-1.2752,0,1,1,1,0.202426055,-3.961494579,1
506,12.1.07,625.5,2.1391,0.1308,-0.2447,0.9218,0.4298,-3.0454,-0.5103,-1.2752,1,1,1,3.418184531,2.139553947,1
507,16.1.07,624.6,-0.1439,2.1391,0.1308,-0.2447,0.9218,0.4298,-3.0454,-0.5103,1,1,1,-2.015942859,-3.359129152,1
508,17.1.07,632.1,1.2008,-0.1439,2.1391,0.1308,-0.2447,0.9218,0.4298,-3.0454,1,1,1,2.177031613,2.011331014,0
509,18.1.07,627.1,-0.791,1.2008,-0.1439,2.1391,0.1308,-0.2447,0.9218,0.4298,1,1,1,-1.599937002,-3.369069831,1
510,19.1.07,635.5,1.3395,-0.791,1.2008,-0.1439,2.1391,0.1308,-0.2447,0.9218,1,1,1,1.879762604,2.991287936,1
511,22.1.07,633.3,-0.3462,1.3395,-0.791,1.2008,-0.1439,2.1391,0.1308,-0.2447,1,1,1,0.622809825,-1.654165383,1
512,23.1.07,645.2,1.8791,-0.3462,1.3395,-0.791,1.2008,-0.1439,2.1391,0.1308,1,1,1,2.011607157,7.647173412,0
513,24.1.07,647.6,0.372,1.8791,-0.3462,1.3395,-0.791,1.2008,-0.1439,2.1391,1,1,1,0.121348453,0.59956034,0
514,25.1.07,647.8,0.0309,0.372,1.8791,-0.3462,1.3395,-0.791,1.2008,-0.1439,1,1,1,1.674113432,-2.058875585,0
515,26.1.07,644.5,-0.5094,0.0309,0.372,1.8791,-0.3462,1.3395,-0.791,1.2008,1,1,1,-0.834447268,2.194354853,0
516,29.1.07,643.1,-0.2172,-0.5094,0.0309,0.372,1.8791,-0.3462,1.3395,-0.791,1,1,1,-0.901584038,-2.544207676,0
517,30.1.07,644.2,0.1711,-0.2172,-0.5094,0.0309,0.372,1.8791,-0.3462,1.3395,1,1,1,0.97801871,5.480472118,1
518,31.1.07,652,1.2108,0.1711,-0.2172,-0.5094,0.0309,0.372,1.8791,-0.3462,1,1,1,1.464071561,2.053709222,1
519,1.2.07,657.4,0.8282,1.2108,0.1711,-0.2172,-0.5094,0.0309,0.372,1.8791,2,1,1,1.169157859,-1.444788719,0
520,2.2.07,646.2,-1.7037,0.8282,1.2108,0.1711,-0.2172,-0.5094,0.0309,0.372,2,1,1,-2.523407466,3.001747371,1
521,5.2.07,650.9,0.7273,-1.7037,0.8282,1.2108,0.1711,-0.2172,-0.5094,0.0309,2,1,1,1.410675199,-0.47441338,1
522,6.2.07,653.6,0.4148,0.7273,-1.7037,0.8282,1.2108,0.1711,-0.2172,-0.5094,2,1,1,0.850904685,0.238337395,0
523,7.2.07,652.3,-0.1989,0.4148,0.7273,-1.7037,0.8282,1.2108,0.1711,-0.2172,2,1,1,0.271457829,-1.987095724,0
524,8.2.07,658,0.8738,-0.1989,0.4148,0.7273,-1.7037,0.8282,1.2108,0.1711,2,1,1,0.47560207,3.465603936,0
525,9.2.07,667.5,1.4438,0.8738,-0.1989,0.4148,0.7273,-1.7037,0.8282,1.2108,2,1,1,1.070487586,0.301457558,2
526,12.2.07,662.6,-0.7341,1.4438,0.8738,-0.1989,0.4148,0.7273,-1.7037,0.8282,2,1,1,-1.441024666,-3.473030619,0
527,13.2.07,663.9,0.1962,-0.7341,1.4438,0.8738,-0.1989,0.4148,0.7273,-1.7037,2,1,1,1.476713691,2.162255614,0
528,14.2.07,667.4,0.5272,0.1962,-0.7341,1.4438,0.8738,-0.1989,0.4148,0.7273,2,1,1,0.374613122,-1.794787248,0
529,15.2.07,667.3,-0.015,0.5272,0.1962,-0.7341,1.4438,0.8738,-0.1989,0.4148,2,1,1,0.050240219,-0.017238485,0
530,16.2.07,668.8,0.2248,-0.015,0.5272,0.1962,-0.7341,1.4438,0.8738,-0.1989,2,1,1,0.215212967,2.41420533,0
531,20.2.07,657.1,-1.7494,0.2248,-0.015,0.5272,0.1962,-0.7341,1.4438,0.8738,2,1,1,-1.130994913,-2.222595906,0
532,21.2.07,680.2,3.5155,-1.7494,0.2248,-0.015,0.5272,0.1962,-0.7341,1.4438,2,1,1,3.22907682,3.444119185,2
533,22.2.07,679.4,-0.1176,3.5155,-1.7494,0.2248,-0.015,0.5272,0.1962,-0.7341,2,1,1,-0.119232697,1.464959335,2
534,23.2.07,683.1,0.5446,-0.1176,3.5155,-1.7494,0.2248,-0.015,0.5272,0.1962,2,1,1,2.44364559,0.31172867,2
535,26.2.07,686.5,0.4977,0.5446,-0.1176,3.5155,-1.7494,0.2248,-0.015,0.5272,2,1,1,0.692301281,0.408897616,2
536,27.2.07,683.9,-0.3787,0.4977,0.5446,-0.1176,3.5155,-1.7494,0.2248,-0.015,2,1,1,-0.987062684,0.11402459,0
537,28.2.07,669.4,-2.1202,-0.3787,0.4977,0.5446,-0.1176,3.5155,-1.7494,0.2248,2,1,1,-3.059468494,0.536937579,0
538,1.3.07,662.3,-1.0607,-2.1202,-0.3787,0.4977,0.5446,-0.1176,3.5155,-1.7494,3,1,1,-4.042557681,0.339859332,0
539,2.3.07,641.5,-3.1406,-1.0607,-2.1202,-0.3787,0.4977,0.5446,-0.1176,3.5155,3,1,1,-5.062819508,-0.580646146,0
540,5.3.07,636.7,-0.7482,-3.1406,-1.0607,-2.1202,-0.3787,0.4977,0.5446,-0.1176,3,1,1,-1.595951105,-2.547046902,1
541,6.3.07,643.8,1.1151,-0.7482,-3.1406,-1.0607,-2.1202,-0.3787,0.4977,0.5446,3,1,1,1.874996086,1.03212741,0
542,7.3.07,650.6,1.0562,1.1151,-0.7482,-3.1406,-1.0607,-2.1202,-0.3787,0.4977,3,1,1,0.955192563,1.861923041,0
543,8.3.07,653.4,0.4304,1.0562,1.1151,-0.7482,-3.1406,-1.0607,-2.1202,-0.3787,3,1,1,0.130770757,-0.291168402,0
544,9.3.07,650,-0.5204,0.4304,1.0562,1.1151,-0.7482,-3.1406,-1.0607,-2.1202,3,1,1,-1.12929485,-2.579494108,0
545,12.3.07,648.4,-0.2462,-0.5204,0.4304,1.0562,1.1151,-0.7482,-3.1406,-1.0607,3,1,1,0.893549123,-1.898416993,0
546,13.3.07,647.6,-0.1234,-0.2462,-0.5204,0.4304,1.0562,1.1151,-0.7482,-3.1406,3,1,1,-0.939543657,-1.663553802,0
547,14.3.07,640.9,-1.0346,-0.1234,-0.2462,-0.5204,0.4304,1.0562,1.1151,-0.7482,3,1,1,-0.956232183,0.397030107,1
548,15.3.07,645.7,0.7489,-1.0346,-0.1234,-0.2462,-0.5204,0.4304,1.0562,1.1151,3,1,1,1.938780995,-1.048831864,1
549,16.3.07,652.6,1.0686,0.7489,-1.0346,-0.1234,-0.2462,-0.5204,0.4304,1.0562,3,1,1,1.07799634,-0.764550187,0
550,19.3.07,653.1,0.0766,1.0686,0.7489,-1.0346,-0.1234,-0.2462,-0.5204,0.4304,3,1,1,0.152361225,-0.910524343,0
551,20.3.07,657.9,0.735,0.0766,1.0686,0.7489,-1.0346,-0.1234,-0.2462,-0.5204,3,1,1,1.049665561,0.247392453,0
552,21.3.07,659,0.1672,0.735,0.0766,1.0686,0.7489,-1.0346,-0.1234,-0.2462,3,1,1,-0.3613051,5.07668093,0
553,22.3.07,663.4,0.6677,0.1672,0.735,0.0766,1.0686,0.7489,-1.0346,-0.1234,3,1,1,1.254056106,3.489344062,0
554,23.3.07,656.7,-1.01,0.6677,0.1672,0.735,0.0766,1.0686,0.7489,-1.0346,3,1,1,-1.872710982,0.956395146,1
555,26.3.07,663.4,1.0203,-1.01,0.6677,0.1672,0.735,0.0766,1.0686,0.7489,3,1,1,1.429438255,1.011562428,0
556,27.3.07,662.1,-0.196,1.0203,-1.01,0.6677,0.1672,0.735,0.0766,1.0686,3,1,1,-0.97451359,0.031792176,1
557,28.3.07,666.5,0.6646,-0.196,1.0203,-1.01,0.6677,0.1672,0.735,0.0766,3,1,1,1.339894362,1.827429716,0
558,29.3.07,661.5,-0.7502,0.6646,-0.196,1.0203,-1.01,0.6677,0.1672,0.735,3,1,1,-0.814224287,3.043066312,1
559,30.3.07,663,0.2268,-0.7502,0.6646,-0.196,1.0203,-1.01,0.6677,0.1672,3,1,1,0.84350404,-0.242308096,1
560,2.4.07,665.7,0.4072,0.2268,-0.7502,0.6646,-0.196,1.0203,-1.01,0.6677,4,1,2,-0.724422103,0.106269458,0
561,3.4.07,664,-0.2554,0.4072,0.2268,-0.7502,0.6646,-0.196,1.0203,-1.01,4,1,2,0.616864345,-1.971493788,0
562,4.4.07,672.1,1.2199,-0.2554,0.4072,0.2268,-0.7502,0.6646,-0.196,1.0203,4,1,2,1.457941644,-0.402231031,0
563,5.4.07,674.2,0.3125,1.2199,-0.2554,0.4072,0.2268,-0.7502,0.6646,-0.196,4,1,2,0.913784467,-0.155325378,0
564,9.4.07,671.9,-0.3411,0.3125,1.2199,-0.2554,0.4072,0.2268,-0.7502,0.6646,4,1,2,0.525774416,-4.309272729,0
565,10.4.07,676.5,0.6846,-0.3411,0.3125,1.2199,-0.2554,0.4072,0.2268,-0.7502,4,1,2,0.886239593,0.617787479,0
566,11.4.07,676.8,0.0443,0.6846,-0.3411,0.3125,1.2199,-0.2554,0.4072,0.2268,4,1,2,-0.273611423,0.193890666,0
567,12.4.07,675.1,-0.2512,0.0443,0.6846,-0.3411,0.3125,1.2199,-0.2554,0.4072,4,1,2,-0.21661145,2.967263671,0
568,13.4.07,685.4,1.5257,-0.2512,0.0443,0.6846,-0.3411,0.3125,1.2199,-0.2554,4,1,2,1.722141254,-0.344553502,0
569,16.4.07,690.1,0.6857,1.5257,-0.2512,0.0443,0.6846,-0.3411,0.3125,1.2199,4,1,2,-0.056902976,-0.031432433,0
570,17.4.07,688.2,-0.2753,0.6857,1.5257,-0.2512,0.0443,0.6846,-0.3411,0.3125,4,1,2,-0.412815401,-0.80176408,0
571,18.4.07,689.1,0.1308,-0.2753,0.6857,1.5257,-0.2512,0.0443,0.6846,-0.3411,4,1,2,-0.307313241,0.047547694,0
572,19.4.07,684.3,-0.6966,0.1308,-0.2753,0.6857,1.5257,-0.2512,0.0443,0.6846,4,1,2,-1.670376008,-2.059241589,0
573,20.4.07,692,1.1252,-0.6966,0.1308,-0.2753,0.6857,1.5257,-0.2512,0.0443,4,1,2,1.618548618,2.506872378,0
574,23.4.07,690.6,-0.2023,1.1252,-0.6966,0.1308,-0.2753,0.6857,1.5257,-0.2512,4,1,2,0.681591827,3.960237108,0
575,24.4.07,684.2,-0.9267,-0.2023,1.1252,-0.6966,0.1308,-0.2753,0.6857,1.5257,4,1,2,-1.881279406,-1.988158401,0
576,25.4.07,684.1,-0.0146,-0.9267,-0.2023,1.1252,-0.6966,0.1308,-0.2753,0.6857,4,1,2,-0.123467197,1.951059881,0
577,26.4.07,674.9,-1.3448,-0.0146,-0.9267,-0.2023,1.1252,-0.6966,0.1308,-0.2753,4,1,2,-3.141362455,-1.18468837,0
578,27.4.07,678.7,0.563,-1.3448,-0.0146,-0.9267,-0.2023,1.1252,-0.6966,0.1308,4,1,2,0.923424533,2.151862248,0
579,30.4.07,680.5,0.2652,0.563,-1.3448,-0.0146,-0.9267,-0.2023,1.1252,-0.6966,4,1,2,0.014876553,-1.12849836,0
580,1.5.07,674.4,-0.8964,0.2652,0.563,-1.3448,-0.0146,-0.9267,-0.2023,1.1252,5,1,2,-1.487540452,-1.993604591,0
581,2.5.07,672.3,-0.3114,-0.8964,0.2652,0.563,-1.3448,-0.0146,-0.9267,-0.2023,5,1,2,-0.234051624,-1.118014291,0
582,3.5.07,681.8,1.4131,-0.3114,-0.8964,0.2652,0.563,-1.3448,-0.0146,-0.9267,5,1,2,1.354623159,-0.769474994,2
583,4.5.07,687.2,0.792,1.4131,-0.3114,-0.8964,0.2652,0.563,-1.3448,-0.0146,5,1,2,0.164267254,-1.993983777,2
584,7.5.07,688,0.1164,0.792,1.4131,-0.3114,-0.8964,0.2652,0.563,-1.3448,5,1,2,0.834889793,-0.742772618,2
585,8.5.07,685.1,-0.4215,0.1164,0.792,1.4131,-0.3114,-0.8964,0.2652,0.563,5,1,2,-0.280920423,1.285175021,2
586,9.5.07,680.3,-0.7006,-0.4215,0.1164,0.792,1.4131,-0.3114,-0.8964,0.2652,5,1,2,-0.948923244,-1.140377616,0
587,10.5.07,665.1,-2.2343,-0.7006,-0.4215,0.1164,0.792,1.4131,-0.3114,-0.8964,5,1,2,-2.402515513,0.422424272,0
588,11.5.07,670.6,0.8269,-2.2343,-0.7006,-0.4215,0.1164,0.792,1.4131,-0.3114,5,1,2,1.30368157,0.905998295,0
589,14.5.07,668.5,-0.3131,0.8269,-2.2343,-0.7006,-0.4215,0.1164,0.792,1.4131,5,1,2,-0.51476033,0.144300391,0
590,15.5.07,673,0.6731,-0.3131,0.8269,-2.2343,-0.7006,-0.4215,0.1164,0.792,5,1,2,0.639169324,1.136726056,0
591,16.5.07,660.2,-1.9019,0.6731,-0.3131,0.8269,-2.2343,-0.7006,-0.4215,0.1164,5,1,2,-2.895806934,-0.981476888,0
592,17.5.07,656.2,-0.6059,-1.9019,0.6731,-0.3131,0.8269,-2.2343,-0.7006,-0.4215,5,1,2,-0.288099782,3.693047804,0
593,18.5.07,661,0.7315,-0.6059,-1.9019,0.6731,-0.3131,0.8269,-2.2343,-0.7006,5,1,2,0.937059877,0.123345406,0
594,21.5.07,662.9,0.2874,0.7315,-0.6059,-1.9019,0.6731,-0.3131,0.8269,-2.2343,5,1,2,1.013465283,2.048035343,0
595,22.5.07,659.1,-0.5732,0.2874,0.7315,-0.6059,-1.9019,0.6731,-0.3131,0.8269,5,1,2,-1.056908069,-1.96166514,0
596,23.5.07,661.9,0.4248,-0.5732,0.2874,0.7315,-0.6059,-1.9019,0.6731,-0.3131,5,1,2,0.897903696,1.231330471,0
597,24.5.07,653,-1.3446,0.4248,-0.5732,0.2874,0.7315,-0.6059,-1.9019,0.6731,5,1,2,-1.403909575,-2.41751014,0
598,25.5.07,655.1,0.3216,-1.3446,0.4248,-0.5732,0.2874,0.7315,-0.6059,-1.9019,5,1,2,0.645815294,1.589274912,0
599,29.5.07,657.1,0.3053,0.3216,-1.3446,0.4248,-0.5732,0.2874,0.7315,-0.6059,5,1,2,1.72400128,-3.144164905,0
600,30.5.07,653.1,-0.6087,0.3053,0.3216,-1.3446,0.4248,-0.5732,0.2874,0.7315,5,1,2,-0.022801789,0.538400862,0
601,31.5.07,661,1.2096,-0.6087,0.3053,0.3216,-1.3446,0.4248,-0.5732,0.2874,5,1,2,1.930829866,0.819027318,0
602,1.6.07,671.2,1.5431,1.2096,-0.6087,0.3053,0.3216,-1.3446,0.4248,-0.5732,6,1,2,2.028483489,1.671613278,0
603,4.6.07,670.7,-0.0745,1.5431,1.2096,-0.6087,0.3053,0.3216,-1.3446,0.4248,6,1,2,0.036547873,1.736320254,0
604,5.6.07,669.6,-0.164,-0.0745,1.5431,1.2096,-0.6087,0.3053,0.3216,-1.3446,6,1,2,0.518779043,-0.906205229,2
605,6.6.07,669.3,-0.0448,-0.164,-0.0745,1.5431,1.2096,-0.6087,0.3053,0.3216,6,1,2,-0.676022477,0.533452935,2
606,7.6.07,660.1,-1.3746,-0.0448,-0.164,-0.0745,1.5431,1.2096,-0.6087,0.3053,6,1,2,-1.675930513,1.470590106,0
607,8.6.07,645.5,-2.2118,-1.3746,-0.0448,-0.164,-0.0745,1.5431,1.2096,-0.6087,6,1,2,-3.245260963,-3.242190586,0
608,11.6.07,654.3,1.3633,-2.2118,-1.3746,-0.0448,-0.164,-0.0745,1.5431,1.2096,6,1,2,1.830916818,1.868435832,0
609,12.6.07,648.5,-0.8864,1.3633,-2.2118,-1.3746,-0.0448,-0.164,-0.0745,1.5431,6,1,2,-1.374935059,-0.939825277,0
610,13.6.07,648.2,-0.0463,-0.8864,1.3633,-2.2118,-1.3746,-0.0448,-0.164,-0.0745,6,1,2,-0.214476272,1.392507549,0
611,14.6.07,651.6,0.5245,-0.0463,-0.8864,1.3633,-2.2118,-1.3746,-0.0448,-0.164,6,1,2,0.829045813,2.09779557,0
612,15.6.07,654.5,0.4451,0.5245,-0.0463,-0.8864,1.3633,-2.2118,-1.3746,-0.0448,6,1,2,0.753711271,0.517366543,0
613,18.6.07,655.8,0.1986,0.4451,0.5245,-0.0463,-0.8864,1.3633,-2.2118,-1.3746,6,1,2,-0.173792981,1.602935791,0
614,19.6.07,660.7,0.7472,0.1986,0.4451,0.5245,-0.0463,-0.8864,1.3633,-2.2118,6,1,2,0.696389407,0.014476967,0
615,20.6.07,656.1,-0.6962,0.7472,0.1986,0.4451,0.5245,-0.0463,-0.8864,1.3633,6,1,2,-0.563788321,-1.31692627,0
616,21.6.07,650.6,-0.8383,-0.6962,0.7472,0.1986,0.4451,0.5245,-0.0463,-0.8864,6,1,2,-1.15663654,0.67458435,0
617,22.6.07,653.5,0.4457,-0.8383,-0.6962,0.7472,0.1986,0.4451,0.5245,-0.0463,6,1,2,-0.512423988,0.713762349,0
618,25.6.07,651.3,-0.3367,0.4457,-0.8383,-0.6962,0.7472,0.1986,0.4451,0.5245,6,1,2,-1.09163741,0.057854955,0
619,26.6.07,642.1,-1.4126,-0.3367,0.4457,-0.8383,-0.6962,0.7472,0.1986,0.4451,6,1,2,-4.632362114,-2.038166603,1
620,27.6.07,641.7,-0.0623,-1.4126,-0.3367,0.4457,-0.8383,-0.6962,0.7472,0.1986,6,1,2,-0.489000957,1.77070184,1
621,28.6.07,647.5,0.9038,-0.0623,-1.4126,-0.3367,0.4457,-0.8383,-0.6962,0.7472,6,1,2,1.384108693,0.869941226,1
622,29.6.07,648.1,0.0927,0.9038,-0.0623,-1.4126,-0.3367,0.4457,-0.8383,-0.6962,6,1,2,-0.21003331,1.595516193,1
623,2.7.07,656.5,1.2961,0.0927,0.9038,-0.0623,-1.4126,-0.3367,0.4457,-0.8383,7,2,3,2.177609166,0.580073615,1
624,3.7.07,652.9,-0.5484,1.2961,0.0927,0.9038,-0.0623,-1.4126,-0.3367,0.4457,7,2,3,-0.419897778,0.450143959,0
625,5.7.07,648.4,-0.6892,-0.5484,1.2961,0.0927,0.9038,-0.0623,-1.4126,-0.3367,7,2,3,-0.795611262,0.560137062,0
626,6.7.07,652.7,0.6632,-0.6892,-0.5484,1.2961,0.0927,0.9038,-0.0623,-1.4126,7,2,3,1.43555941,1.392563757,0
627,9.7.07,660.5,1.195,0.6632,-0.6892,-0.5484,1.2961,0.0927,0.9038,-0.0623,7,2,3,0.521821521,-0.851524705,0
628,10.7.07,662.5,0.3028,1.195,0.6632,-0.6892,-0.5484,1.2961,0.0927,0.9038,7,2,3,1.203396893,0.858837922,0
629,11.7.07,660.3,-0.3321,0.3028,1.195,0.6632,-0.6892,-0.5484,1.2961,0.0927,7,2,3,0.015549924,-0.34335944,0
630,12.7.07,666.7,0.9693,-0.3321,0.3028,1.195,0.6632,-0.6892,-0.5484,1.2961,7,2,3,1.624054913,-0.082686826,0
631,13.7.07,665.8,-0.135,0.9693,-0.3321,0.3028,1.195,0.6632,-0.6892,-0.5484,7,2,3,-0.512313723,1.972414214,0
632,16.7.07,665,-0.1202,-0.135,0.9693,-0.3321,0.3028,1.195,0.6632,-0.6892,7,2,3,-0.330483965,0.297580441,0
633,17.7.07,664.7,-0.0451,-0.1202,-0.135,0.9693,-0.3321,0.3028,1.195,0.6632,7,2,3,-0.347008597,-0.175326878,0
634,18.7.07,672.6,1.1885,-0.0451,-0.1202,-0.135,0.9693,-0.3321,0.3028,1.195,7,2,3,2.12798585,1.391524528,0
635,19.7.07,677.2,0.6839,1.1885,-0.0451,-0.1202,-0.135,0.9693,-0.3321,0.3028,7,2,3,0.659189979,1.159220629,0
636,20.7.07,683.9,0.9894,0.6839,1.1885,-0.0451,-0.1202,-0.135,0.9693,-0.3321,7,2,3,0.225816585,-0.461009592,0
637,23.7.07,680.8,-0.4533,0.9894,0.6839,1.1885,-0.0451,-0.1202,-0.135,0.9693,7,2,3,-0.533226795,-0.899828382,0
638,24.7.07,684.2,0.4994,-0.4533,0.9894,0.6839,1.1885,-0.0451,-0.1202,-0.135,7,2,3,0.868315972,-1.775940502,0
639,25.7.07,673.3,-1.5931,0.4994,-0.4533,0.9894,0.6839,1.1885,-0.0451,-0.1202,7,2,3,-2.178309467,3.153887672,0
640,26.7.07,662.5,-1.604,-1.5931,0.4994,-0.4533,0.9894,0.6839,1.1885,-0.0451,7,2,3,-1.453930079,-1.225619846,0
641,27.7.07,660,-0.3774,-1.604,-1.5931,0.4994,-0.4533,0.9894,0.6839,1.1885,7,2,3,-1.824822221,2.761840933,0
642,30.7.07,664.1,0.6212,-0.3774,-1.604,-1.5931,0.4994,-0.4533,0.9894,0.6839,7,2,3,1.510717314,-0.246682446,0
643,31.7.07,666.9,0.4216,0.6212,-0.3774,-1.604,-1.5931,0.4994,-0.4533,0.9894,7,2,3,0.903850544,1.796169752,0
644,1.8.07,663.6,-0.4948,0.4216,0.6212,-0.3774,-1.604,-1.5931,0.4994,-0.4533,8,2,3,-0.478766607,-2.148063323,0
645,2.8.07,664.6,0.1507,-0.4948,0.4216,0.6212,-0.3774,-1.604,-1.5931,0.4994,8,2,3,0.364687203,0.431205849,0
646,3.8.07,672.5,1.1887,0.1507,-0.4948,0.4216,0.6212,-0.3774,-1.604,-1.5931,8,2,3,1.275608477,-1.7954687,0
647,6.8.07,671.5,-0.1487,1.1887,0.1507,-0.4948,0.4216,0.6212,-0.3774,-1.604,8,2,3,-0.938932377,-4.53100907,0
648,7.8.07,670.6,-0.134,-0.1487,1.1887,0.1507,-0.4948,0.4216,0.6212,-0.3774,8,2,3,0.493181232,0.499584544,0
649,8.8.07,674.5,0.5816,-0.134,-0.1487,1.1887,0.1507,-0.4948,0.4216,0.6212,8,2,3,0.590442927,-0.37282056,0
650,9.8.07,661.4,-1.9422,0.5816,-0.134,-0.1487,1.1887,0.1507,-0.4948,0.4216,8,2,3,-3.529503708,-0.77616795,0
651,10.8.07,670.3,1.3456,-1.9422,0.5816,-0.134,-0.1487,1.1887,0.1507,-0.4948,8,2,3,1.343343184,-0.167614364,0
652,13.8.07,669.7,-0.0895,1.3456,-1.9422,0.5816,-0.134,-0.1487,1.1887,0.1507,8,2,3,-0.101360895,0.209880402,0
653,14.8.07,668.6,-0.1643,-0.0895,1.3456,-1.9422,0.5816,-0.134,-0.1487,1.1887,8,2,3,-0.81954803,1.061148391,0
654,15.8.07,668.9,0.0449,-0.1643,-0.0895,1.3456,-1.9422,0.5816,-0.134,-0.1487,8,2,3,-1.487370213,1.312523644,0
655,16.8.07,648.3,-3.0797,0.0449,-0.1643,-0.0895,1.3456,-1.9422,0.5816,-0.134,8,2,3,-8.411883096,-3.177419573,1
656,17.8.07,656.9,1.3266,-3.0797,0.0449,-0.1643,-0.0895,1.3456,-1.9422,0.5816,8,2,3,2.677716146,1.380286418,1
657,20.8.07,656.7,-0.0304,1.3266,-3.0797,0.0449,-0.1643,-0.0895,1.3456,-1.9422,8,2,3,-0.53517395,-1.194777119,1
658,21.8.07,656.7,0,-0.0304,1.3266,-3.0797,0.0449,-0.1643,-0.0895,1.3456,8,2,3,-1.87889077,-2.320024553,1
659,22.8.07,659.1,0.3655,0,-0.0304,1.3266,-3.0797,0.0449,-0.1643,-0.0895,8,2,3,0.49611981,-0.302287435,1
660,23.8.07,658.9,-0.0303,0.3655,0,-0.0304,1.3266,-3.0797,0.0449,-0.1643,8,2,3,0.666903007,0.822985384,1
661,24.8.07,668,1.3811,-0.0303,0.3655,0,-0.0304,1.3266,-3.0797,0.0449,8,2,3,2.598296843,1.804374157,1
662,27.8.07,666.8,-0.1796,1.3811,-0.0303,0.3655,0,-0.0304,1.3266,-3.0797,8,2,3,-1.450736544,1.237874424,1
663,28.8.07,664.4,-0.3599,-0.1796,1.3811,-0.0303,0.3655,0,-0.0304,1.3266,8,2,3,0.017017147,-0.333469306,1
664,29.8.07,666.3,0.286,-0.3599,-0.1796,1.3811,-0.0303,0.3655,0,-0.0304,8,2,3,0.706144165,2.481526134,1
665,30.8.07,665,-0.1951,0.286,-0.3599,-0.1796,1.3811,-0.0303,0.3655,0,8,2,3,-0.388607987,-0.20405594,1
666,31.8.07,673,1.203,-0.1951,0.286,-0.3599,-0.1796,1.3811,-0.0303,0.3655,8,2,3,2.306838696,0.926936068,1
667,4.9.07,682.5,1.4116,1.203,-0.1951,0.286,-0.3599,-0.1796,1.3811,-0.0303,9,2,3,1.807182433,1.404647356,1
668,5.9.07,681.7,-0.1172,1.4116,1.203,-0.1951,0.286,-0.3599,-0.1796,1.3811,9,2,3,-0.740986531,0.865745218,1
669,6.9.07,695.6,2.039,-0.1172,1.4116,1.203,-0.1951,0.286,-0.3599,-0.1796,9,2,3,1.435604567,0.752673537,1
670,7.9.07,700.8,0.7476,2.039,-0.1172,1.4116,1.203,-0.1951,0.286,-0.3599,9,2,3,1.835828878,0.524238375,1
671,10.9.07,703.3,0.3567,0.7476,2.039,-0.1172,1.4116,1.203,-0.1951,0.286,9,2,3,-0.476496344,1.029988197,1
672,11.9.07,712.2,1.2655,0.3567,0.7476,2.039,-0.1172,1.4116,1.203,-0.1951,9,2,3,1.077244122,0.954969046,0
673,12.9.07,711.9,-0.0421,1.2655,0.3567,0.7476,2.039,-0.1172,1.4116,1.203,9,2,3,-0.331568781,2.147514039,0
674,13.9.07,709.5,-0.3371,-0.0421,1.2655,0.3567,0.7476,2.039,-0.1172,1.4116,9,2,3,-0.879208404,0.225244234,0
675,14.9.07,709.6,0.0141,-0.3371,-0.0421,1.2655,0.3567,0.7476,2.039,-0.1172,9,2,3,0.239729368,-1.236106766,1
676,17.9.07,715.8,0.8737,0.0141,-0.3371,-0.0421,1.2655,0.3567,0.7476,2.039,9,2,3,1.554533272,1.858408659,0
677,18.9.07,715.8,0,0.8737,0.0141,-0.3371,-0.0421,1.2655,0.3567,0.7476,9,2,3,0.219796509,1.166690387,0
678,19.9.07,722,0.8662,0,0.8737,0.0141,-0.3371,-0.0421,1.2655,0.3567,9,2,3,1.480380095,0.51527194,0
679,20.9.07,732.4,1.4404,0.8662,0,0.8737,0.0141,-0.3371,-0.0421,1.2655,9,2,3,2.817225701,1.696569492,0
680,21.9.07,731.4,-0.1365,1.4404,0.8662,0,0.8737,0.0141,-0.3371,-0.0421,9,2,3,1.148561495,-2.040322797,0
681,24.9.07,732.1,0.0957,-0.1365,1.4404,0.8662,0,0.8737,0.0141,-0.3371,9,2,3,0.170697369,-0.820884312,0
682,25.9.07,731.6,-0.0683,0.0957,-0.1365,1.4404,0.8662,0,0.8737,0.0141,9,2,3,-0.111131288,-1.754167044,0
683,26.9.07,728.3,-0.4511,-0.0683,0.0957,-0.1365,1.4404,0.8662,0,0.8737,9,2,3,-0.489541485,0.968193492,1
684,27.9.07,732.7,0.6042,-0.4511,-0.0683,0.0957,-0.1365,1.4404,0.8662,0,9,2,3,0.752831167,3.212944089,1
685,28.9.07,742.8,1.3785,0.6042,-0.4511,-0.0683,0.0957,-0.1365,1.4404,0.8662,9,2,3,2.049267363,-1.472000038,0
686,1.10.07,747.2,0.5924,1.3785,0.6042,-0.4511,-0.0683,0.0957,-0.1365,1.4404,10,2,4,-0.47121634,-1.738924485,0
687,2.10.07,729.8,-2.3287,0.5924,1.3785,0.6042,-0.4511,-0.0683,0.0957,-0.1365,10,2,4,-2.928111476,-0.236783172,1
688,3.10.07,729.3,-0.0685,-2.3287,0.5924,1.3785,0.6042,-0.4511,-0.0683,0.0957,10,2,4,0.165080764,-0.137414873,1
689,4.10.07,737.8,1.1655,-0.0685,-2.3287,0.5924,1.3785,0.6042,-0.4511,-0.0683,10,2,4,0.299647628,1.876407248,0
690,5.10.07,741.3,0.4744,1.1655,-0.0685,-2.3287,0.5924,1.3785,0.6042,-0.4511,10,2,4,-0.074689887,-0.270139015,1
691,8.10.07,732.8,-1.1466,0.4744,1.1655,-0.0685,-2.3287,0.5924,1.3785,0.6042,10,2,4,-0.964195477,-2.708698036,1
692,9.10.07,737.4,0.6277,-1.1466,0.4744,1.1655,-0.0685,-2.3287,0.5924,1.3785,10,2,4,1.698116087,1.56923,1
693,10.10.07,740.4,0.4068,0.6277,-1.1466,0.4744,1.1655,-0.0685,-2.3287,0.5924,10,2,4,0.645639263,1.295789793,1
694,11.10.07,751.3,1.4722,0.4068,0.6277,-1.1466,0.4744,1.1655,-0.0685,-2.3287,10,2,4,2.366908219,2.189420311,1
695,12.10.07,748.7,-0.3461,1.4722,0.4068,0.6277,-1.1466,0.4744,1.1655,-0.0685,10,2,4,-0.576243763,0.734232784,1
696,15.10.07,757.1,1.1219,-0.3461,1.4722,0.4068,0.6277,-1.1466,0.4744,1.1655,10,2,4,-0.333264357,2.915515284,1
697,16.10.07,757,-0.0132,1.1219,-0.3461,1.4722,0.4068,0.6277,-1.1466,0.4744,10,2,4,-1.417457987,1.718336705,1
698,17.10.07,757.5,0.0661,-0.0132,1.1219,-0.3461,1.4722,0.4068,0.6277,-1.1466,10,2,4,0.693112084,-0.239697618,1
699,18.10.07,764.1,0.8713,0.0661,-0.0132,1.1219,-0.3461,1.4722,0.4068,0.6277,10,2,4,0.402755599,2.368420662,1
700,19.10.07,764,-0.0131,0.8713,0.0661,-0.0132,1.1219,-0.3461,1.4722,0.4068,10,2,4,-1.152359327,-0.972396037,1
701,22.10.07,755.8,-1.0733,-0.0131,0.8713,0.0661,-0.0132,1.1219,-0.3461,1.4722,10,2,4,-0.575518823,-1.173815952,1
702,23.10.07,759,0.4234,-1.0733,-0.0131,0.8713,0.0661,-0.0132,1.1219,-0.3461,10,2,4,0.719845385,-2.615350593,1
703,24.10.07,761.6,0.3426,0.4234,-1.0733,-0.0131,0.8713,0.0661,-0.0132,1.1219,10,2,4,-0.419976484,2.146126308,1
704,25.10.07,767.3,0.7484,0.3426,0.4234,-1.0733,-0.0131,0.8713,0.0661,-0.0132,10,2,4,2.36773723,3.857635671,0
705,26.10.07,783.9,2.1634,0.7484,0.3426,0.4234,-1.0733,-0.0131,0.8713,0.0661,10,2,4,2.72497184,1.547647071,0
706,29.10.07,789.1,0.6633,2.1634,0.7484,0.3426,0.4234,-1.0733,-0.0131,0.8713,10,2,4,1.076554173,1.817981883,0
707,30.10.07,784.3,-0.6083,0.6633,2.1634,0.7484,0.3426,0.4234,-1.0733,-0.0131,10,2,4,-0.682210751,-3.367905022,0
708,31.10.07,792,0.9818,-0.6083,0.6633,2.1634,0.7484,0.3426,0.4234,-1.0733,10,2,4,0.771007606,4.591725661,0
709,1.11.07,790.7,-0.1641,0.9818,-0.6083,0.6633,2.1634,0.7484,0.3426,0.4234,11,2,4,-0.744240094,-1.10018082,1
710,2.11.07,805.7,1.8971,-0.1641,0.9818,-0.6083,0.6633,2.1634,0.7484,0.3426,11,2,4,1.934120956,2.609907474,0
711,5.11.07,808.1,0.2979,1.8971,-0.1641,0.9818,-0.6083,0.6633,2.1634,0.7484,11,2,4,1.278707755,-2.032729013,0
712,6.11.07,820.8,1.5716,0.2979,1.8971,-0.1641,0.9818,-0.6083,0.6633,2.1634,11,2,4,4.038822286,2.894225893,0
713,7.11.07,831,1.2427,1.5716,0.2979,1.8971,-0.1641,0.9818,-0.6083,0.6633,11,2,4,-0.358839647,-0.341255648,2
714,8.11.07,835.2,0.5054,1.2427,1.5716,0.2979,1.8971,-0.1641,0.9818,-0.6083,11,2,4,1.276844492,-0.944281038,2
715,9.11.07,832.5,-0.3233,0.5054,1.2427,1.5716,0.2979,1.8971,-0.1641,0.9818,11,2,4,0.206889429,0.900901549,2
716,12.11.07,805.8,-3.2072,-0.3233,0.5054,1.2427,1.5716,0.2979,1.8971,-0.1641,11,2,4,-5.032581156,-1.764947003,0
717,13.11.07,797.2,-1.0673,-3.2072,-0.3233,0.5054,1.2427,1.5716,0.2979,1.8971,11,2,4,-1.005501494,-3.646168334,0
718,14.11.07,813,1.9819,-1.0673,-3.2072,-0.3233,0.5054,1.2427,1.5716,0.2979,11,2,4,3.143230938,3.202805997,0
719,15.11.07,785.9,-3.3333,1.9819,-1.0673,-3.2072,-0.3233,0.5054,1.2427,1.5716,11,2,4,-3.839248168,-0.701451864,0
720,16.11.07,785.7,-0.0255,-3.3333,1.9819,-1.0673,-3.2072,-0.3233,0.5054,1.2427,11,2,4,0.214504138,1.787432477,0
721,19.11.07,776.8,-1.1328,-0.0255,-3.3333,1.9819,-1.0673,-3.2072,-0.3233,0.5054,11,2,4,-2.395913325,-0.483700412,1
722,20.11.07,790.3,1.7379,-1.1328,-0.0255,-3.3333,1.9819,-1.0673,-3.2072,-0.3233,11,2,4,2.419354948,3.581994306,0
723,21.11.07,797.6,0.9237,1.7379,-1.1328,-0.0255,-3.3333,1.9819,-1.0673,-3.2072,11,2,4,-0.538748932,-0.754868788,0
724,23.11.07,824,3.3099,0.9237,1.7379,-1.1328,-0.0255,-3.3333,1.9819,-1.0673,11,2,4,2.187503767,0.914790196,0
725,26.11.07,826,0.2427,3.3099,0.9237,1.7379,-1.1328,-0.0255,-3.3333,1.9819,11,2,4,0.693171835,-0.48890136,0
726,27.11.07,813.7,-1.4891,0.2427,3.3099,0.9237,1.7379,-1.1328,-0.0255,-3.3333,11,2,4,-2.314911271,-3.357214823,0
727,28.11.07,800.1,-1.6714,-1.4891,0.2427,3.3099,0.9237,1.7379,-1.1328,-0.0255,11,2,4,-1.0017929,-4.024566295,0
728,29.11.07,795.3,-0.5999,-1.6714,-1.4891,0.2427,3.3099,0.9237,1.7379,-1.1328,11,2,4,-0.642054607,0.430367885,0
729,30.11.07,782.2,-1.6472,-0.5999,-1.6714,-1.4891,0.2427,3.3099,0.9237,1.7379,11,2,4,-1.924563875,-2.527198108,0
730,3.12.07,788.3,0.7798,-1.6472,-0.5999,-1.6714,-1.4891,0.2427,3.3099,0.9237,12,2,4,0.343761233,0.676359464,0
731,4.12.07,801.3,1.6491,0.7798,-1.6472,-0.5999,-1.6714,-1.4891,0.2427,3.3099,12,2,4,1.855686495,-1.108496127,0
732,5.12.07,797.5,-0.4742,1.6491,0.7798,-1.6472,-0.5999,-1.6714,-1.4891,0.2427,12,2,4,-0.007003368,-0.939766569,0
733,6.12.07,801.2,0.464,-0.4742,1.6491,0.7798,-1.6472,-0.5999,-1.6714,-1.4891,12,2,4,1.191304255,3.131792845,1
734,7.12.07,794.4,-0.8487,0.464,-0.4742,1.6491,0.7798,-1.6472,-0.5999,-1.6714,12,2,4,-0.79639733,-2.161148737,1
735,10.12.07,807.7,1.6742,-0.8487,0.464,-0.4742,1.6491,0.7798,-1.6472,-0.5999,12,2,4,2.436300047,-0.475756881,1
736,11.12.07,811.4,0.4581,1.6742,-0.8487,0.464,-0.4742,1.6491,0.7798,-1.6472,12,2,4,0.143109641,2.458452103,1
737,12.12.07,813.5,0.2588,0.4581,1.6742,-0.8487,0.464,-0.4742,1.6491,0.7798,12,2,4,-0.272201175,4.854480015,1
738,13.12.07,799,-1.7824,0.2588,0.4581,1.6742,-0.8487,0.464,-0.4742,1.6491,12,2,4,-3.978165771,-2.267188689,1
739,14.12.07,793.3,-0.7134,-1.7824,0.2588,0.4581,1.6742,-0.8487,0.464,-0.4742,12,2,4,-1.748147698,-1.062334262,1
740,17.12.07,794.8,0.1891,-0.7134,-1.7824,0.2588,0.4581,1.6742,-0.8487,0.464,12,2,4,0,-0.701215529,1
741,18.12.07,803,1.0317,0.1891,-0.7134,-1.7824,0.2588,0.4581,1.6742,-0.8487,12,2,4,1.359754972,-0.154473567,1
742,19.12.07,801.1,-0.2366,1.0317,0.1891,-0.7134,-1.7824,0.2588,0.4581,1.6742,12,2,4,0.421007675,0.828820884,1
743,20.12.07,799.2,-0.2372,-0.2366,1.0317,0.1891,-0.7134,-1.7824,0.2588,0.4581,12,2,4,0.874015102,-0.197282233,1
744,21.12.07,811.6,1.5515,-0.2372,-0.2366,1.0317,0.1891,-0.7134,-1.7824,0.2588,12,2,4,1.056632977,2.470898375,1
745,24.12.07,812.8,0.1479,1.5515,-0.2372,-0.2366,1.0317,0.1891,-0.7134,-1.7824,12,2,4,1.212886822,0.878790822,1
746,26.12.07,826,1.624,0.1479,1.5515,-0.2372,-0.2366,1.0317,0.1891,-0.7134,12,2,4,1.205228867,1.954747712,1
747,27.12.07,828.6,0.3148,1.624,0.1479,1.5515,-0.2372,-0.2366,1.0317,0.1891,12,2,4,-0.11568047,0.677296569,1
748,28.12.07,839.6,1.3275,0.3148,1.624,0.1479,1.5515,-0.2372,-0.2366,1.0317,12,2,4,0.626788424,-0.641691916,1
749,31.12.07,834.9,-0.5598,1.3275,0.3148,1.624,0.1479,1.5515,-0.2372,-0.2366,12,2,4,0.182799409,-0.020829837,1
750,2.1.08,857,2.647,-0.5598,1.3275,0.3148,1.624,0.1479,1.5515,-0.2372,1,1,1,2.500506098,3.792455993,1
751,3.1.08,866.4,1.0969,2.647,-0.5598,1.3275,0.3148,1.624,0.1479,1.5515,1,1,1,1.417552286,-0.441680816,1
752,4.1.08,863.1,-0.3809,1.0969,2.647,-0.5598,1.3275,0.3148,1.624,0.1479,1,1,1,-0.234041424,-1.280496712,1
753,7.1.08,859.6,-0.4055,-0.3809,1.0969,2.647,-0.5598,1.3275,0.3148,1.624,1,1,1,-1.081711297,-2.880203471,1
754,8.1.08,878,2.1405,-0.4055,-0.3809,1.0969,2.647,-0.5598,1.3275,0.3148,1,1,1,3.471669717,1.30403359,1
755,9.1.08,879.5,0.1708,2.1405,-0.4055,-0.3809,1.0969,2.647,-0.5598,1.3275,1,1,1,0.171900602,-0.685148603,1
756,10.1.08,891.7,1.3872,0.1708,2.1405,-0.4055,-0.3809,1.0969,2.647,-0.5598,1,1,1,2.790136799,-2.048708186,0
757,11.1.08,896.1,0.4934,1.3872,0.1708,2.1405,-0.4055,-0.3809,1.0969,2.647,1,1,1,0.618316821,-1.08846084,0
758,14.1.08,901.6,0.6138,0.4934,1.3872,0.1708,2.1405,-0.4055,-0.3809,1.0969,1,1,1,0.319547984,1.629080232,0
759,15.1.08,901,-0.0665,0.6138,0.4934,1.3872,0.1708,2.1405,-0.4055,-0.3809,1,1,1,-0.735074019,-2.441608808,0
760,16.1.08,880.6,-2.2642,-0.0665,0.6138,0.4934,1.3872,0.1708,2.1405,-0.4055,1,1,1,-2.456030641,-1.153433265,0
761,17.1.08,879.5,-0.1249,-2.2642,-0.0665,0.6138,0.4934,1.3872,0.1708,2.1405,1,1,1,0.778137178,-0.781593035,1
762,18.1.08,880.8,0.1478,-0.1249,-2.2642,-0.0665,0.6138,0.4934,1.3872,0.1708,1,1,1,1.305713617,0.488186458,1
763,22.1.08,889.6,0.9991,0.1478,-0.1249,-2.2642,-0.0665,0.6138,0.4934,1.3872,1,1,1,-0.66922666,-0.794966571,0
764,23.1.08,882.5,-0.7981,0.9991,0.1478,-0.1249,-2.2642,-0.0665,0.6138,0.4934,1,1,1,-0.798504391,-3.183083649,0
765,24.1.08,905.5,2.6062,-0.7981,0.9991,0.1478,-0.1249,-2.2642,-0.0665,0.6138,1,1,1,2.33304163,2.781935691,0
766,25.1.08,910.5,0.5522,2.6062,-0.7981,0.9991,0.1478,-0.1249,-2.2642,-0.0665,1,1,1,0.952490459,1.453970886,0
767,28.1.08,927.1,1.8232,0.5522,2.6062,-0.7981,0.9991,0.1478,-0.1249,-2.2642,1,1,1,1.594844446,0.308674658,0
768,29.1.08,925.1,-0.2157,1.8232,0.5522,2.6062,-0.7981,0.9991,0.1478,-0.1249,1,1,1,0.329540464,0.71436591,0
769,30.1.08,920.6,-0.4864,-0.2157,1.8232,0.5522,2.6062,-0.7981,0.9991,0.1478,1,1,1,-0.203048044,0.752948981,0
770,31.1.08,922.7,0.2281,-0.4864,-0.2157,1.8232,0.5522,2.6062,-0.7981,0.9991,1,1,1,1.418224555,-0.628183494,0
771,1.2.08,908.7,-1.5173,0.2281,-0.4864,-0.2157,1.8232,0.5522,2.6062,-0.7981,2,1,1,-0.731652995,-3.040872932,0
772,4.2.08,904.9,-0.4182,-1.5173,0.2281,-0.4864,-0.2157,1.8232,0.5522,2.6062,2,1,1,-0.499284574,1.19154403,1
773,5.2.08,885.9,-2.0997,-0.4182,-1.5173,0.2281,-0.4864,-0.2157,1.8232,0.5522,2,1,1,-2.610515416,-1.788483716,1
774,6.2.08,900.7,1.6706,-2.0997,-0.4182,-1.5173,0.2281,-0.4864,-0.2157,1.8232,2,1,1,1.257436852,-1.436493858,1
775,7.2.08,906.1,0.5995,1.6706,-2.0997,-0.4182,-1.5173,0.2281,-0.4864,-0.2157,2,1,1,1.375098123,1.11315266,1
776,8.2.08,918.4,1.3575,0.5995,1.6706,-2.0997,-0.4182,-1.5173,0.2281,-0.4864,2,1,1,2.03167099,4.153894004,1
777,11.2.08,922.9,0.49,1.3575,0.5995,1.6706,-2.0997,-0.4182,-1.5173,0.2281,2,1,1,2.096631248,1.983218657,1
778,12.2.08,907.4,-1.6795,0.49,1.3575,0.5995,1.6706,-2.0997,-0.4182,-1.5173,2,1,1,-1.233294015,-0.865474506,1
779,13.2.08,906.5,-0.0992,-1.6795,0.49,1.3575,0.5995,1.6706,-2.0997,-0.4182,2,1,1,0.627249385,0.528128767,1
780,14.2.08,907.4,0.0993,-0.0992,-1.6795,0.49,1.3575,0.5995,1.6706,-2.0997,2,1,1,-0.554084441,2.348024574,1
781,15.2.08,902.8,-0.5069,0.0993,-0.0992,-1.6795,0.49,1.3575,0.5995,1.6706,2,1,1,-0.766105473,0.041903327,1
782,19.2.08,926.6,2.6362,-0.5069,0.0993,-0.0992,-1.6795,0.49,1.3575,0.5995,2,1,1,2.292667026,4.722515326,1
783,20.2.08,934.6,0.8634,2.6362,-0.5069,0.0993,-0.0992,-1.6795,0.49,1.3575,2,1,1,1.457982112,0.72992272,1
784,21.2.08,946.1,1.2305,0.8634,2.6362,-0.5069,0.0993,-0.0992,-1.6795,0.49,2,1,1,1.098899327,-2.491557038,1
785,22.2.08,944.7,-0.148,1.2305,0.8634,2.6362,-0.5069,0.0993,-0.0992,-1.6795,2,1,1,0.473796443,0.590445059,1
786,25.2.08,937.6,-0.7516,-0.148,1.2305,0.8634,2.6362,-0.5069,0.0993,-0.0992,2,1,1,0.305133461,0.425064071,1
787,26.2.08,946.1,0.9066,-0.7516,-0.148,1.2305,0.8634,2.6362,-0.5069,0.0993,2,1,1,3.495575067,1.66279738,1
788,27.2.08,958.2,1.2789,0.9066,-0.7516,-0.148,1.2305,0.8634,2.6362,-0.5069,2,1,1,2.618639236,-1.229181104,0
789,28.2.08,964.5,0.6575,1.2789,0.9066,-0.7516,-0.148,1.2305,0.8634,2.6362,2,1,1,2.228931903,2.960655325,2
790,29.2.08,972.1,0.788,0.6575,1.2789,0.9066,-0.7516,-0.148,1.2305,0.8634,2,1,1,0.906782534,-0.731065432,2
791,3.3.08,981.5,0.967,0.788,0.6575,1.2789,0.9066,-0.7516,-0.148,1.2305,3,1,1,1.337840176,0.598979411,2
792,4.3.08,963.9,-1.7932,0.967,0.788,0.6575,1.2789,0.9066,-0.7516,-0.148,3,1,1,-1.668903927,-2.859932057,0
793,5.3.08,986.2,2.3135,-1.7932,0.967,0.788,0.6575,1.2789,0.9066,-0.7516,3,1,1,4.797844536,5.024115925,0
794,6.3.08,975,-1.1357,2.3135,-1.7932,0.967,0.788,0.6575,1.2789,0.9066,3,1,1,-2.678264256,0.908921363,2
795,7.3.08,972.2,-0.2872,-1.1357,2.3135,-1.7932,0.967,0.788,0.6575,1.2789,3,1,1,0.134123623,-0.303403519,2
796,10.3.08,969.9,-0.2366,-0.2872,-1.1357,2.3135,-1.7932,0.967,0.788,0.6575,3,1,1,-2.281977231,2.615311422,2
797,11.3.08,974.2,0.4433,-0.2366,-0.2872,-1.1357,2.3135,-1.7932,0.967,0.788,3,1,1,-0.111683212,0.787765025,2
798,12.3.08,978.8,0.4722,0.4433,-0.2366,-0.2872,-1.1357,2.3135,-1.7932,0.967,3,1,1,1.194341817,1.075860385,2
799,13.3.08,992.3,1.3792,0.4722,0.4433,-0.2366,-0.2872,-1.1357,2.3135,-1.7932,3,1,1,2.149572693,0.373001882,2
800,14.3.08,998.2,0.5946,1.3792,0.4722,0.4433,-0.2366,-0.2872,-1.1357,2.3135,3,1,1,1.155409287,-0.108767103,2
801,17.3.08,1001.4,0.3206,0.5946,1.3792,0.4722,0.4433,-0.2366,-0.2872,-1.1357,3,1,1,-1.710893813,-4.110333742,2
802,18.3.08,1003.2,0.1797,0.3206,0.5946,1.3792,0.4722,0.4433,-0.2366,-0.2872,3,1,1,-1.641779895,3.538983585,2
803,19.3.08,944.7,-5.8313,0.1797,0.3206,0.5946,1.3792,0.4722,0.4433,-0.2366,3,1,1,-7.51633473,-4.51470928,0
804,20.3.08,919.6,-2.6569,-5.8313,0.1797,0.3206,0.5946,1.3792,0.4722,0.4433,3,1,1,-8.643653781,-2.526806024,0
805,24.3.08,918.3,-0.1414,-2.6569,-5.8313,0.1797,0.3206,0.5946,1.3792,0.4722,3,1,1,1.5590546,-0.962289634,0
806,25.3.08,934.6,1.775,-0.1414,-2.6569,-5.8313,0.1797,0.3206,0.5946,1.3792,3,1,1,4.072184437,0.356931002,0
807,26.3.08,949,1.5408,1.775,-0.1414,-2.6569,-5.8313,0.1797,0.3206,0.5946,3,1,1,3.287926865,4.623592421,0
808,27.3.08,948.8,-0.0211,1.5408,1.775,-0.1414,-2.6569,-5.8313,0.1797,0.3206,3,1,1,0.910279139,1.586402532,0
809,28.3.08,930.6,-1.9182,-0.0211,1.5408,1.775,-0.1414,-2.6569,-5.8313,0.1797,3,1,1,-3.311191344,-1.821899099,0
810,31.3.08,916.2,-1.5474,-1.9182,-0.0211,1.5408,1.775,-0.1414,-2.6569,-5.8313,3,1,1,-3.491620186,-3.825033905,0
811,1.4.08,882.9,-3.6346,-1.5474,-1.9182,-0.0211,1.5408,1.775,-0.1414,-2.6569,4,1,2,-2.43125954,-0.590665941,1
812,2.4.08,895.2,1.3931,-3.6346,-1.5474,-1.9182,-0.0211,1.5408,1.775,-0.1414,4,1,2,1.732422574,3.812634528,0
813,3.4.08,905,1.0947,1.3931,-3.6346,-1.5474,-1.9182,-0.0211,1.5408,1.775,4,1,2,1.749583925,-0.953925386,0
814,4.4.08,909,0.442,1.0947,1.3931,-3.6346,-1.5474,-1.9182,-0.0211,1.5408,4,1,2,1.57619998,2.311472102,0
815,7.4.08,922.7,1.5072,0.442,1.0947,1.3931,-3.6346,-1.5474,-1.9182,-0.0211,4,1,2,2.059585648,2.692264794,0
816,8.4.08,914,-0.9429,1.5072,0.442,1.0947,1.3931,-3.6346,-1.5474,-1.9182,4,1,2,-2.277882781,-0.540834502,2
817,9.4.08,933.6,2.1444,-0.9429,1.5072,0.442,1.0947,1.3931,-3.6346,-1.5474,4,1,2,2.80057064,2.184334329,2
818,10.4.08,928.3,-0.5677,2.1444,-0.9429,1.5072,0.442,1.0947,1.3931,-3.6346,4,1,2,-0.864059369,-0.685489418,2
819,11.4.08,923.6,-0.5063,-0.5677,2.1444,-0.9429,1.5072,0.442,1.0947,1.3931,4,1,2,-1.915290131,0.027244373,2
820,14.4.08,925.4,0.1949,-0.5063,-0.5677,2.1444,-0.9429,1.5072,0.442,1.0947,4,1,2,0.565997202,1.470857777,2
821,15.4.08,928.7,0.3566,0.1949,-0.5063,-0.5677,2.1444,-0.9429,1.5072,0.442,4,1,2,0.348943471,1.816391142,2
822,16.4.08,945.1,1.7659,0.3566,0.1949,-0.5063,-0.5677,2.1444,-0.9429,1.5072,4,1,2,2.664051506,1.00184496,2
823,17.4.08,939.8,-0.5608,1.7659,0.3566,0.1949,-0.5063,-0.5677,2.1444,-0.9429,4,1,2,-0.09833187,-0.060906373,2
824,18.4.08,912.2,-2.9368,-0.5608,1.7659,0.3566,0.1949,-0.5063,-0.5677,2.1444,4,1,2,-2.652160513,1.593245535,0
825,21.4.08,914.7,0.2741,-2.9368,-0.5608,1.7659,0.3566,0.1949,-0.5063,-0.5677,4,1,2,-2.583984893,0.677008226,0
826,22.4.08,922.3,0.8309,0.2741,-2.9368,-0.5608,1.7659,0.3566,0.1949,-0.5063,4,1,2,2.052825047,1.608783908,2
827,23.4.08,906.2,-1.7456,0.8309,0.2741,-2.9368,-0.5608,1.7659,0.3566,0.1949,4,1,2,-3.068139163,-0.896372347,2
828,24.4.08,886.8,-2.1408,-1.7456,0.8309,0.2741,-2.9368,-0.5608,1.7659,0.3566,4,1,2,-2.932091164,-1.893495719,0
829,25.4.08,887.2,0.0451,-2.1408,-1.7456,0.8309,0.2741,-2.9368,-0.5608,1.7659,4,1,2,1.165026658,2.11959257,0
830,28.4.08,892.9,0.6425,0.0451,-2.1408,-1.7456,0.8309,0.2741,-2.9368,-0.5608,4,1,2,0.979455073,0.194062912,0
831,29.4.08,874.2,-2.0943,0.6425,0.0451,-2.1408,-1.7456,0.8309,0.2741,-2.9368,4,1,2,-2.768789447,-2.627370734,1
832,30.4.08,862.8,-1.3041,-2.0943,0.6425,0.0451,-2.1408,-1.7456,0.8309,0.2741,4,1,2,-0.229746703,-1.876674064,1
833,1.5.08,848.9,-1.611,-1.3041,-2.0943,0.6425,0.0451,-2.1408,-1.7456,0.8309,5,1,2,-2.308814084,-0.828487968,1
834,2.5.08,856.1,0.8482,-1.611,-1.3041,-2.0943,0.6425,0.0451,-2.1408,-1.7456,5,1,2,1.612804567,3.377180204,1
835,5.5.08,872.3,1.8923,0.8482,-1.611,-1.3041,-2.0943,0.6425,0.0451,-2.1408,5,1,2,2.228189729,3.137896781,1
836,6.5.08,876,0.4242,1.8923,0.8482,-1.611,-1.3041,-2.0943,0.6425,0.0451,5,1,2,0.203035926,1.558718928,0
837,7.5.08,869.6,-0.7306,0.4242,1.8923,0.8482,-1.611,-1.3041,-2.0943,0.6425,5,1,2,-0.971395114,1.387067049,0
838,8.5.08,880.6,1.2649,-0.7306,0.4242,1.8923,0.8482,-1.611,-1.3041,-2.0943,5,1,2,1.065174457,0.129526159,0
839,9.5.08,884.5,0.4429,1.2649,-0.7306,0.4242,1.8923,0.8482,-1.611,-1.3041,5,1,2,0.291769588,1.835230494,0
840,12.5.08,883.7,-0.0904,0.4429,1.2649,-0.7306,0.4242,1.8923,0.8482,-1.611,5,1,2,1.87021627,-1.373448508,0
841,13.5.08,868.5,-1.72,-0.0904,0.4429,1.2649,-0.7306,0.4242,1.8923,0.8482,5,1,2,-2.302135657,1.263784635,0
842,14.5.08,865.4,-0.3569,-1.72,-0.0904,0.4429,1.2649,-0.7306,0.4242,1.8923,5,1,2,-1.270663038,-1.255963269,0
843,15.5.08,879,1.5715,-0.3569,-1.72,-0.0904,0.4429,1.2649,-0.7306,0.4242,5,1,2,0.465266315,-0.080501105,0
844,16.5.08,899,2.2753,1.5715,-0.3569,-1.72,-0.0904,0.4429,1.2649,-0.7306,5,1,2,1.665956014,1.748306575,0
845,19.5.08,905,0.6674,2.2753,1.5715,-0.3569,-1.72,-0.0904,0.4429,1.2649,5,1,2,0.414112665,0.601791219,2
846,20.5.08,919.5,1.6022,0.6674,2.2753,1.5715,-0.3569,-1.72,-0.0904,0.4429,5,1,2,4.106271698,1.589928551,2
847,21.5.08,928,0.9244,1.6022,0.6674,2.2753,1.5715,-0.3569,-1.72,-0.0904,5,1,2,1.850487652,3.17656358,2
848,22.5.08,917.9,-1.0884,0.9244,1.6022,0.6674,2.2753,1.5715,-0.3569,-1.72,5,1,2,-0.12778537,-1.772171392,2
849,23.5.08,925.6,0.8389,-1.0884,0.9244,1.6022,0.6674,2.2753,1.5715,-0.3569,5,1,2,1.479826619,1.054968969,2
850,27.5.08,907.7,-1.9339,0.8389,-1.0884,0.9244,1.6022,0.6674,2.2753,1.5715,5,1,2,-4.473439063,-2.526663345,0
851,28.5.08,900.5,-0.7932,-1.9339,0.8389,-1.0884,0.9244,1.6022,0.6674,2.2753,5,1,2,-0.25825009,1.69188403,0
852,29.5.08,877.2,-2.5875,-0.7932,-1.9339,0.8389,-1.0884,0.9244,1.6022,0.6674,5,1,2,-5.195626706,-3.36563846,0
853,30.5.08,887.3,1.1514,-2.5875,-0.7932,-1.9339,0.8389,-1.0884,0.9244,1.6022,5,1,2,2.124175497,0.576524808,0
854,2.6.08,892.9,0.6311,1.1514,-2.5875,-0.7932,-1.9339,0.8389,-1.0884,0.9244,6,1,2,0.279318274,0.321950269,0
855,3.6.08,881.6,-1.2655,0.6311,1.1514,-2.5875,-0.7932,-1.9339,0.8389,-1.0884,6,1,2,-0.44447529,-2.700379242,0
856,4.6.08,879.9,-0.1928,-1.2655,0.6311,1.1514,-2.5875,-0.7932,-1.9339,0.8389,6,1,2,0.636944772,-1.616921041,0
857,5.6.08,871.8,-0.9206,-0.1928,-1.2655,0.6311,1.1514,-2.5875,-0.7932,-1.9339,6,1,2,1.366372832,4.488959711,1
858,6.6.08,895.4,2.707,-0.9206,-0.1928,-1.2655,0.6311,1.1514,-2.5875,-0.7932,6,1,2,1.517186451,8.412232799,0
859,9.6.08,894.7,-0.0782,2.707,-0.9206,-0.1928,-1.2655,0.6311,1.1514,-2.5875,6,1,2,-1.247336104,-3.024388181,0
860,10.6.08,867.9,-2.9954,-0.0782,2.707,-0.9206,-0.1928,-1.2655,0.6311,1.1514,6,1,2,-3.335273248,-2.262752815,1
861,11.6.08,879.7,1.3596,-2.9954,-0.0782,2.707,-0.9206,-0.1928,-1.2655,0.6311,6,1,2,1.3367864,3.861097722,1
862,12.6.08,869.2,-1.1936,1.3596,-2.9954,-0.0782,2.707,-0.9206,-0.1928,-1.2655,6,1,2,-2.174823928,0.263968762,1
863,13.6.08,870.3,0.1266,-1.1936,1.3596,-2.9954,-0.0782,2.707,-0.9206,-0.1928,6,1,2,0.467725048,-1.374875536,1
864,16.6.08,883.6,1.5282,0.1266,-1.1936,1.3596,-2.9954,-0.0782,2.707,-0.9206,6,1,2,4.074968253,-0.185377428,1
865,17.6.08,884.3,0.0792,1.5282,0.1266,-1.1936,1.3596,-2.9954,-0.0782,2.707,6,1,2,-0.900433835,-0.445736647,1
866,18.6.08,890.9,0.7464,0.0792,1.5282,0.1266,-1.1936,1.3596,-2.9954,-0.0782,6,1,2,1.559298596,1.992387343,1
867,19.6.08,901.7,1.2123,0.7464,0.0792,1.5282,0.1266,-1.1936,1.3596,-2.9954,6,1,2,0.761904552,-3.475270892,1
868,20.6.08,901.3,-0.0444,1.2123,0.7464,0.0792,1.5282,0.1266,-1.1936,1.3596,6,1,2,-0.400994439,2.038962018,1
869,23.6.08,884.8,-1.8307,-0.0444,1.2123,0.7464,0.0792,1.5282,0.1266,-1.1936,6,1,2,-3.479608745,1.574810914,1
870,24.6.08,889.2,0.4973,-1.8307,-0.0444,1.2123,0.7464,0.0792,1.5282,0.1266,6,1,2,-0.923601377,0.19013785,1
871,25.6.08,880,-1.0346,0.4973,-1.8307,-0.0444,1.2123,0.7464,0.0792,1.5282,6,1,2,-0.769833723,-1.78831894,1
872,26.6.08,913.1,3.7614,-1.0346,0.4973,-1.8307,-0.0444,1.2123,0.7464,0.0792,6,1,2,3.78203904,3.782977497,1
873,27.6.08,929.3,1.7742,3.7614,-1.0346,0.4973,-1.8307,-0.0444,1.2123,0.7464,6,1,2,2.902538524,0.408197742,0
874,30.6.08,926.2,-0.3336,1.7742,3.7614,-1.0346,0.4973,-1.8307,-0.0444,1.2123,6,1,2,-1.135078056,-0.149780118,0
875,1.7.08,942.5,1.7599,-0.3336,1.7742,3.7614,-1.0346,0.4973,-1.8307,-0.0444,7,2,3,4.477615862,0.692858015,0
876,2.7.08,944.8,0.244,1.7599,-0.3336,1.7742,3.7614,-1.0346,0.4973,-1.8307,7,2,3,0.752742442,1.844368363,0
877,3.7.08,931.9,-1.3654,0.244,1.7599,-0.3336,1.7742,3.7614,-1.0346,0.4973,7,2,3,-0.283579899,1.198012032,0
878,7.7.08,927.3,-0.4936,-1.3654,0.244,1.7599,-0.3336,1.7742,3.7614,-1.0346,7,2,3,-2.444629517,-2.698051036,0
879,8.7.08,921.9,-0.5823,-0.4936,-1.3654,0.244,1.7599,-0.3336,1.7742,3.7614,7,2,3,0.235451387,-3.77024971,0
880,9.7.08,927.3,0.5857,-0.5823,-0.4936,-1.3654,0.244,1.7599,-0.3336,1.7742,7,2,3,1.230431941,0.007357958,0
881,10.7.08,940.9,1.4666,0.5857,-0.5823,-0.4936,-1.3654,0.244,1.7599,-0.3336,7,2,3,0.801107485,4.116126953,0
882,11.7.08,959.5,1.9768,1.4666,0.5857,-0.5823,-0.4936,-1.3654,0.244,1.7599,7,2,3,2.740476717,2.421467054,2
883,14.7.08,972.7,1.3757,1.9768,1.4666,0.5857,-0.5823,-0.4936,-1.3654,0.244,7,2,3,2.293936402,0.068921177,2
884,15.7.08,977.7,0.514,1.3757,1.9768,1.4666,0.5857,-0.5823,-0.4936,-1.3654,7,2,3,-1.220335132,-4.435864105,2
885,16.7.08,961.8,-1.6263,0.514,1.3757,1.9768,1.4666,0.5857,-0.5823,-0.4936,7,2,3,-1.08758447,-2.983998289,2
886,17.7.08,970,0.8526,-1.6263,0.514,1.3757,1.9768,1.4666,0.5857,-0.5823,7,2,3,-0.362961256,-3.945031632,2
887,18.7.08,957.3,-1.3093,0.8526,-1.6263,0.514,1.3757,1.9768,1.4666,0.5857,7,2,3,-2.849946929,-0.317107607,2
888,21.7.08,963.1,0.6059,-1.3093,0.8526,-1.6263,0.514,1.3757,1.9768,1.4666,7,2,3,1.251719217,1.675968592,2
889,22.7.08,948,-1.5679,0.6059,-1.3093,0.8526,-1.6263,0.514,1.3757,1.9768,7,2,3,-2.270993508,-2.358055934,2
890,23.7.08,922.4,-2.7004,-1.5679,0.6059,-1.3093,0.8526,-1.6263,0.514,1.3757,7,2,3,-3.037058153,-2.743254858,2
891,24.7.08,922,-0.0434,-2.7004,-1.5679,0.6059,-1.3093,0.8526,-1.6263,0.514,7,2,3,-0.885053632,0.84377644,2
892,25.7.08,926.6,0.4989,-0.0434,-2.7004,-1.5679,0.6059,-1.3093,0.8526,-1.6263,7,2,3,0.45807997,-1.777030652,2
893,28.7.08,927.6,0.1079,0.4989,-0.0434,-2.7004,-1.5679,0.6059,-1.3093,0.8526,7,2,3,0.531019047,1.192601976,2
894,29.7.08,916.4,-1.2074,0.1079,0.4989,-0.0434,-2.7004,-1.5679,0.6059,-1.3093,7,2,3,-0.499511363,-2.0363993,2
895,30.7.08,902.9,-1.4732,-1.2074,0.1079,0.4989,-0.0434,-2.7004,-1.5679,0.6059,7,2,3,0.530876871,3.748256085,2
896,31.7.08,913.9,1.2183,-1.4732,-1.2074,0.1079,0.4989,-0.0434,-2.7004,-1.5679,7,2,3,1.882671899,-2.121949107,2
897,1.8.08,909,-0.5362,1.2183,-1.4732,-1.2074,0.1079,0.4989,-0.0434,-2.7004,8,2,3,-1.515487886,0.822047573,2
898,4.8.08,900.1,-0.9791,-0.5362,1.2183,-1.4732,-1.2074,0.1079,0.4989,-0.0434,8,2,3,-2.162349064,-2.949636177,2
899,5.8.08,878.6,-2.3886,-0.9791,-0.5362,1.2183,-1.4732,-1.2074,0.1079,0.4989,8,2,3,-3.309360718,-1.844992526,2
900,6.8.08,875.6,-0.3415,-2.3886,-0.9791,-0.5362,1.2183,-1.4732,-1.2074,0.1079,8,2,3,-0.393061205,-0.495087981,2
901,7.8.08,870.7,-0.5596,-0.3415,-2.3886,-0.9791,-0.5362,1.2183,-1.4732,-1.2074,8,2,3,-1.487377595,1.214365652,2
902,8.8.08,857.8,-1.4816,-0.5596,-0.3415,-2.3886,-0.9791,-0.5362,1.2183,-1.4732,8,2,3,-5.694206406,-4.015997192,0
903,11.8.08,821.5,-4.2318,-1.4816,-0.5596,-0.3415,-2.3886,-0.9791,-0.5362,1.2183,8,2,3,-4.626544875,-0.651041684,0
904,12.8.08,808.2,-1.619,-4.2318,-1.4816,-0.5596,-0.3415,-2.3886,-0.9791,-0.5362,8,2,3,-0.911273528,-1.258186851,0
905,13.8.08,825,2.0787,-1.619,-4.2318,-1.4816,-0.5596,-0.3415,-2.3886,-0.9791,8,2,3,2.503114839,2.645781619,0
906,14.8.08,808.2,-2.0364,2.0787,-1.619,-4.2318,-1.4816,-0.5596,-0.3415,-2.3886,8,2,3,-4.11495275,-0.853446434,0
907,15.8.08,786,-2.7468,-2.0364,2.0787,-1.619,-4.2318,-1.4816,-0.5596,-0.3415,8,2,3,-9.940904262,-1.078171872,0
908,18.8.08,799.7,1.743,-2.7468,-2.0364,2.0787,-1.619,-4.2318,-1.4816,-0.5596,8,2,3,2.234202482,-0.791064361,0
909,19.8.08,811.1,1.4255,1.743,-2.7468,-2.0364,2.0787,-1.619,-4.2318,-1.4816,8,2,3,0.045850988,1.470714975,2
910,20.8.08,810.3,-0.0986,1.4255,1.743,-2.7468,-2.0364,2.0787,-1.619,-4.2318,8,2,3,-0.48881179,0.392914156,2
911,21.8.08,833,2.8014,-0.0986,1.4255,1.743,-2.7468,-2.0364,2.0787,-1.619,8,2,3,5.29587509,5.392239317,2
912,22.8.08,827.4,-0.6723,2.8014,-0.0986,1.4255,1.743,-2.7468,-2.0364,2.0787,8,2,3,-1.814998164,-5.438194381,2
913,25.8.08,819.8,-0.9185,-0.6723,2.8014,-0.0986,1.4255,1.743,-2.7468,-2.0364,8,2,3,-0.779513688,0.453795522,2
914,26.8.08,822.2,0.2928,-0.9185,-0.6723,2.8014,-0.0986,1.4255,1.743,-2.7468,8,2,3,1.54881992,1.007728283,0
915,27.8.08,828.1,0.7176,0.2928,-0.9185,-0.6723,2.8014,-0.0986,1.4255,1.743,8,2,3,-0.766277198,1.616930366,1
916,28.8.08,830.9,0.3381,0.7176,0.2928,-0.9185,-0.6723,2.8014,-0.0986,1.4255,8,2,3,1.0097986,-2.166741562,0
917,29.8.08,829.3,-0.1926,0.3381,0.7176,0.2928,-0.9185,-0.6723,2.8014,-0.0986,8,2,3,0.022054244,-0.112464104,1
918,2.9.08,805,-2.9302,-0.1926,0.3381,0.7176,0.2928,-0.9185,-0.6723,2.8014,9,2,3,-4.093482368,-4.980079721,1
919,3.9.08,802.7,-0.2857,-2.9302,-0.1926,0.3381,0.7176,0.2928,-0.9185,-0.6723,9,2,3,-1.455942768,-0.328138377,1
920,4.9.08,797.9,-0.598,-0.2857,-2.9302,-0.1926,0.3381,0.7176,0.2928,-0.9185,9,2,3,-0.031101945,-1.335161504,1
921,5.9.08,797.6,-0.0376,-0.598,-0.2857,-2.9302,-0.1926,0.3381,0.7176,0.2928,9,2,3,-4.752645174,-1.538600465,1
922,8.9.08,797.5,-0.0125,-0.0376,-0.598,-0.2857,-2.9302,-0.1926,0.3381,0.7176,9,2,3,-2.0824836,0.103542293,1
923,9.9.08,787.1,-1.3041,-0.0125,-0.0376,-0.598,-0.2857,-2.9302,-0.1926,0.3381,9,2,3,-2.919094533,-2.896364781,1
924,10.9.08,757.9,-3.7098,-1.3041,-0.0125,-0.0376,-0.598,-0.2857,-2.9302,-0.1926,9,2,3,-7.070446134,-0.658532143,1
925,11.9.08,741.3,-2.1903,-3.7098,-1.3041,-0.0125,-0.0376,-0.598,-0.2857,-2.9302,9,2,3,-3.023024926,-1.666990694,1
926,12.9.08,760.3,2.5631,-2.1903,-3.7098,-1.3041,-0.0125,-0.0376,-0.598,-0.2857,9,2,3,2.335556634,0.307323833,1
927,15.9.08,783.1,2.9988,2.5631,-2.1903,-3.7098,-1.3041,-0.0125,-0.0376,-0.598,9,2,3,3.167211583,-5.40620795,1
928,16.9.08,776.5,-0.8428,2.9988,2.5631,-2.1903,-3.7098,-1.3041,-0.0125,-0.0376,9,2,3,-5.534988051,-4.76438993,1
929,17.9.08,846.6,9.0277,-0.8428,2.9988,2.5631,-2.1903,-3.7098,-1.3041,-0.0125,9,2,3,11.06862937,6.593529386,1
930,18.9.08,892.7,5.4453,9.0277,-0.8428,2.9988,2.5631,-2.1903,-3.7098,-1.3041,9,2,3,8.846814871,0.741039074,0
931,19.9.08,860.6,-3.5958,5.4453,9.0277,-0.8428,2.9988,2.5631,-2.1903,-3.7098,9,2,3,-1.76312126,6.814472809,0
932,22.9.08,903.9,5.0314,-3.5958,5.4453,9.0277,-0.8428,2.9988,2.5631,-2.1903,9,2,3,7.847077769,15.65757498,2
933,23.9.08,885.5,-2.0356,5.0314,-3.5958,5.4453,9.0277,-0.8428,2.9988,2.5631,9,2,3,-2.089550306,-11.83426875,2
934,24.9.08,889,0.3953,-2.0356,5.0314,-3.5958,5.4453,9.0277,-0.8428,2.9988,9,2,3,2.012194674,-0.825435933,2
935,25.9.08,877.7,-1.2711,0.3953,-2.0356,5.0314,-3.5958,5.4453,9.0277,-0.8428,9,2,3,-1.210398271,2.16588784,2
936,26.9.08,882.9,0.5925,-1.2711,0.3953,-2.0356,5.0314,-3.5958,5.4453,9.0277,9,2,3,1.784904393,-1.046100063,2
937,29.9.08,888.2,0.6003,0.5925,-1.2711,0.3953,-2.0356,5.0314,-3.5958,5.4453,9,2,3,-3.544361941,-9.841890451,2
938,30.9.08,874.2,-1.5762,0.6003,0.5925,-1.2711,0.3953,-2.0356,5.0314,-3.5958,9,2,3,-5.777675087,4.430835863,2
939,1.10.08,880.7,0.7435,-1.5762,0.6003,0.5925,-1.2711,0.3953,-2.0356,5.0314,10,2,4,3.99804041,-2.096582495,2
940,2.10.08,839,-4.7349,0.7435,-1.5762,0.6003,0.5925,-1.2711,0.3953,-2.0356,10,2,4,-13.01101141,-4.628029651,2
941,3.10.08,828.9,-1.2038,-4.7349,0.7435,-1.5762,0.6003,0.5925,-1.2711,0.3953,10,2,4,1.852696658,-0.095779468,2
942,6.10.08,862.7,4.0777,-1.2038,-4.7349,0.7435,-1.5762,0.6003,0.5925,-1.2711,10,2,4,-0.354932688,-6.465700759,2
943,7.10.08,878.4,1.8199,4.0777,-1.2038,-4.7349,0.7435,-1.5762,0.6003,0.5925,10,2,4,0.845950765,2.562350601,2
944,8.10.08,903.1,2.8119,1.8199,4.0777,-1.2038,-4.7349,0.7435,-1.5762,0.6003,10,2,4,3.461370463,-1.23251237,2
945,9.10.08,883.1,-2.2146,2.8119,1.8199,4.0777,-1.2038,-4.7349,0.7435,-1.5762,10,2,4,0.879061937,-2.653176719,2
946,10.10.08,855.4,-3.1367,-2.2146,2.8119,1.8199,4.0777,-1.2038,-4.7349,0.7435,10,2,4,-10.78679908,-10.26677418,2
947,13.10.08,838.9,-1.9289,-3.1367,-2.2146,2.8119,1.8199,4.0777,-1.2038,-4.7349,10,2,4,1.820771813,4.491641738,2
948,14.10.08,836.3,-0.3099,-1.9289,-3.1367,-2.2146,2.8119,1.8199,4.0777,-1.2038,10,2,4,2.617110659,-3.153103967,2
949,15.10.08,835.5,-0.0957,-0.3099,-1.9289,-3.1367,-2.2146,2.8119,1.8199,4.0777,10,2,4,-7.950621516,-5.201572531,2
950,16.10.08,801.5,-4.0694,-0.0957,-0.3099,-1.9289,-3.1367,-2.2146,2.8119,1.8199,10,2,4,-5.275092062,-6.291926997,2
951,17.10.08,785.1,-2.0462,-4.0694,-0.0957,-0.3099,-1.9289,-3.1367,-2.2146,2.8119,10,2,4,-3.091494957,2.863278516,2
952,20.10.08,787.6,0.3184,-2.0462,-4.0694,-0.0957,-0.3099,-1.9289,-3.1367,-2.2146,10,2,4,3.8130991,3.34029447,2
953,21.10.08,766.1,-2.7298,0.3184,-2.0462,-4.0694,-0.0957,-0.3099,-1.9289,-3.1367,10,2,4,3.983447805,-4.525253347,2
954,22.10.08,733.3,-4.2814,-2.7298,0.3184,-2.0462,-4.0694,-0.0957,-0.3099,-1.9289,10,2,4,-5.950253881,-5.840033045,0
955,23.10.08,713.3,-2.7274,-4.2814,-2.7298,0.3184,-2.0462,-4.0694,-0.0957,-0.3099,10,2,4,0.5078326,1.632953315,0
956,24.10.08,729.1,2.2151,-2.7274,-4.2814,-2.7298,0.3184,-2.0462,-4.0694,-0.0957,10,2,4,-2.157893934,-5.439261514,0
957,27.10.08,741.7,1.7282,2.2151,-2.7274,-4.2814,-2.7298,0.3184,-2.0462,-4.0694,10,2,4,-1.075851325,-1.449727643,0
958,28.10.08,739.3,-0.3236,1.7282,2.2151,-2.7274,-4.2814,-2.7298,0.3184,-2.0462,10,2,4,-4.404564942,-0.77507382,0
959,29.10.08,752.8,1.8261,-0.3236,1.7282,2.2151,-2.7274,-4.2814,-2.7298,0.3184,10,2,4,11.5472167,7.604018002,0
960,30.10.08,737.2,-2.0723,1.8261,-0.3236,1.7282,2.2151,-2.7274,-4.2814,-2.7298,10,2,4,-0.203982225,-2.281482838,0
961,31.10.08,716.8,-2.7672,-2.0723,1.8261,-0.3236,1.7282,2.2151,-2.7274,-4.2814,10,2,4,-0.562087951,2.804727865,1
962,3.11.08,725.4,1.1998,-2.7672,-2.0723,1.8261,-0.3236,1.7282,2.2151,-2.7274,11,2,4,0.20555456,-5.751360937,1
963,4.11.08,756,4.2184,1.1998,-2.7672,-2.0723,1.8261,-0.3236,1.7282,2.2151,11,2,4,3.897437071,10.35831474,1
964,5.11.08,741.3,-1.9444,4.2184,1.1998,-2.7672,-2.0723,1.8261,-0.3236,1.7282,11,2,4,3.208290282,-7.415278347,1
965,6.11.08,731.2,-1.3625,-1.9444,4.2184,1.1998,-2.7672,-2.0723,1.8261,-0.3236,11,2,4,-3.825916991,-6.937216512,1
966,7.11.08,733.2,0.2735,-1.3625,-1.9444,4.2184,1.1998,-2.7672,-2.0723,1.8261,11,2,4,-0.914967726,0.444298923,1
967,10.11.08,745.6,1.6912,0.2735,-1.3625,-1.9444,4.2184,1.1998,-2.7672,-2.0723,11,2,4,2.579543931,2.244428099,1
968,11.11.08,732,-1.824,1.6912,0.2735,-1.3625,-1.9444,4.2184,1.1998,-2.7672,11,2,4,-4.060664883,-4.935103387,1
969,12.11.08,717.7,-1.9536,-1.824,1.6912,0.2735,-1.3625,-1.9444,4.2184,1.1998,11,2,4,-3.314643068,-5.342999976,1
970,13.11.08,704.9,-1.7835,-1.9536,-1.824,1.6912,0.2735,-1.3625,-1.9444,4.2184,11,2,4,-7.172989286,3.703706974,1
971,14.11.08,742.4,5.3199,-1.7835,-1.9536,-1.824,1.6912,0.2735,-1.3625,-1.9444,11,2,4,7.840904153,-2.060440811,0
972,17.11.08,741.9,-0.0673,5.3199,-1.7835,-1.9536,-1.824,1.6912,0.2735,-1.3625,11,2,4,-1.68598368,-3.66409558,1
973,18.11.08,732.6,-1.2535,-0.0673,5.3199,-1.7835,-1.9536,-1.824,1.6912,0.2735,11,2,4,2.357987876,-1.019110765,1
974,19.11.08,735.9,0.4505,-1.2535,-0.0673,5.3199,-1.7835,-1.9536,-1.824,1.6912,11,2,4,-2.513086558,-1.415702273,1
975,20.11.08,748.6,1.7258,0.4505,-1.2535,-0.0673,5.3199,-1.7835,-1.9536,-1.824,11,2,4,-3.061232956,-7.45990317,1
976,21.11.08,791.7,5.7574,1.7258,0.4505,-1.2535,-0.0673,5.3199,-1.7835,-1.9536,11,2,4,5.041550614,0.624750867,1
977,24.11.08,819.4,3.4988,5.7574,1.7258,0.4505,-1.2535,-0.0673,5.3199,-1.7835,11,2,4,9.229958252,9.152813272,0
978,25.11.08,818.4,-0.122,3.4988,5.7574,1.7258,0.4505,-1.2535,-0.0673,5.3199,11,2,4,-0.820850683,-6.844035857,1
979,26.11.08,808.5,-1.2097,-0.122,3.4988,5.7574,1.7258,0.4505,-1.2535,-0.0673,11,2,4,-0.486856753,7.228674682,1
980,28.11.08,816.2,0.9524,-1.2097,-0.122,3.4988,5.7574,1.7258,0.4505,-1.2535,11,2,4,-0.342464251,-0.018365764,0
981,1.12.08,774.6,-5.0968,0.9524,-1.2097,-0.122,3.4988,5.7574,1.7258,0.4505,12,2,4,-8.198330916,-9.461696669,1
982,2.12.08,781.3,0.865,-5.0968,0.9524,-1.2097,-0.122,3.4988,5.7574,1.7258,12,2,4,2.566842367,-4.707791705,1
983,3.12.08,768.8,-1.5999,0.865,-5.0968,0.9524,-1.2097,-0.122,3.4988,5.7574,12,2,4,-0.27111598,-0.362006329,1
984,4.12.08,763.8,-0.6504,-1.5999,0.865,-5.0968,0.9524,-1.2097,-0.122,3.4988,12,2,4,-0.763278474,-6.668097212,1
985,5.12.08,750.5,-1.7413,-0.6504,-1.5999,0.865,-5.0968,0.9524,-1.2097,-0.122,12,2,4,-0.948268369,-6.549111325,1
986,8.12.08,767.4,2.2518,-1.7413,-0.6504,-1.5999,0.865,-5.0968,0.9524,-1.2097,12,2,4,5.733427893,7.106095598,1
987,9.12.08,772.4,0.6516,2.2518,-1.7413,-0.6504,-1.5999,0.865,-5.0968,0.9524,12,2,4,-1.257545325,-3.752000512,1
988,10.12.08,807.1,4.4925,0.6516,2.2518,-1.7413,-0.6504,-1.5999,0.865,-5.0968,12,2,4,3.565974492,3.446638397,1
989,11.12.08,824.9,2.2054,4.4925,0.6516,2.2518,-1.7413,-0.6504,-1.5999,0.865,12,2,4,2.21348138,10.24815955,0
990,12.12.08,818.9,-0.7274,2.2054,4.4925,0.6516,2.2518,-1.7413,-0.6504,-1.5999,12,2,4,-1.838305856,-3.5431446,1
991,15.12.08,835.4,2.0149,-0.7274,2.2054,4.4925,0.6516,2.2518,-1.7413,-0.6504,12,2,4,3.823898185,-3.82454733,0
992,16.12.08,841.7,0.7541,2.0149,-0.7274,2.2054,4.4925,0.6516,2.2518,-1.7413,12,2,4,0.802720183,-2.04448412,0
993,17.12.08,867.5,3.0652,0.7541,2.0149,-0.7274,2.2054,4.4925,0.6516,2.2518,12,2,4,6.698521331,-8.11925969,0
994,18.12.08,859.6,-0.9107,3.0652,0.7541,2.0149,-0.7274,2.2054,4.4925,0.6516,12,2,4,-2.634122332,-9.58562162,2
995,19.12.08,836.4,-2.6989,-0.9107,3.0652,0.7541,2.0149,-0.7274,2.2054,4.4925,12,2,4,-2.434840925,-6.488134207,0
996,22.12.08,846.2,1.1717,-2.6989,-0.9107,3.0652,0.7541,2.0149,-0.7274,2.2054,12,2,4,0.092432098,17.83289373,2
997,23.12.08,837.2,-1.0636,1.1717,-2.6989,-0.9107,3.0652,0.7541,2.0149,-0.7274,12,2,4,-5.503745917,-2.33024382,0
998,24.12.08,847.1,1.1825,-1.0636,1.1717,-2.6989,-0.9107,3.0652,0.7541,2.0149,12,2,4,0.879508984,-9.312470782,0
999,26.12.08,870.4,2.7506,1.1825,-1.0636,1.1717,-2.6989,-0.9107,3.0652,0.7541,12,2,4,1.743682127,6.676098196,0
1000,29.12.08,874.6,0.4825,2.7506,1.1825,-1.0636,1.1717,-2.6989,-0.9107,3.0652,12,2,4,2.665902371,6.125699892,0
1001,30.12.08,869.3,-0.606,0.4825,2.7506,1.1825,-1.0636,1.1717,-2.6989,-0.9107,12,2,4,1.595102768,-2.473767284,0
1002,31.12.08,883.6,1.645,-0.606,0.4825,2.7506,1.1825,-1.0636,1.1717,-2.6989,12,2,4,2.875404256,14.2710732,0
1003,2.1.09,878.8,-0.5432,1.645,-0.606,0.4825,2.7506,1.1825,-1.0636,1.1717,1,1,1,1.730254542,3.901349188,0
1004,5.1.09,857.2,-2.4579,-0.5432,1.645,-0.606,0.4825,2.7506,1.1825,-1.0636,1,1,1,-1.918885862,5.330170938,1
1005,6.1.09,865.4,0.9566,-2.4579,-0.5432,1.645,-0.606,0.4825,2.7506,1.1825,1,1,1,1.556248933,-0.471213964,0
1006,7.1.09,841.1,-2.808,0.9566,-2.4579,-0.5432,1.645,-0.606,0.4825,2.7506,1,1,1,-2.977234241,-12.24783973,1
1007,8.1.09,853.9,1.5218,-2.808,0.9566,-2.4579,-0.5432,1.645,-0.606,0.4825,1,1,1,-0.072205541,-2.181562941,1
1008,9.1.09,854.3,0.0468,1.5218,-2.808,0.9566,-2.4579,-0.5432,1.645,-0.606,1,1,1,2.014094432,-2.086328336,1
1009,12.1.09,820.3,-3.9799,0.0468,1.5218,-2.808,0.9566,-2.4579,-0.5432,1.645,1,1,1,-5.046478008,-7.935345416,1
1010,13.1.09,820.1,-0.0244,-3.9799,0.0468,1.5218,-2.808,0.9566,-2.4579,-0.5432,1,1,1,-0.652686676,0.505449923,1
1011,14.1.09,808.2,-1.451,-0.0244,-3.9799,0.0468,1.5218,-2.808,0.9566,-2.4579,1,1,1,-1.905209514,-1.323451604,1
1012,15.1.09,806.7,-0.1856,-1.451,-0.0244,-3.9799,0.0468,1.5218,-2.808,0.9566,1,1,1,-0.306157568,-5.042911253,1
1013,16.1.09,839.3,4.0412,-0.1856,-1.451,-0.0244,-3.9799,0.0468,1.5218,-2.808,1,1,1,7.437616246,3.135584033,1
1014,20.1.09,854.6,1.8229,4.0412,-0.1856,-1.451,-0.0244,-3.9799,0.0468,1.5218,1,1,1,-0.330502041,6.107925115,1
1015,21.1.09,849.6,-0.5851,1.8229,4.0412,-0.1856,-1.451,-0.0244,-3.9799,0.0468,1,1,1,1.407058506,12.41610054,1
1016,22.1.09,858.2,1.0122,-0.5851,1.8229,4.0412,-0.1856,-1.451,-0.0244,-3.9799,1,1,1,0.371195512,0.275542902,1
1017,23.1.09,895.3,4.323,1.0122,-0.5851,1.8229,4.0412,-0.1856,-1.451,-0.0244,1,1,1,5.062954931,6.411731553,1
1018,26.1.09,908.5,1.4744,4.323,1.0122,-0.5851,1.8229,4.0412,-0.1856,-1.451,1,1,1,1.424740815,-1.592428791,1
1019,27.1.09,899.2,-1.0237,1.4744,4.323,1.0122,-0.5851,1.8229,4.0412,-0.1856,1,1,1,0.537097828,-9.075000553,1
1020,28.1.09,888.1,-1.2344,-1.0237,1.4744,4.323,1.0122,-0.5851,1.8229,4.0412,1,1,1,-1.676662467,1.394896563,1
1021,29.1.09,905.1,1.9142,-1.2344,-1.0237,1.4744,4.323,1.0122,-0.5851,1.8229,1,1,1,1.479562329,-1.707782788,1
1022,30.1.09,927.3,2.4528,1.9142,-1.2344,-1.0237,1.4744,4.323,1.0122,-0.5851,1,1,1,3.459638092,0.579154649,1
1023,2.2.09,906.7,-2.2215,2.4528,1.9142,-1.2344,-1.0237,1.4744,4.323,1.0122,2,1,1,-1.194272032,-3.838767904,1
1024,3.2.09,892,-1.6213,-2.2215,2.4528,1.9142,-1.2344,-1.0237,1.4744,4.323,2,1,1,-0.926670206,1.746499292,1
1025,4.2.09,901.6,1.0762,-1.6213,-2.2215,2.4528,1.9142,-1.2344,-1.0237,1.4744,2,1,1,1.382676496,-1.128001712,1
1026,5.2.09,913.6,1.331,1.0762,-1.6213,-2.2215,2.4528,1.9142,-1.2344,-1.0237,2,1,1,2.246287441,2.108131152,0
1027,6.2.09,913.9,0.0328,1.331,1.0762,-1.6213,-2.2215,2.4528,1.9142,-1.2344,2,1,1,3.216946654,-2.428953229,0
1028,9.2.09,892.4,-2.3526,0.0328,1.331,1.0762,-1.6213,-2.2215,2.4528,1.9142,2,1,1,-2.508551352,-1.518538271,0
1029,10.2.09,913.7,2.3868,-2.3526,0.0328,1.331,1.0762,-1.6213,-2.2215,2.4528,2,1,1,2.339182809,-5.080895011,0
1030,11.2.09,943.8,3.2943,2.3868,-2.3526,0.0328,1.331,1.0762,-1.6213,-2.2215,2,1,1,2.971431187,-4.287618224,0
1031,12.2.09,948.5,0.498,3.2943,2.3868,-2.3526,0.0328,1.331,1.0762,-1.6213,2,1,1,-0.073993553,-5.453531328,0
1032,13.2.09,941.5,-0.738,0.498,3.2943,2.3868,-2.3526,0.0328,1.331,1.0762,2,1,1,0.851534766,10.38846035,0
1033,17.2.09,967,2.7084,-0.738,0.498,3.2943,2.3868,-2.3526,0.0328,1.331,2,1,1,2.848755445,-6.878160842,2
1034,18.2.09,977.7,1.1065,2.7084,-0.738,0.498,3.2943,2.3868,-2.3526,0.0328,2,1,1,1.998855836,-0.887493188,2
1035,19.2.09,976.1,-0.1637,1.1065,2.7084,-0.738,0.498,3.2943,2.3868,-2.3526,2,1,1,-2.484605916,14.03813045,2
1036,20.2.09,1001.8,2.6329,-0.1637,1.1065,2.7084,-0.738,0.498,3.2943,2.3868,2,1,1,3.983351185,-1.36778349,2
1037,23.2.09,994.6,-0.7187,2.6329,-0.1637,1.1065,2.7084,-0.738,0.498,3.2943,2,1,1,-0.276090296,-1.284026753,2
1038,24.2.09,969.1,-2.5638,-0.7187,2.6329,-0.1637,1.1065,2.7084,-0.738,0.498,2,1,1,-3.149224288,3.954215692,2
1039,25.2.09,965.7,-0.3508,-2.5638,-0.7187,2.6329,-0.1637,1.1065,2.7084,-0.738,2,1,1,-0.857570823,6.356358793,2
1040,26.2.09,941.8,-2.4749,-0.3508,-2.5638,-0.7187,2.6329,-0.1637,1.1065,2.7084,2,1,1,-6.653213624,6.400002872,0
1041,27.2.09,941.5,-0.0319,-2.4749,-0.3508,-2.5638,-0.7187,2.6329,-0.1637,1.1065,2,1,1,1.042472825,-1.017255389,0
1042,2.3.09,939,-0.2655,-0.0319,-2.4749,-0.3508,-2.5638,-0.7187,2.6329,-0.1637,3,1,1,-0.267480683,-10.29936767,0
1043,3.3.09,912.9,-2.7796,-0.2655,-0.0319,-2.4749,-0.3508,-2.5638,-0.7187,2.6329,3,1,1,-2.720310274,3.735989895,0
1044,4.3.09,906,-0.7558,-2.7796,-0.2655,-0.0319,-2.4749,-0.3508,-2.5638,-0.7187,3,1,1,1.614808418,8.955580806,0
1045,5.3.09,927,2.3179,-0.7558,-2.7796,-0.2655,-0.0319,-2.4749,-0.3508,-2.5638,3,1,1,1.589146742,-3.900397567,0
1046,6.3.09,942.1,1.6289,2.3179,-0.7558,-2.7796,-0.2655,-0.0319,-2.4749,-0.3508,3,1,1,1.66349042,4.379729009,0
1047,9.3.09,917.7,-2.59,1.6289,2.3179,-0.7558,-2.7796,-0.2655,-0.0319,-2.4749,3,1,1,-2.799670842,3.405094951,0
1048,10.3.09,895.6,-2.4082,-2.59,1.6289,2.3179,-0.7558,-2.7796,-0.2655,-0.0319,3,1,1,-3.011578343,-2.889315103,0
1049,11.3.09,910.4,1.6525,-2.4082,-2.59,1.6289,2.3179,-0.7558,-2.7796,-0.2655,3,1,1,2.030248027,-7.394437368,0
1050,12.3.09,923.7,1.4609,1.6525,-2.4082,-2.59,1.6289,2.3179,-0.7558,-2.7796,3,1,1,1.115884568,11.10322879,0
1051,13.3.09,929.8,0.6604,1.4609,1.6525,-2.4082,-2.59,1.6289,2.3179,-0.7558,3,1,1,2.09908439,-1.658513288,0
1052,16.3.09,921.6,-0.8819,0.6604,1.4609,1.6525,-2.4082,-2.59,1.6289,2.3179,3,1,1,-2.456536814,2.378375079,2
1053,17.3.09,916.4,-0.5642,-0.8819,0.6604,1.4609,1.6525,-2.4082,-2.59,1.6289,3,1,1,-1.704760309,3.8226007,0
1054,18.3.09,888.7,-3.0227,-0.5642,-0.8819,0.6604,1.4609,1.6525,-2.4082,-2.59,3,1,1,-5.794249791,-2.074858545,0
1055,19.3.09,958.3,7.8317,-3.0227,-0.5642,-0.8819,0.6604,1.4609,1.6525,-2.4082,3,1,1,12.9707131,7.208145544,2
1056,20.3.09,955.8,-0.2609,7.8317,-3.0227,-0.5642,-0.8819,0.6604,1.4609,1.6525,3,1,1,2.422219736,-1.065683454,2
1057,23.3.09,952.1,-0.3871,-0.2609,7.8317,-3.0227,-0.5642,-0.8819,0.6604,1.4609,3,1,1,0.253133738,5.366231473,2
1058,24.3.09,923.3,-3.0249,-0.3871,-0.2609,7.8317,-3.0227,-0.5642,-0.8819,0.6604,3,1,1,-3.736838734,0.334573063,0
1059,25.3.09,935.4,1.3105,-3.0249,-0.3871,-0.2609,7.8317,-3.0227,-0.5642,-0.8819,3,1,1,0.599519818,-2.241569275,2
1060,26.3.09,939.6,0.449,1.3105,-3.0249,-0.3871,-0.2609,7.8317,-3.0227,-0.5642,3,1,1,1.363234263,2.975174685,2
1061,27.3.09,923,-1.7667,0.449,1.3105,-3.0249,-0.3871,-0.2609,7.8317,-3.0227,3,1,1,-2.616299974,-3.606917701,0
1062,30.3.09,915.5,-0.8126,-1.7667,0.449,1.3105,-3.0249,-0.3871,-0.2609,7.8317,3,1,1,-1.720629642,-7.579230889,0
1063,31.3.09,922.6,0.7755,-0.8126,-1.7667,0.449,1.3105,-3.0249,-0.3871,-0.2609,3,1,1,-0.36857393,2.582111142,0
1064,1.4.09,926.1,0.3794,0.7755,-0.8126,-1.7667,0.449,1.3105,-3.0249,-0.3871,4,1,2,-0.077073053,-2.557391183,0
1065,2.4.09,907.4,-2.0192,0.3794,0.7755,-0.8126,-1.7667,0.449,1.3105,-3.0249,4,1,2,0.38565515,8.782806476,0
1066,3.4.09,895.6,-1.3004,-2.0192,0.3794,0.7755,-0.8126,-1.7667,0.449,1.3105,4,1,2,-2.228197881,-0.246962518,0
1067,6.4.09,871.5,-2.6909,-1.3004,-2.0192,0.3794,0.7755,-0.8126,-1.7667,0.449,4,1,2,-4.872305074,-2.780421122,0
1068,7.4.09,882.2,1.2278,-2.6909,-1.3004,-2.0192,0.3794,0.7755,-0.8126,-1.7667,4,1,2,0.826108098,-3.721836904,0
1069,8.4.09,884.8,0.2947,1.2278,-2.6909,-1.3004,-2.0192,0.3794,0.7755,-0.8126,4,1,2,1.065138183,0.467954293,0
1070,9.4.09,882.2,-0.2938,0.2947,1.2278,-2.6909,-1.3004,-2.0192,0.3794,0.7755,4,1,2,-0.081071981,5.791819661,0
1071,13.4.09,894.7,1.4169,-0.2938,0.2947,1.2278,-2.6909,-1.3004,-2.0192,0.3794,4,1,2,3.553750362,-4.192194432,0
1072,14.4.09,890.9,-0.4247,1.4169,-0.2938,0.2947,1.2278,-2.6909,-1.3004,-2.0192,4,1,2,-0.023500007,-1.278720079,0
1073,15.4.09,892.8,0.2133,-0.4247,1.4169,-0.2938,0.2947,1.2278,-2.6909,-1.3004,4,1,2,0.27429347,-0.323820781,0
1074,16.4.09,879.3,-1.5121,0.2133,-0.4247,1.4169,-0.2938,0.2947,1.2278,-2.6909,4,1,2,-4.259476929,1.482232573,1
1075,17.4.09,867.4,-1.3533,-1.5121,0.2133,-0.4247,1.4169,-0.2938,0.2947,1.2278,4,1,2,-3.795919613,0.700284698,1
1076,20.4.09,887,2.2596,-1.3533,-1.5121,0.2133,-0.4247,1.4169,-0.2938,0.2947,4,1,2,2.672893832,-8.841646336,0
1077,21.4.09,882.1,-0.5524,2.2596,-1.3533,-1.5121,0.2133,-0.4247,1.4169,-0.2938,4,1,2,-0.371901445,1.373141322,1
1078,22.4.09,891.8,1.0996,-0.5524,2.2596,-1.3533,-1.5121,0.2133,-0.4247,1.4169,4,1,2,2.032350721,5.031176601,0
1079,23.4.09,905.9,1.5811,1.0996,-0.5524,2.2596,-1.3533,-1.5121,0.2133,-0.4247,4,1,2,3.658534978,1.576254825,0
1080,24.4.09,913.6,0.85,1.5811,1.0996,-0.5524,2.2596,-1.3533,-1.5121,0.2133,4,1,2,1.294117348,3.88956136,0
1081,27.4.09,907.4,-0.6786,0.85,1.5811,1.0996,-0.5524,2.2596,-1.3533,-1.5121,4,1,2,0.271001529,-2.73520828,0
1082,28.4.09,892.8,-1.609,-0.6786,0.85,1.5811,1.0996,-0.5524,2.2596,-1.3533,4,1,2,-4.285709341,-0.43877388,0
1083,29.4.09,899.8,0.7841,-1.609,-0.6786,0.85,1.5811,1.0996,-0.5524,2.2596,4,1,2,2.896323026,2.103371575,1
1084,30.4.09,890.7,-1.0113,0.7841,-1.609,-0.6786,0.85,1.5811,1.0996,-0.5524,4,1,2,-3.520459582,0.294286262,1
1085,1.5.09,887.6,-0.348,-1.0113,0.7841,-1.609,-0.6786,0.85,1.5811,1.0996,5,1,2,1.422179868,4.068861257,1
1086,4.5.09,901.6,1.5773,-0.348,-1.0113,0.7841,-1.609,-0.6786,0.85,1.5811,5,1,2,4.911866124,2.387218871,1
1087,5.5.09,903.7,0.2329,1.5773,-0.348,-1.0113,0.7841,-1.609,-0.6786,0.85,5,1,2,2.360039758,-1.156601898,1
1088,6.5.09,910.5,0.7525,0.2329,1.5773,-0.348,-1.0113,0.7841,-1.609,-0.6786,5,1,2,2.163855787,4.643387803,1
1089,7.5.09,915,0.4942,0.7525,0.2329,1.5773,-0.348,-1.0113,0.7841,-1.609,5,1,2,2.337128876,0.656725117,1
1090,8.5.09,914.4,-0.0656,0.4942,0.7525,0.2329,1.5773,-0.348,-1.0113,0.7841,5,1,2,-0.549526576,3.385649823,1
1091,11.5.09,913,-0.1531,-0.0656,0.4942,0.7525,0.2329,1.5773,-0.348,-1.0113,5,1,2,-0.322928417,-0.221731308,1
1092,12.5.09,923.5,1.1501,-0.1531,-0.0656,0.4942,0.7525,0.2329,1.5773,-0.348,5,1,2,2.195819611,0.59828799,1
1093,13.5.09,925.5,0.2166,1.1501,-0.1531,-0.0656,0.4942,0.7525,0.2329,1.5773,5,1,2,-1.373721022,-1.410362001,1
1094,14.5.09,928,0.2701,0.2166,1.1501,-0.1531,-0.0656,0.4942,0.7525,0.2329,5,1,2,0.142860413,1.034123525,0
1095,15.5.09,930.9,0.3125,0.2701,0.2166,1.1501,-0.1531,-0.0656,0.4942,0.7525,5,1,2,-0.213984919,-3.889455511,0
1096,18.5.09,921.3,-1.0313,0.3125,0.2701,0.2166,1.1501,-0.1531,-0.0656,0.4942,5,1,2,-1.286628695,4.774580439,0
1097,19.5.09,926.3,0.5427,-1.0313,0.3125,0.2701,0.2166,1.1501,-0.1531,-0.0656,5,1,2,2.172333294,1.050318075,0
1098,20.5.09,937,1.1551,0.5427,-1.0313,0.3125,0.2701,0.2166,1.1501,-0.1531,5,1,2,1.13395326,4.006704658,0
1099,21.5.09,950.8,1.4728,1.1551,0.5427,-1.0313,0.3125,0.2701,0.2166,1.1501,5,1,2,1.156271595,-1.595747363,0
1100,22.5.09,958.5,0.8098,1.4728,1.1551,0.5427,-1.0313,0.3125,0.2701,0.2166,5,1,2,1.718040763,1.015559279,0
1101,26.5.09,953.1,-0.5634,0.8098,1.4728,1.1551,0.5427,-1.0313,0.3125,0.2701,5,1,2,-0.647002083,1.264800741,0
1102,27.5.09,953.2,0.0105,-0.5634,0.8098,1.4728,1.1551,0.5427,-1.0313,0.3125,5,1,2,1.816557336,1.601281005,0
1103,28.5.09,961.5,0.8707,0.0105,-0.5634,0.8098,1.4728,1.1551,0.5427,-1.0313,5,1,2,1.999595621,2.568953583,0
1104,29.5.09,978.8,1.7993,0.8707,0.0105,-0.5634,0.8098,1.4728,1.1551,0.5427,5,1,2,2.97030214,1.889974943,2
1105,1.6.09,978.6,-0.0204,1.7993,0.8707,0.0105,-0.5634,0.8098,1.4728,1.1551,6,1,2,0.801282032,3.423321303,2
1106,2.6.09,983.2,0.4701,-0.0204,1.7993,0.8707,0.0105,-0.5634,0.8098,1.4728,6,1,2,1.399041704,-0.043742751,2
1107,3.6.09,964.5,-1.902,0.4701,-0.0204,1.7993,0.8707,0.0105,-0.5634,0.8098,6,1,2,-4.045152188,-3.544858055,0
1108,4.6.09,981.2,1.7315,-1.902,0.4701,-0.0204,1.7993,0.8707,0.0105,-0.5634,6,1,2,3.810458666,4.068352541,2
1109,5.6.09,961.7,-1.9874,1.7315,-1.902,0.4701,-0.0204,1.7993,0.8707,0.0105,6,1,2,-3.192091907,-0.537705465,0
1110,8.6.09,951.7,-1.0398,-1.9874,1.7315,-1.902,0.4701,-0.0204,1.7993,0.8707,6,1,2,-2.816080601,-0.511405744,0
1111,9.6.09,954,0.2417,-1.0398,-1.9874,1.7315,-1.902,0.4701,-0.0204,1.7993,6,1,2,1.238040699,2.819805994,0
1112,10.6.09,954,0,0.2417,-1.0398,-1.9874,1.7315,-1.902,0.4701,-0.0204,6,1,2,0.561872268,1.885444443,0
1113,11.6.09,961.3,0.7652,0,0.2417,-1.0398,-1.9874,1.7315,-1.902,0.4701,6,1,2,1.761648878,1.892609617,0
1114,12.6.09,940.1,-2.2053,0.7652,0,0.2417,-1.0398,-1.9874,1.7315,-1.902,6,1,2,-3.979072267,-0.880571529,0
1115,15.6.09,926.9,-1.4041,-2.2053,0.7652,0,0.2417,-1.0398,-1.9874,1.7315,6,1,2,-5.684489246,-1.971124585,0
1116,16.6.09,931.6,0.5071,-1.4041,-2.2053,0.7652,0,0.2417,-1.0398,-1.9874,6,1,2,0.713262657,-0.21240657,0
1117,17.6.09,935.4,0.4079,0.5071,-1.4041,-2.2053,0.7652,0,0.2417,-1.0398,6,1,2,1.05524199,0.794660918,0
1118,18.6.09,934,-0.1497,0.4079,0.5071,-1.4041,-2.2053,0.7652,0,0.2417,6,1,2,-0.280327715,0.478676578,0
1119,19.6.09,935.6,0.1713,-0.1497,0.4079,0.5071,-1.4041,-2.2053,0.7652,0,6,1,2,-0.281115761,-2.550090549,0
1120,22.6.09,920.6,-1.6032,0.1713,-0.1497,0.4079,0.5071,-1.4041,-2.2053,0.7652,6,1,2,-3.488617105,-3.767077831,0
1121,23.6.09,923.9,0.3585,-1.6032,0.1713,-0.1497,0.4079,0.5071,-1.4041,-2.2053,6,1,2,1.022341077,3.451363437,0
1122,24.6.09,934.1,1.104,0.3585,-1.6032,0.1713,-0.1497,0.4079,0.5071,-1.4041,6,1,2,0.469860747,-0.823223155,0
1123,25.6.09,939.1,0.5353,1.104,0.3585,-1.6032,0.1713,-0.1497,0.4079,0.5071,6,1,2,0.683504323,2.271741997,0
1124,26.6.09,940.7,0.1704,0.5353,1.104,0.3585,-1.6032,0.1713,-0.1497,0.4079,6,1,2,0.878942314,-1.523564921,0
1125,29.6.09,940.4,-0.0319,0.1704,0.5353,1.104,0.3585,-1.6032,0.1713,-0.1497,6,1,2,-1.204222432,3.368990859,0
1126,30.6.09,927.1,-1.4143,-0.0319,0.1704,0.5353,1.104,0.3585,-1.6032,0.1713,6,1,2,-2.674404555,-2.238073188,0
1127,1.7.09,941,1.4993,-1.4143,-0.0319,0.1704,0.5353,1.104,0.3585,-1.6032,7,2,3,1.222921822,-0.829878146,0
1128,2.7.09,930.7,-1.0946,1.4993,-1.4143,-0.0319,0.1704,0.5353,1.104,0.3585,7,2,3,-2.525474002,-3.722398344,0
1129,6.7.09,924,-0.7199,-1.0946,1.4993,-1.4143,-0.0319,0.1704,0.5353,1.104,7,2,3,-1.239449092,-4.01618488,0
1130,7.7.09,928.8,0.5195,-0.7199,-1.0946,1.4993,-1.4143,-0.0319,0.1704,0.5353,7,2,3,-0.136089834,-1.748638085,0
1131,8.7.09,909,-2.1318,0.5195,-0.7199,-1.0946,1.4993,-1.4143,-0.0319,0.1704,7,2,3,-2.785979565,-4.43349897,0
1132,9.7.09,915.9,0.7591,-2.1318,0.5195,-0.7199,-1.0946,1.4993,-1.4143,-0.0319,7,2,3,0.646368551,0.44895321,0
1133,10.7.09,912.2,-0.404,0.7591,-2.1318,0.5195,-0.7199,-1.0946,1.4993,-1.4143,7,2,3,-2.220672448,-0.860785398,1
1134,13.7.09,922.2,1.0963,-0.404,0.7591,-2.1318,0.5195,-0.7199,-1.0946,1.4993,7,2,3,1.171162163,-0.333946844,0
1135,14.7.09,922.5,0.0325,1.0963,-0.404,0.7591,-2.1318,0.5195,-0.7199,-1.0946,7,2,3,0.547514241,-0.284801764,1
1136,15.7.09,939.1,1.7995,0.0325,1.0963,-0.404,0.7591,-2.1318,0.5195,-0.7199,7,2,3,2.707122044,3.393817947,0
1137,16.7.09,935.1,-0.4259,1.7995,0.0325,1.0963,-0.404,0.7591,-2.1318,0.5195,7,2,3,0.204494989,0.779979745,0
1138,17.7.09,937.2,0.2246,-0.4259,1.7995,0.0325,1.0963,-0.404,0.7591,-2.1318,7,2,3,1.269842986,2.483071435,0
1139,20.7.09,948.5,1.2057,0.2246,-0.4259,1.7995,0.0325,1.0963,-0.404,0.7591,7,2,3,1.656964666,0.660790056,0
1140,21.7.09,946.6,-0.2003,1.2057,0.2246,-0.4259,1.7995,0.0325,1.0963,-0.404,7,2,3,-1.07929746,1.156614073,0
1141,22.7.09,953,0.6761,-0.2003,1.2057,0.2246,-0.4259,1.7995,0.0325,1.0963,7,2,3,1.647740883,1.050680303,0
1142,23.7.09,954.5,0.1574,0.6761,-0.2003,1.2057,0.2246,-0.4259,1.7995,0.0325,7,2,3,0.511140198,2.691134702,0
1143,24.7.09,952.8,-0.1781,0.1574,0.6761,-0.2003,1.2057,0.2246,-0.4259,1.7995,7,2,3,0.762800869,1.325192587,0
1144,27.7.09,953.3,0.0525,-0.1781,0.1574,0.6761,-0.2003,1.2057,0.2246,-0.4259,7,2,3,0.82912597,0.484929003,0
1145,28.7.09,939,-1.5001,0.0525,-0.1781,0.1574,0.6761,-0.2003,1.2057,0.2246,7,2,3,-1.787629647,-1.681769439,0
1146,29.7.09,927.2,-1.2567,-1.5001,0.0525,-0.1781,0.1574,0.6761,-0.2003,1.2057,7,2,3,-3.509278554,-5.771240055,0
1147,30.7.09,934.9,0.8305,-1.2567,-1.5001,0.0525,-0.1781,0.1574,0.6761,-0.2003,7,2,3,1.697724465,5.666936154,0
1148,31.7.09,953.7,2.0109,0.8305,-1.2567,-1.5001,0.0525,-0.1781,0.1574,0.6761,7,2,3,3.375871303,3.749618188,0
1149,3.8.09,956.6,0.3041,2.0109,0.8305,-1.2567,-1.5001,0.0525,-0.1781,0.1574,8,2,3,2.239290055,3.066961809,0
1150,4.8.09,967.5,1.1395,0.3041,2.0109,0.8305,-1.2567,-1.5001,0.0525,-0.1781,8,2,3,3.10986201,-0.223531235,0
1151,5.8.09,964.2,-0.3411,1.1395,0.3041,2.0109,0.8305,-1.2567,-1.5001,0.0525,8,2,3,0.442541771,0.770096704,0
1152,6.8.09,960.7,-0.363,-0.3411,1.1395,0.3041,2.0109,0.8305,-1.2567,-1.5001,8,2,3,-0.779507373,-0.041682338,0
1153,7.8.09,957.3,-0.3539,-0.363,-0.3411,1.1395,0.3041,2.0109,0.8305,-1.2567,8,2,3,0.157130195,-1.403950656,0
1154,10.8.09,945,-1.2849,-0.3539,-0.363,-0.3411,1.1395,0.3041,2.0109,0.8305,8,2,3,-2.134920358,-0.465250007,0
1155,11.8.09,945.8,0.0847,-1.2849,-0.3539,-0.363,-0.3411,1.1395,0.3041,2.0109,8,2,3,-0.069691075,-1.628897381,0
1156,12.8.09,950.7,0.5181,0.0847,-1.2849,-0.3539,-0.363,-0.3411,1.1395,0.3041,8,2,3,1.673871991,1.022327927,0
1157,13.8.09,954.7,0.4207,0.5181,0.0847,-1.2849,-0.3539,-0.363,-0.3411,1.1395,8,2,3,2.757576291,0.513102854,1
1158,14.8.09,947,-0.8065,0.4207,0.5181,0.0847,-1.2849,-0.3539,-0.363,-0.3411,8,2,3,-1.769021347,-4.268285097,1
1159,17.8.09,934.3,-1.3411,-0.8065,0.4207,0.5181,0.0847,-1.2849,-0.3539,-0.363,8,2,3,-5.056068142,-1.125762275,1
1160,18.8.09,937.7,0.3639,-1.3411,-0.8065,0.4207,0.5181,0.0847,-1.2849,-0.3539,8,2,3,-0.10736089,3.655434369,1
1161,19.8.09,943.3,0.5972,0.3639,-1.3411,-0.8065,0.4207,0.5181,0.0847,-1.2849,8,2,3,-0.609057295,4.668298329,1
1162,20.8.09,940.3,-0.318,0.5972,0.3639,-1.3411,-0.8065,0.4207,0.5181,0.0847,8,2,3,0.036047252,0.16570388,1
1163,21.8.09,953.2,1.3719,-0.318,0.5972,0.3639,-1.3411,-0.8065,0.4207,0.5181,8,2,3,2.046695264,1.861040057,1
1164,24.8.09,942.3,-1.1435,1.3719,-0.318,0.5972,0.3639,-1.3411,-0.8065,0.4207,8,2,3,0.218927526,0.64961884,1
1165,25.8.09,944.5,0.2335,-1.1435,1.3719,-0.318,0.5972,0.3639,-1.3411,-0.8065,8,2,3,0.810371159,-3.119536922,1
1166,26.8.09,944.3,-0.0212,0.2335,-1.1435,1.3719,-0.318,0.5972,0.3639,-1.3411,8,2,3,-0.384449549,-0.860517308,1
1167,27.8.09,945.5,0.1271,-0.0212,0.2335,-1.1435,1.3719,-0.318,0.5972,0.3639,8,2,3,-0.245602415,1.483966896,1
1168,28.8.09,957,1.2163,0.1271,-0.0212,0.2335,-1.1435,1.3719,-0.318,0.5972,8,2,3,3.995503723,0.344875165,1
1169,31.8.09,951.7,-0.5538,1.2163,0.1271,-0.0212,0.2335,-1.1435,1.3719,-0.318,8,2,3,0.771099592,-3.821829614,1
1170,1.9.09,954.7,0.3152,-0.5538,1.2163,0.1271,-0.0212,0.2335,-1.1435,1.3719,9,2,3,0.9195871,-2.730125869,1
1171,2.9.09,976.6,2.2939,0.3152,-0.5538,1.2163,0.1271,-0.0212,0.2335,-1.1435,9,2,3,2.028601984,0,0
1172,3.9.09,995.8,1.966,2.2939,0.3152,-0.5538,1.2163,0.1271,-0.0212,0.2335,9,2,3,6.049540334,-0.132261518,0
1173,4.9.09,994.9,-0.0904,1.966,2.2939,0.3152,-0.5538,1.2163,0.1271,-0.0212,9,2,3,-0.030730028,0.088283637,0
1174,8.9.09,997.9,0.3015,-0.0904,1.966,2.2939,0.3152,-0.5538,1.2163,0.1271,9,2,3,1.383510882,4.528082892,0
1175,9.9.09,995.3,-0.2606,0.3015,-0.0904,1.966,2.2939,0.3152,-0.5538,1.2163,9,2,3,-0.272926213,0.295357368,0
1176,10.9.09,995.4,0.0101,-0.2606,0.3015,-0.0904,1.966,2.2939,0.3152,-0.5538,9,2,3,1.258887156,0.883473432,0
1177,11.9.09,1004.9,0.9544,0.0101,-0.2606,0.3015,-0.0904,1.966,2.2939,0.3152,9,2,3,0.156162025,-3.683627239,0
1178,14.9.09,999.9,-0.4976,0.9544,0.0101,-0.2606,0.3015,-0.0904,1.966,2.2939,9,2,3,-0.4497527,-0.620580603,0
1179,15.9.09,1005,0.51,-0.4976,0.9544,0.0101,-0.2606,0.3015,-0.0904,1.966,9,2,3,2.270952428,3.006098862,0
1180,16.9.09,1018.9,1.3831,0.51,-0.4976,0.9544,0.0101,-0.2606,0.3015,-0.0904,9,2,3,2.532691065,2.227550859,0
1181,17.9.09,1012.3,-0.6478,1.3831,0.51,-0.4976,0.9544,0.0101,-0.2606,0.3015,9,2,3,-0.947845281,-0.055166066,1
1182,18.9.09,1009.2,-0.3062,-0.6478,1.3831,0.51,-0.4976,0.9544,0.0101,-0.2606,9,2,3,-1.159895393,-0.593349383,0
1183,21.9.09,1003.7,-0.545,-0.3062,-0.6478,1.3831,0.51,-0.4976,0.9544,0.0101,9,2,3,-1.085486557,-3.23431677,1
1184,22.9.09,1014.2,1.0461,-0.545,-0.3062,-0.6478,1.3831,0.51,-0.4976,0.9544,9,2,3,1.394000552,2.639512253,1
1185,23.9.09,1013,-0.1183,1.0461,-0.545,-0.3062,-0.6478,1.3831,0.51,-0.4976,9,2,3,-1.199320884,-3.605872426,1
1186,24.9.09,997.5,-1.5301,-0.1183,1.0461,-0.545,-0.3062,-0.6478,1.3831,0.51,9,2,3,-3.641637573,-4.465712305,1
1187,25.9.09,990.2,-0.7318,-1.5301,-0.1183,1.0461,-0.545,-0.3062,-0.6478,1.3831,9,2,3,-1.444113562,0.197294361,1
1188,28.9.09,992.5,0.2323,-0.7318,-1.5301,-0.1183,1.0461,-0.545,-0.3062,-0.6478,9,2,3,0.841752263,1.242047465,1
1189,29.9.09,993.1,0.0605,0.2323,-0.7318,-1.5301,-0.1183,1.0461,-0.545,-0.3062,9,2,3,-0.105114685,-0.194490216,1
1190,30.9.09,1008,1.5004,0.0605,0.2323,-0.7318,-1.5301,-0.1183,1.0461,-0.545,9,2,3,2.971029575,5.846202338,1
1191,1.10.09,999.5,-0.8433,1.5004,0.0605,0.2323,-0.7318,-1.5301,-0.1183,1.0461,10,2,4,-1.310413658,0.297407,1
1192,2.10.09,1003.2,0.3702,-0.8433,1.5004,0.0605,0.2323,-0.7318,-1.5301,-0.1183,10,2,4,-1.279078413,-1.228470418,1
1193,5.10.09,1016.7,1.3457,0.3702,-0.8433,1.5004,0.0605,0.2323,-0.7318,-1.5301,10,2,4,1.881788634,0.657622207,0
1194,6.10.09,1038.6,2.154,1.3457,0.3702,-0.8433,1.5004,0.0605,0.2323,-0.7318,10,2,4,4.602435696,0.667509682,0
1195,7.10.09,1043.3,0.4525,2.154,1.3457,0.3702,-0.8433,1.5004,0.0605,0.2323,10,2,4,1.186822875,-1.848190758,0
1196,8.10.09,1055.4,1.1598,0.4525,2.154,1.3457,0.3702,-0.8433,1.5004,0.0605,10,2,4,1.842307955,3.04729446,0
1197,9.10.09,1047.8,-0.7201,1.1598,0.4525,2.154,1.3457,0.3702,-0.8433,1.5004,10,2,4,-0.702247221,0.111583483,0
1198,12.10.09,1056.7,0.8494,-0.7201,1.1598,0.4525,2.154,1.3457,0.3702,-0.8433,10,2,4,0.735508196,2.090009851,0
1199,13.10.09,1064.2,0.7098,0.8494,-0.7201,1.1598,0.4525,2.154,1.3457,0.3702,10,2,4,0.112330567,1.201043979,0
1200,14.10.09,1063.9,-0.0282,0.7098,0.8494,-0.7201,1.1598,0.4525,2.154,1.3457,10,2,4,0.381480411,1.389074522,0
1201,15.10.09,1049.8,-1.3253,-0.0282,0.7098,0.8494,-0.7201,1.1598,0.4525,2.154,10,2,4,-2.755267648,3.192340405,0
1202,16.10.09,1050.7,0.0857,-1.3253,-0.0282,0.7098,0.8494,-0.7201,1.1598,0.4525,10,2,4,0.028741771,1.224538445,1
1203,19.10.09,1057.3,0.6282,0.0857,-1.3253,-0.0282,0.7098,0.8494,-0.7201,1.1598,10,2,4,1.17782198,1.37527295,1
1204,20.10.09,1057.8,0.0473,0.6282,0.0857,-1.3253,-0.0282,0.7098,0.8494,-0.7201,10,2,4,-0.380473256,-0.653189635,1
1205,21.10.09,1063.7,0.5578,0.0473,0.6282,0.0857,-1.3253,-0.0282,0.7098,0.8494,10,2,4,1.521975771,2.882799993,1
1206,22.10.09,1057.8,-0.5547,0.5578,0.0473,0.6282,0.0857,-1.3253,-0.0282,0.7098,10,2,4,-1.57214367,-0.221212116,1
1207,23.10.09,1055.6,-0.208,-0.5547,0.5578,0.0473,0.6282,0.0857,-1.3253,-0.0282,10,2,4,1.032514254,-0.849861338,1
1208,26.10.09,1042.1,-1.2789,-0.208,-0.5547,0.5578,0.0473,0.6282,0.0857,-1.3253,10,2,4,-3.540177252,-2.260869186,1
1209,27.10.09,1034.7,-0.7101,-1.2789,-0.208,-0.5547,0.5578,0.0473,0.6282,0.0857,10,2,4,-3.236943973,1.105748276,1
1210,28.10.09,1029.9,-0.4639,-0.7101,-1.2789,-0.208,-0.5547,0.5578,0.0473,0.6282,10,2,4,-1.814767616,-2.627283328,1
1211,29.10.09,1046.4,1.6021,-0.4639,-0.7101,-1.2789,-0.208,-0.5547,0.5578,0.0473,10,2,4,2.556829432,3.111288007,1
1212,30.10.09,1039.7,-0.6403,1.6021,-0.4639,-0.7101,-1.2789,-0.208,-0.5547,0.5578,10,2,4,-2.402977416,-3.593342491,1
1213,2.11.09,1053.4,1.3177,-0.6403,1.6021,-0.4639,-0.7101,-1.2789,-0.208,-0.5547,11,2,4,1.138738537,1.467528901,1
1214,3.11.09,1084.3,2.9334,1.3177,-0.6403,1.6021,-0.4639,-0.7101,-1.2789,-0.208,11,2,4,4.503680738,1.881481214,1
1215,4.11.09,1086.7,0.2213,2.9334,1.3177,-0.6403,1.6021,-0.4639,-0.7101,-1.2789,11,2,4,1.304530528,1.005028979,1
1216,5.11.09,1088.7,0.184,0.2213,2.9334,1.3177,-0.6403,1.6021,-0.4639,-0.7101,11,2,4,0.028739067,-0.970147717,1
1217,6.11.09,1095.1,0.5879,0.184,0.2213,2.9334,1.3177,-0.6403,1.6021,-0.4639,11,2,4,-0.201148553,-2.750568156,1
1218,9.11.09,1100.8,0.5205,0.5879,0.184,0.2213,2.9334,1.3177,-0.6403,1.6021,11,2,4,0.604661927,2.582978164,1
1219,10.11.09,1101.9,0.0999,0.5205,0.5879,0.184,0.2213,2.9334,1.3177,-0.6403,11,2,4,-1.47681414,-0.478405202,1
1220,11.11.09,1114,1.0981,0.0999,0.5205,0.5879,0.184,0.2213,2.9334,1.3177,11,2,4,1.830121636,0.290949676,1
1221,12.11.09,1106,-0.7181,1.0981,0.0999,0.5205,0.5879,0.184,0.2213,2.9334,11,2,4,-1.551898556,-2.951559503,1
1222,13.11.09,1116.1,0.9132,-0.7181,1.0981,0.0999,0.5205,0.5879,0.184,0.2213,11,2,4,0.666483246,-0.766836429,1
1223,16.11.09,1138.6,2.0159,0.9132,-0.7181,1.0981,0.0999,0.5205,0.5879,0.184,11,2,4,5.872184808,3.339886186,0
1224,17.11.09,1138.8,0.0176,2.0159,0.9132,-0.7181,1.0981,0.0999,0.5205,0.5879,11,2,4,-0.070682879,0.304179796,0
1225,18.11.09,1140.7,0.1668,0.0176,2.0159,0.9132,-0.7181,1.0981,0.0999,0.5205,11,2,4,0.163240888,0.555979839,0
1226,19.11.09,1141.4,0.0614,0.1668,0.0176,2.0159,0.9132,-0.7181,1.0981,0.0999,11,2,4,0.217313611,-2.663989316,0
1227,20.11.09,1146.4,0.4381,0.0614,0.1668,0.0176,2.0159,0.9132,-0.7181,1.0981,11,2,4,-0.075892766,-0.955329038,0
1228,23.11.09,1164.3,1.5614,0.4381,0.0614,0.1668,0.0176,2.0159,0.9132,-0.7181,11,2,4,0.922259378,1.09488572,0
1229,24.11.09,1165.5,0.1031,1.5614,0.4381,0.0614,0.1668,0.0176,2.0159,0.9132,11,2,4,-0.833202609,-1.98556081,0
1230,25.11.09,1186.9,1.8361,0.1031,1.5614,0.4381,0.0614,0.1668,0.0176,2.0159,11,2,4,1.723768399,2.551963335,2
1231,27.11.09,1174.2,-1.07,1.8361,0.1031,1.5614,0.4381,0.0614,0.1668,0.0176,11,2,4,-2.472560393,-2.449969286,2
1232,30.11.09,1181.1,0.5876,-1.07,1.8361,0.1031,1.5614,0.4381,0.0614,0.1668,11,2,4,1.054533892,1.617351319,2
1233,1.12.09,1199.1,1.524,0.5876,-1.07,1.8361,0.1031,1.5614,0.4381,0.0614,12,2,4,3.703700648,1.410460642,2
1234,2.12.09,1212,1.0758,1.524,0.5876,-1.07,1.8361,0.1031,1.5614,0.4381,12,2,4,0.599581696,-2.258522662,2
1235,3.12.09,1217.4,0.4455,1.0758,1.524,0.5876,-1.07,1.8361,0.1031,1.5614,12,2,4,-1.000263243,-0.182766831,2
1236,4.12.09,1168.8,-3.9921,0.4455,1.0758,1.524,0.5876,-1.07,1.8361,0.1031,12,2,4,-3.172437523,-1.294791885,2
1237,7.12.09,1163.4,-0.462,-3.9921,0.4455,1.0758,1.524,0.5876,-1.07,1.8361,12,2,4,-0.865051065,-2.040547092,2
1238,8.12.09,1142.8,-1.7707,-0.462,-3.9921,0.4455,1.0758,1.524,0.5876,-1.07,12,2,4,-3.005020625,-1.771943126,2
1239,9.12.09,1120.4,-1.9601,-1.7707,-0.462,-3.9921,0.4455,1.0758,1.524,0.5876,12,2,4,-3.525436642,-2.685216888,0
1240,10.12.09,1125.7,0.473,-1.9601,-1.7707,-0.462,-3.9921,0.4455,1.0758,1.524,12,2,4,0.087419214,-0.183949705,0
1241,11.12.09,1119.4,-0.5596,0.473,-1.9601,-1.7707,-0.462,-3.9921,0.4455,1.0758,12,2,4,-0.518259478,-0.949813099,0
1242,14.12.09,1123.3,0.3484,-0.5596,0.473,-1.9601,-1.7707,-0.462,-3.9921,0.4455,12,2,4,1.416533511,-0.515243447,0
1243,15.12.09,1122.4,-0.0801,0.3484,-0.5596,0.473,-1.9601,-1.7707,-0.462,-3.9921,12,2,4,0.663741023,1.697597855,0
1244,16.12.09,1135.5,1.1671,-0.0801,0.3484,-0.5596,0.473,-1.9601,-1.7707,-0.462,12,2,4,1.364605642,2.786817305,0
1245,17.12.09,1106.8,-2.5275,1.1671,-0.0801,0.3484,-0.5596,0.473,-1.9601,-1.7707,12,2,4,-2.822560808,-0.01376567,0
1246,18.12.09,1110.8,0.3614,-2.5275,1.1671,-0.0801,0.3484,-0.5596,0.473,-1.9601,12,2,4,0.727590208,0.977287088,0
1247,21.12.09,1095.4,-1.3864,0.3614,-2.5275,1.1671,-0.0801,0.3484,-0.5596,0.473,12,2,4,-1.646921944,-1.21319436,0
1248,22.12.09,1086,-0.8581,-1.3864,0.3614,-2.5275,1.1671,-0.0801,0.3484,-0.5596,12,2,4,-0.029383478,2.663171344,1
1249,23.12.09,1093.3,0.6722,-0.8581,-1.3864,0.3614,-2.5275,1.1671,-0.0801,0.3484,12,2,4,0.94034589,3.051070694,0
1250,24.12.09,1104.1,0.9878,0.6722,-0.8581,-1.3864,0.3614,-2.5275,1.1671,-0.0801,12,2,4,1.443965704,1.799928154,0
1251,28.12.09,1107.2,0.2808,0.9878,0.6722,-0.8581,-1.3864,0.3614,-2.5275,1.1671,12,2,4,0.688738619,0.922477339,0
1252,29.12.09,1097,-0.9212,0.2808,0.9878,0.6722,-0.8581,-1.3864,0.3614,-2.5275,12,2,4,-2.576524444,0.126959639,0
1253,30.12.09,1091.5,-0.5014,-0.9212,0.2808,0.9878,0.6722,-0.8581,-1.3864,0.3614,12,2,4,-1.825523854,0.519837731,0
1254,31.12.09,1095.2,0.339,-0.5014,-0.9212,0.2808,0.9878,0.6722,-0.8581,-1.3864,12,2,4,0.256279734,0.100910485,0
1255,4.1.10,1117.7,2.0544,0.339,-0.5014,-0.9212,0.2808,0.9878,0.6722,-0.8581,1,1,1,3.673760623,2.709175289,0
1256,5.1.10,1118.1,0.0358,2.0544,0.339,-0.5014,-0.9212,0.2808,0.9878,0.6722,1,1,1,1.955272895,0.318972519,0
1257,6.1.10,1135.9,1.592,0.0358,2.0544,0.339,-0.5014,-0.9212,0.2808,0.9878,1,1,1,2.148360421,1.724353333,2
1258,7.1.10,1133.1,-0.2465,1.592,0.0358,2.0544,0.339,-0.5014,-0.9212,0.2808,1,1,1,0.935969142,-0.625146238,2
1259,8.1.10,1138.2,0.4501,-0.2465,1.592,0.0358,2.0544,0.339,-0.5014,-0.9212,1,1,1,0.681830572,0.108875313,0
1260,11.1.10,1150.7,1.0982,0.4501,-0.2465,1.592,0.0358,2.0544,0.339,-0.5014,1,1,1,1.218985693,-0.277949676,0
1261,12.1.10,1128.9,-1.8945,1.0982,0.4501,-0.2465,1.592,0.0358,2.0544,0.339,1,1,1,-2.355084948,-2.096456372,0
1262,13.1.10,1136.4,0.6644,-1.8945,1.0982,0.4501,-0.2465,1.592,0.0358,2.0544,1,1,1,1.617059013,-1.411064954,2
1263,14.1.10,1142.6,0.5456,0.6644,-1.8945,1.0982,0.4501,-0.2465,1.592,0.0358,1,1,1,0.56640167,-0.326430799,2
1264,15.1.10,1130.1,-1.094,0.5456,0.6644,-1.8945,1.0982,0.4501,-0.2465,1.592,1,1,1,-1.244436814,-1.750849478,2
1265,19.1.10,1139.7,0.8495,-1.094,0.5456,0.6644,-1.8945,1.0982,0.4501,-0.2465,1,1,1,2.025968784,1.307688004,2
1266,20.1.10,1112.3,-2.4041,0.8495,-1.094,0.5456,0.6644,-1.8945,1.0982,0.4501,1,1,1,-4.887144141,-1.771695717,0
1267,21.1.10,1102.7,-0.8631,-2.4041,0.8495,-1.094,0.5456,0.6644,-1.8945,1.0982,1,1,1,-2.070966909,-1.984025845,0
1268,22.1.10,1089.2,-1.2243,-0.8631,-2.4041,0.8495,-1.094,0.5456,0.6644,-1.8945,1,1,1,-3.303618043,-2.024186223,0
1269,25.1.10,1095.2,0.5509,-1.2243,-0.8631,-2.4041,0.8495,-1.094,0.5456,0.6644,1,1,1,1.259021518,0.965925962,0
1270,26.1.10,1097.9,0.2465,0.5509,-1.2243,-0.8631,-2.4041,0.8495,-1.094,0.5456,1,1,1,-1.663649751,-0.730803928,0
1271,27.1.10,1084.4,-1.2296,0.2465,0.5509,-1.2243,-0.8631,-2.4041,0.8495,-1.094,1,1,1,-2.481308075,-1.3920505,0
1272,28.1.10,1083.6,-0.0738,-1.2296,0.2465,0.5509,-1.2243,-0.8631,-2.4041,0.8495,1,1,1,-1.375699045,-0.040720483,0
1273,29.1.10,1083,-0.0554,-0.0738,-1.2296,0.2465,0.5509,-1.2243,-0.8631,-2.4041,1,1,1,-0.117263919,-1.018468232,0
1274,1.2.10,1104.3,1.9668,-0.0554,-0.0738,-1.2296,0.2465,0.5509,-1.2243,-0.8631,2,1,1,2.904277927,2.112773945,0
1275,2.2.10,1117.4,1.1863,1.9668,-0.0554,-0.0738,-1.2296,0.2465,0.5509,-1.2243,2,1,1,0.498409798,3.76192804,0
1276,3.2.10,1111.4,-0.537,1.1863,1.9668,-0.0554,-0.0738,-1.2296,0.2465,0.5509,2,1,1,-2.545414636,-0.323708389,0
1277,4.2.10,1062.4,-4.4089,-0.537,1.1863,1.9668,-0.0554,-0.0738,-1.2296,0.2465,2,1,1,-5.928872383,-4.988313588,1
1278,5.2.10,1052.2,-0.9601,-4.4089,-0.537,1.1863,1.9668,-0.0554,-0.0738,-1.2296,2,1,1,-3.389170591,-2.66611562,1
1279,8.2.10,1065.7,1.283,-0.9601,-4.4089,-0.537,1.1863,1.9668,-0.0554,-0.0738,2,1,1,1.720300312,0.983279849,1
1280,9.2.10,1076.7,1.0322,1.283,-0.9601,-4.4089,-0.537,1.1863,1.9668,-0.0554,2,1,1,2.34115722,2.587287003,1
1281,10.2.10,1075.8,-0.0836,1.0322,1.283,-0.9601,-4.4089,-0.537,1.1863,1.9668,2,1,1,-0.835977656,1.044063245,1
1282,11.2.10,1094.2,1.7103,-0.0836,1.0322,1.283,-0.9601,-4.4089,-0.537,1.1863,2,1,1,1.895176846,1.019863353,0
1283,12.2.10,1089.5,-0.4295,1.7103,-0.0836,1.0322,1.283,-0.9601,-4.4089,-0.537,2,1,1,-0.917134742,-1.527632232,0
1284,16.2.10,1119.3,2.7352,-0.4295,1.7103,-0.0836,1.0322,1.283,-0.9601,-4.4089,2,1,1,4.537505623,3.885073505,0
1285,17.2.10,1119.5,0.0179,2.7352,-0.4295,1.7103,-0.0836,1.0322,1.283,-0.9601,2,1,1,-0.321981715,0.415530043,0
1286,18.2.10,1118,-0.134,0.0179,2.7352,-0.4295,1.7103,-0.0836,1.0322,1.283,2,1,1,-0.236054838,2.237159817,0
1287,19.2.10,1121.3,0.2952,-0.134,0.0179,2.7352,-0.4295,1.7103,-0.0836,1.0322,2,1,1,2.198011536,0.948646627,0
1288,22.2.10,1112.6,-0.7759,0.2952,-0.134,0.0179,2.7352,-0.4295,1.7103,-0.0836,2,1,1,-1.163711591,0.438549197,0
1289,23.2.10,1102.7,-0.8898,-0.7759,0.2952,-0.134,0.0179,2.7352,-0.4295,1.7103,2,1,1,-2.05893592,-1.62176022,0
1290,24.2.10,1096.5,-0.5623,-0.8898,-0.7759,0.2952,-0.134,0.0179,2.7352,-0.4295,2,1,1,0.327291335,1.445599012,0
1291,25.2.10,1107.8,1.0306,-0.5623,-0.8898,-0.7759,0.2952,-0.134,0.0179,2.7352,2,1,1,1.066505862,-2.287502289,0
1292,26.2.10,1118.3,0.9478,1.0306,-0.5623,-0.8898,-0.7759,0.2952,-0.134,0.0179,2,1,1,2.42085273,1.906109157,0
1293,1.3.10,1117.8,-0.0447,0.9478,1.0306,-0.5623,-0.8898,-0.7759,0.2952,-0.134,3,1,1,-0.309094516,-1.20513014,0
1294,2.3.10,1136.9,1.7087,-0.0447,0.9478,1.0306,-0.5623,-0.8898,-0.7759,0.2952,3,1,1,3.617248722,1.245239384,0
1295,3.3.10,1142.7,0.5102,1.7087,-0.0447,0.9478,1.0306,-0.5623,-0.8898,-0.7759,3,1,1,1.554795705,1.493476954,2
1296,4.3.10,1132.6,-0.8839,0.5102,1.7087,-0.0447,0.9478,1.0306,-0.5623,-0.8898,3,1,1,-0.883932508,-0.816129145,0
1297,5.3.10,1134.8,0.1942,-0.8839,0.5102,1.7087,-0.0447,0.9478,1.0306,-0.5623,3,1,1,1.200742438,1.608279429,0
1298,8.3.10,1123.6,-0.987,0.1942,-0.8839,0.5102,1.7087,-0.0447,0.9478,1.0306,3,1,1,-0.633560109,0.4539911,0
1299,9.3.10,1122,-0.1424,-0.987,0.1942,-0.8839,0.5102,1.7087,-0.0447,0.9478,3,1,1,0.382564234,-0.464156431,0
1300,10.3.10,1107.8,-1.2656,-0.1424,-0.987,0.1942,-0.8839,0.5102,1.7087,-0.0447,3,1,1,-1.870893275,0.736284808,0
1301,11.3.10,1108,0.018,-1.2656,-0.1424,-0.987,0.1942,-0.8839,0.5102,1.7087,3,1,1,0.835590224,0.024368709,0
1302,12.3.10,1101.5,-0.5866,0.018,-1.2656,-0.1424,-0.987,0.1942,-0.8839,0.5102,3,1,1,-0.653591934,-1.059557594,0
1303,15.3.10,1105.1,0.3268,-0.5866,0.018,-1.2656,-0.1424,-0.987,0.1942,-0.8839,3,1,1,0.346569635,-1.77251951,0
1304,16.3.10,1122.2,1.5474,0.3268,-0.5866,0.018,-1.2656,-0.1424,-0.987,0.1942,3,1,1,1.463443173,2.380944641,0
1305,17.3.10,1124,0.1604,1.5474,0.3268,-0.5866,0.018,-1.2656,-0.1424,-0.987,3,1,1,0.975022349,1.505512121,0
1306,18.3.10,1127.4,0.3025,0.1604,1.5474,0.3268,-0.5866,0.018,-1.2656,-0.1424,3,1,1,-0.542802059,-0.880264505,0
1307,19.3.10,1107.4,-1.774,0.3025,0.1604,1.5474,0.3268,-0.5866,0.018,-1.2656,3,1,1,-2.240474515,-1.849144403,1
1308,22.3.10,1099.3,-0.7314,-1.774,0.3025,0.1604,1.5474,0.3268,-0.5866,0.018,3,1,1,-0.570018928,0.706494413,1
1309,23.3.10,1103.5,0.3821,-0.7314,-1.774,0.3025,0.1604,1.5474,0.3268,-0.5866,3,1,1,0.543729631,0.8123122,1
1310,24.3.10,1088.6,-1.3503,0.3821,-0.7314,-1.774,0.3025,0.1604,1.5474,0.3268,3,1,1,-2.26898483,-1.587111456,1
1311,25.3.10,1092.7,0.3766,-1.3503,0.3821,-0.7314,-1.774,0.3025,0.1604,1.5474,3,1,1,0.607481267,-0.099245541,0
1312,26.3.10,1104.2,1.0524,0.3766,-1.3503,0.3821,-0.7314,-1.774,0.3025,0.1604,3,1,1,0.998384791,-0.658138318,0
1313,29.3.10,1110.3,0.5524,1.0524,0.3766,-1.3503,0.3821,-0.7314,-1.774,0.3025,3,1,1,2.835326844,2.712497711,0
1314,30.3.10,1104.5,-0.5224,0.5524,1.0524,0.3766,-1.3503,0.3821,-0.7314,-1.774,3,1,1,-0.328090768,0.24340341,0
1315,31.3.10,1113.3,0.7967,-0.5224,0.5524,1.0524,0.3766,-1.3503,0.3821,-0.7314,3,1,1,1.131896198,1.68750679,0
1316,1.4.10,1125.1,1.0599,0.7967,-0.5224,0.5524,1.0524,0.3766,-1.3503,0.3821,4,1,2,2.078576625,1.325215595,0
1317,5.4.10,1132.9,0.6933,1.0599,0.7967,-0.5224,0.5524,1.0524,0.3766,-1.3503,4,1,2,1.275456746,2.061977075,0
1318,6.4.10,1135.1,0.1942,0.6933,1.0599,0.7967,-0.5224,0.5524,1.0524,0.3766,4,1,2,-1.032922413,0.253975507,0
1319,7.4.10,1152.3,1.5153,0.1942,0.6933,1.0599,0.7967,-0.5224,0.5524,1.0524,4,1,2,1.495784181,-1.105480337,0
1320,8.4.10,1152.2,-0.0087,1.5153,0.1942,0.6933,1.0599,0.7967,-0.5224,0.5524,4,1,2,-0.379434953,-0.570561108,0
1321,9.4.10,1161.1,0.7724,-0.0087,1.5153,0.1942,0.6933,1.0599,0.7967,-0.5224,4,1,2,1.236481234,-0.550417173,0
1322,12.4.10,1161.6,0.0431,0.7724,-0.0087,1.5153,0.1942,0.6933,1.0599,0.7967,4,1,2,0.34350995,-0.682997932,0
1323,13.4.10,1152.8,-0.7576,0.0431,0.7724,-0.0087,1.5153,0.1942,0.6933,1.0599,4,1,2,-0.896587563,-0.343838391,0
1324,14.4.10,1159,0.5378,-0.7576,0.0431,0.7724,-0.0087,1.5153,0.1942,0.6933,4,1,2,0.910179027,2.129676646,0
1325,15.4.10,1159.7,0.0604,0.5378,-0.7576,0.0431,0.7724,-0.0087,1.5153,0.1942,4,1,2,0.108674519,-0.384429422,0
1326,16.4.10,1136.3,-2.0178,0.0604,0.5378,-0.7576,0.0431,0.7724,-0.0087,1.5153,4,1,2,-4.097911254,-2.654665204,1
1327,19.4.10,1135.2,-0.0968,-2.0178,0.0604,0.5378,-0.7576,0.0431,0.7724,-0.0087,4,1,2,0.316937879,-2.150409613,1
1328,20.4.10,1138.6,0.2995,-0.0968,-2.0178,0.0604,0.5378,-0.7576,0.0431,0.7724,4,1,2,0.507758255,2.45549426,1
1329,21.4.10,1148.2,0.8431,0.2995,-0.0968,-2.0178,0.0604,0.5378,-0.7576,0.0431,4,1,2,1.448214496,0.275618173,1
1330,22.4.10,1142.3,-0.5138,0.8431,0.2995,-0.0968,-2.0178,0.0604,0.5378,-0.7576,4,1,2,-0.370715629,0.023896562,1
1331,23.4.10,1153.1,0.9455,-0.5138,0.8431,0.2995,-0.0968,-2.0178,0.0604,0.5378,4,1,2,1.016320404,1.696542234,1
1332,26.4.10,1153.5,0.0347,0.9455,-0.5138,0.8431,0.2995,-0.0968,-2.0178,0.0604,4,1,2,0.797187665,-1.080833845,1
1333,27.4.10,1161.7,0.7109,0.0347,0.9455,-0.5138,0.8431,0.2995,-0.0968,-2.0178,4,1,2,-1.189049942,-2.090254834,1
1334,28.4.10,1171.3,0.8264,0.7109,0.0347,0.9455,-0.5138,0.8431,0.2995,-0.0968,4,1,2,-0.04967361,0.94614114,0
1335,29.4.10,1168.4,-0.2476,0.8264,0.7109,0.0347,0.9455,-0.5138,0.8431,0.2995,4,1,2,2.441041734,2.343183032,0
1336,30.4.10,1180.1,1.0014,-0.2476,0.8264,0.7109,0.0347,0.9455,-0.5138,0.8431,4,1,2,0.334251309,1.150643863,0
1337,3.5.10,1182.7,0.2203,1.0014,-0.2476,0.8264,0.7109,0.0347,0.9455,-0.5138,5,1,2,1.085377807,0.046431706,0
1338,4.5.10,1168.6,-1.1922,0.2203,1.0014,-0.2476,0.8264,0.7109,0.0347,0.9455,5,1,2,-5.288890376,-4.002789743,0
1339,5.5.10,1174.6,0.5134,-1.1922,0.2203,1.0014,-0.2476,0.8264,0.7109,0.0347,5,1,2,-1.72298294,-3.347832626,0
1340,6.5.10,1196.9,1.8985,0.5134,-1.1922,0.2203,1.0014,-0.2476,0.8264,0.7109,5,1,2,-0.102790528,-3.576341837,0
1341,7.5.10,1210,1.0945,1.8985,0.5134,-1.1922,0.2203,1.0014,-0.2476,0.8264,5,1,2,5.350716414,-2.593697295,0
1342,10.5.10,1200.4,-0.7934,1.0945,1.8985,0.5134,-1.1922,0.2203,1.0014,-0.2476,5,1,2,0.548048334,2.250036517,0
1343,11.5.10,1219.9,1.6245,-0.7934,1.0945,1.8985,0.5134,-1.1922,0.2203,1.0014,5,1,2,4.004310011,-0.559896208,0
1344,12.5.10,1242.7,1.869,1.6245,-0.7934,1.0945,1.8985,0.5134,-1.1922,0.2203,5,1,2,1.909506241,-0.942780142,0
1345,13.5.10,1228.8,-1.1185,1.869,1.6245,-0.7934,1.0945,1.8985,0.5134,-1.1922,5,1,2,-0.835028323,-1.652346298,0
1346,14.5.10,1227.4,-0.1139,-1.1185,1.869,1.6245,-0.7934,1.0945,1.8985,0.5134,5,1,2,-1.406860599,-3.750001154,0
1347,17.5.10,1227.7,0.0244,-0.1139,-1.1185,1.869,1.6245,-0.7934,1.0945,1.8985,5,1,2,-1.911262297,-2.136571381,0
1348,18.5.10,1214.3,-1.0915,0.0244,-0.1139,-1.1185,1.869,1.6245,-0.7934,1.0945,5,1,2,0.106187729,-0.956047591,0
1349,19.5.10,1192.6,-1.787,-1.0915,0.0244,-0.1139,-1.1185,1.869,1.6245,-0.7934,5,1,2,-4.051975378,0.662727359,0
1350,20.5.10,1187.8,-0.4025,-1.787,-1.0915,0.0244,-0.1139,-1.1185,1.869,1.6245,5,1,2,-2.19445784,-2.662087501,0
1351,21.5.10,1175.7,-1.0187,-0.4025,-1.787,-1.0915,0.0244,-0.1139,-1.1185,1.869,5,1,2,-0.356051342,2.98485328,1
1352,24.5.10,1193.8,1.5395,-1.0187,-0.4025,-1.787,-1.0915,0.0244,-0.1139,-1.1185,5,1,2,1.990810628,0.242715829,0
1353,25.5.10,1197.8,0.3351,1.5395,-1.0187,-0.4025,-1.787,-1.0915,0.0244,-0.1139,5,1,2,-1.217883764,-2.079474581,0
1354,26.5.10,1213.3,1.294,0.3351,1.5395,-1.0187,-0.4025,-1.787,-1.0915,0.0244,5,1,2,2.978096685,4.014548562,0
1355,27.5.10,1211.9,-0.1154,1.294,0.3351,1.5395,-1.0187,-0.4025,-1.787,-1.0915,5,1,2,0.90203869,4.251154838,0
1356,28.5.10,1212.2,0.0247,-0.1154,1.294,0.3351,1.5395,-1.0187,-0.4025,-1.787,5,1,2,-0.249235696,-0.778003766,0
1357,1.6.10,1224.8,1.0394,0.0247,-0.1154,1.294,0.3351,1.5395,-1.0187,-0.4025,6,1,2,0.700676891,-1.879139336,0
1358,2.6.10,1220.6,-0.3429,1.0394,0.0247,-0.1154,1.294,0.3351,1.5395,-1.0187,6,1,2,-1.272923675,0.385779515,0
1359,3.6.10,1208.3,-1.0077,-0.3429,1.0394,0.0247,-0.1154,1.294,0.3351,1.5395,6,1,2,-2.097906251,2.401866573,0
1360,4.6.10,1216.2,0.6538,-1.0077,-0.3429,1.0394,0.0247,-0.1154,1.294,0.3351,6,1,2,-3.515620302,-4.154936937,0
1361,7.6.10,1239.3,1.8994,0.6538,-1.0077,-0.3429,1.0394,0.0247,-0.1154,1.294,6,1,2,4.9913182,-0.097887978,0
1362,8.6.10,1244,0.3792,1.8994,0.6538,-1.0077,-0.3429,1.0394,0.0247,-0.1154,6,1,2,1.735253325,0.769870386,0
1363,9.6.10,1228.5,-1.246,0.3792,1.8994,0.6538,-1.0077,-0.3429,1.0394,0.0247,6,1,2,-1.559454735,3.319904793,0
1364,10.6.10,1220.8,-0.6268,-1.246,0.3792,1.8994,0.6538,-1.0077,-0.3429,1.0394,6,1,2,0.891082212,1.478900436,0
1365,11.6.10,1228.9,0.6635,-0.6268,-1.246,0.3792,1.8994,0.6538,-1.0077,-0.3429,6,1,2,-0.65423039,-2.252258217,0
1366,14.6.10,1223.3,-0.4557,0.6635,-0.6268,-1.246,0.3792,1.8994,0.6538,-1.0077,6,1,2,0.987818593,1.816215762,0
1367,15.6.10,1233.2,0.8093,-0.4557,0.6635,-0.6268,-1.246,0.3792,1.8994,0.6538,6,1,2,0.907509037,2.422789708,0
1368,16.6.10,1229.3,-0.3162,0.8093,-0.4557,0.6635,-0.6268,-1.246,0.3792,1.8994,6,1,2,-0.737794366,0.948785683,0
1369,17.6.10,1247.5,1.4805,-0.3162,0.8093,-0.4557,0.6635,-0.6268,-1.246,0.3792,6,1,2,1.817496779,-1.132995074,0
1370,18.6.10,1257.2,0.7776,1.4805,-0.3162,0.8093,-0.4557,0.6635,-0.6268,-1.246,6,1,2,2.174023735,0.507877829,2
1371,21.6.10,1239.7,-1.392,0.7776,1.4805,-0.3162,0.8093,-0.4557,0.6635,-0.6268,6,1,2,-1.945237059,0.829229576,0
1372,22.6.10,1239.9,0.0161,-1.392,0.7776,1.4805,-0.3162,0.8093,-0.4557,0.6635,6,1,2,0.499946083,-0.783860978,0
1373,23.6.10,1234.1,-0.4678,0.0161,-1.392,0.7776,1.4805,-0.3162,0.8093,-0.4557,6,1,2,-2.339116414,-1.113846161,0
1374,24.6.10,1245.5,0.9238,-0.4678,0.0161,-1.392,0.7776,1.4805,-0.3162,0.8093,6,1,2,1.501031864,0.209566032,2
1375,25.6.10,1255.8,0.827,0.9238,-0.4678,0.0161,-1.392,0.7776,1.4805,-0.3162,6,1,2,1.996682633,3.071491842,2
1376,28.6.10,1238.2,-1.4015,0.827,0.9238,-0.4678,0.0161,-1.392,0.7776,1.4805,6,1,2,-2.261184072,-0.773523466,0
1377,29.6.10,1242,0.3069,-1.4015,0.827,0.9238,-0.4678,0.0161,-1.392,0.7776,6,1,2,-0.423073269,-2.952073557,2
1378,30.6.10,1245.5,0.2818,0.3069,-1.4015,0.827,0.9238,-0.4678,0.0161,-1.392,6,1,2,0.414110277,-0.408223832,2
1379,1.7.10,1206.3,-3.1473,0.2818,0.3069,-1.4015,0.827,0.9238,-0.4678,0.0161,7,2,3,-4.87922083,-3.5435679,0
1380,2.7.10,1207.4,0.0912,-3.1473,0.2818,0.3069,-1.4015,0.827,0.9238,-0.4678,7,2,3,-0.349100641,-1.110346254,0
1381,6.7.10,1194.8,-1.0436,0.0912,-3.1473,0.2818,0.3069,-1.4015,0.827,0.9238,7,2,3,0.762799352,-0.221785464,0
1382,7.7.10,1198.6,0.318,-1.0436,0.0912,-3.1473,0.2818,0.3069,-1.4015,0.827,7,2,3,0.81870637,2.903579106,0
1383,8.7.10,1195.8,-0.2336,0.318,-1.0436,0.0912,-3.1473,0.2818,0.3069,-1.4015,7,2,3,-0.70638416,1.849605444,0
1384,9.7.10,1209.6,1.154,-0.2336,0.318,-1.0436,0.0912,-3.1473,0.2818,0.3069,7,2,3,1.125925508,0.861603759,0
1385,12.7.10,1198.5,-0.9177,1.154,-0.2336,0.318,-1.0436,0.0912,-3.1473,0.2818,7,2,3,-0.864123091,-1.498225055,0
1386,13.7.10,1213.3,1.2349,-0.9177,1.154,-0.2336,0.318,-1.0436,0.0912,-3.1473,7,2,3,1.899760657,2.935296421,0
1387,14.7.10,1206.8,-0.5357,1.2349,-0.9177,1.154,-0.2336,0.318,-1.0436,0.0912,7,2,3,0.20288785,-0.142580179,0
1388,15.7.10,1208.1,0.1077,-0.5357,1.2349,-0.9177,1.154,-0.2336,0.318,-1.0436,7,2,3,0.39400516,-0.545168956,0
1389,16.7.10,1188,-1.6638,0.1077,-0.5357,1.2349,-0.9177,1.154,-0.2336,0.318,7,2,3,-3.123296268,-0.796137547,0
1390,19.7.10,1181.7,-0.5303,-1.6638,0.1077,-0.5357,1.2349,-0.9177,1.154,-0.2336,7,2,3,-1.344738147,0.697275049,0
1391,20.7.10,1191.5,0.8293,-0.5303,-1.6638,0.1077,-0.5357,1.2349,-0.9177,1.154,7,2,3,0.861178657,1.175857741,0
1392,21.7.10,1191.6,0.0084,0.8293,-0.5303,-1.6638,0.1077,-0.5357,1.2349,-0.9177,7,2,3,0.638964508,-1.136369906,0
1393,22.7.10,1195.5,0.3273,0.0084,0.8293,-0.5303,-1.6638,0.1077,-0.5357,1.2349,7,2,3,1.781095794,3.578899661,0
1394,23.7.10,1187.7,-0.6525,0.3273,0.0084,0.8293,-0.5303,-1.6638,0.1077,-0.5357,7,2,3,-0.104880486,-0.403530495,0
1395,26.7.10,1183,-0.3957,-0.6525,0.3273,0.0084,0.8293,-0.5303,-1.6638,0.1077,7,2,3,0.547076811,0,0
1396,27.7.10,1158,-2.1133,-0.3957,-0.6525,0.3273,0.0084,0.8293,-0.5303,-1.6638,7,2,3,-3.154709615,-1.873896295,1
1397,28.7.10,1160.4,0.2073,-2.1133,-0.3957,-0.6525,0.3273,0.0084,0.8293,-0.5303,7,2,3,-1.123658992,-0.658067273,1
1398,29.7.10,1168.4,0.6894,0.2073,-2.1133,-0.3957,-0.6525,0.3273,0.0084,0.8293,7,2,3,1.021635155,1.779455494,1
1399,30.7.10,1181.7,1.1383,0.6894,0.2073,-2.1133,-0.3957,-0.6525,0.3273,0.0084,7,2,3,2.193055413,0.752930492,0
1400,2.8.10,1183.4,0.1439,1.1383,0.6894,0.2073,-2.1133,-0.3957,-0.6525,0.3273,8,2,3,2.312783552,3.02723177,0
1401,3.8.10,1185.2,0.1521,0.1439,1.1383,0.6894,0.2073,-2.1133,-0.3957,-0.6525,8,2,3,0.021734011,1.487591306,0
1402,4.8.10,1193.7,0.7172,0.1521,0.1439,1.1383,0.6894,0.2073,-2.1133,-0.3957,8,2,3,-0.782306204,-0.096913178,0
1403,5.8.10,1197.2,0.2932,0.7172,0.1521,0.1439,1.1383,0.6894,0.2073,-2.1133,8,2,3,0.246400236,-0.557777468,0
1404,6.8.10,1203.4,0.5179,0.2932,0.7172,0.1521,0.1439,1.1383,0.6894,0.2073,8,2,3,0.824770945,-1.597372459,0
1405,9.8.10,1200.7,-0.2244,0.5179,0.2932,0.7172,0.1521,0.1439,1.1383,0.6894,8,2,3,-1.246002204,0.966550729,0
1406,10.8.10,1196.2,-0.3748,-0.2244,0.5179,0.2932,0.7172,0.1521,0.1439,1.1383,8,2,3,-0.455319451,-1.509576959,1
1407,11.8.10,1197.5,0.1087,-0.3748,-0.2244,0.5179,0.2932,0.7172,0.1521,0.1439,8,2,3,-1.410782101,-2.778820382,1
1408,12.8.10,1214.8,1.4447,0.1087,-0.3748,-0.2244,0.5179,0.2932,0.7172,0.1521,8,2,3,0.911124161,-2.922326169,0
1409,13.8.10,1214.9,0.0082,1.4447,0.1087,-0.3748,-0.2244,0.5179,0.2932,0.7172,8,2,3,0.243730277,-0.462105207,0
1410,16.8.10,1224.5,0.7902,0.0082,1.4447,0.1087,-0.3748,-0.2244,0.5179,0.2932,8,2,3,1.773769925,-0.198967406,0
1411,17.8.10,1226.6,0.1715,0.7902,0.0082,1.4447,0.1087,-0.3748,-0.2244,0.5179,8,2,3,0.912157572,0.704410944,0
1412,18.8.10,1229.7,0.2527,0.1715,0.7902,0.0082,1.4447,0.1087,-0.3748,-0.2244,8,2,3,-1.054562833,-0.461922251,0
1413,19.8.10,1233.8,0.3334,0.2527,0.1715,0.7902,0.0082,1.4447,0.1087,-0.3748,8,2,3,-0.391509508,-1.312646364,0
1414,20.8.10,1227.2,-0.5349,0.3334,0.2527,0.1715,0.7902,0.0082,1.4447,0.1087,8,2,3,-1.834263718,-1.303239576,0
1415,23.8.10,1226.9,-0.0244,-0.5349,0.3334,0.2527,0.1715,0.7902,0.0082,1.4447,8,2,3,0.005558062,-0.490063456,0
1416,24.8.10,1231.8,0.3994,-0.0244,-0.5349,0.3334,0.2527,0.1715,0.7902,0.0082,8,2,3,2.146469909,-2.010945624,0
1417,25.8.10,1239.5,0.6251,0.3994,-0.0244,-0.5349,0.3334,0.2527,0.1715,0.7902,8,2,3,3.554901717,1.242495356,0
1418,26.8.10,1235.4,-0.3308,0.6251,0.3994,-0.0244,-0.5349,0.3334,0.2527,0.1715,8,2,3,-0.231304383,1.158306683,0
1419,27.8.10,1236,0.0486,-0.3308,0.6251,0.3994,-0.0244,-0.5349,0.3334,0.2527,8,2,3,0.321419088,2.467281275,0
1420,30.8.10,1237.1,0.089,0.0486,-0.3308,0.6251,0.3994,-0.0244,-0.5349,0.3334,8,2,3,-0.005249492,-0.625251074,0
1421,31.8.10,1248.3,0.9053,0.089,0.0486,-0.3308,0.6251,0.3994,-0.0244,-0.5349,8,2,3,1.890958128,-3.721551396,0
1422,1.9.10,1246.3,-0.1602,0.9053,0.089,0.0486,-0.3308,0.6251,0.3994,-0.0244,9,2,3,-0.201059199,2.766971001,0
1423,2.9.10,1251.5,0.4172,-0.1602,0.9053,0.089,0.0486,-0.3308,0.6251,0.3994,9,2,3,1.441196584,1.501816975,0
1424,3.9.10,1249.2,-0.1838,0.4172,-0.1602,0.9053,0.089,0.0486,-0.3308,0.6251,9,2,3,1.410532744,-0.559848291,0
1425,7.9.10,1257.3,0.6484,-0.1838,0.4172,-0.1602,0.9053,0.089,0.0486,-0.3308,9,2,3,-0.160690404,-0.68364899,0
1426,8.9.10,1255.6,-0.1352,0.6484,-0.1838,0.4172,-0.1602,0.9053,0.089,0.0486,9,2,3,0.477801255,0.782834201,1
1427,9.9.10,1248.9,-0.5336,-0.1352,0.6484,-0.1838,0.4172,-0.1602,0.9053,0.089,9,2,3,-0.820910299,-0.562472451,1
1428,10.9.10,1244.5,-0.3523,-0.5336,-0.1352,0.6484,-0.1838,0.4172,-0.1602,0.9053,9,2,3,-0.060558851,2.962958853,1
1429,13.9.10,1245.1,0.0482,-0.3523,-0.5336,-0.1352,0.6484,-0.1838,0.4172,-0.1602,9,2,3,1.555401292,0.967960134,1
1430,14.9.10,1269.7,1.9757,0.0482,-0.3523,-0.5336,-0.1352,0.6484,-0.1838,0.4172,9,2,3,1.447033566,-0.505245987,1
1431,15.9.10,1266.7,-0.2363,1.9757,0.0482,-0.3523,-0.5336,-0.1352,0.6484,-0.1838,9,2,3,0.691146288,-1.015633304,1
1432,16.9.10,1271.9,0.4105,-0.2363,1.9757,0.0482,-0.3523,-0.5336,-0.1352,0.6484,9,2,3,0.988224244,-1.907388861,1
1433,17.9.10,1275.6,0.2909,0.4105,-0.2363,1.9757,0.0482,-0.3523,-0.5336,-0.1352,9,2,3,0.216920099,-1.220324576,1
1434,20.9.10,1279,0.2665,0.2909,0.4105,-0.2363,1.9757,0.0482,-0.3523,-0.5336,9,2,3,-0.062532408,1.629102482,1
1435,21.9.10,1272.4,-0.516,0.2665,0.2909,0.4105,-0.2363,1.9757,0.0482,-0.3523,9,2,3,-0.755641261,-1.7900133,1
1436,22.9.10,1290.2,1.3989,-0.516,0.2665,0.2909,0.4105,-0.2363,1.9757,0.0482,9,2,3,2.017451222,1.618610576,1
1437,23.9.10,1294.3,0.3178,1.3989,-0.516,0.2665,0.2909,0.4105,-0.2363,1.9757,9,2,3,0.751097886,0.629100825,1
1438,24.9.10,1296,0.1313,0.3178,1.3989,-0.516,0.2665,0.2909,0.4105,-0.2363,9,2,3,0.891757921,1.742481449,1
1439,27.9.10,1296.7,0.054,0.1313,0.3178,1.3989,-0.516,0.2665,0.2909,0.4105,9,2,3,0.336718447,0.039219218,1
1440,28.9.10,1306.6,0.7635,0.054,0.1313,0.3178,1.3989,-0.516,0.2665,0.2909,9,2,3,1.08599302,-0.444323514,0
1441,29.9.10,1308.5,0.1454,0.7635,0.054,0.1313,0.3178,1.3989,-0.516,0.2665,9,2,3,1.111218795,2.205303621,0
1442,30.9.10,1307.8,-0.0535,0.1454,0.7635,0.054,0.1313,0.3178,1.3989,-0.516,9,2,3,-0.597384804,2.709993057,0
1443,1.10.10,1316.1,0.6346,-0.0535,0.1454,0.7635,0.054,0.1313,0.3178,1.3989,10,2,4,1.096432318,2.013255703,0
1444,4.10.10,1315.4,-0.0532,0.6346,-0.0535,0.1454,0.7635,0.054,0.1313,0.3178,10,2,4,-0.108908504,-0.134837715,0
1445,5.10.10,1338.9,1.7865,-0.0532,0.6346,-0.0535,0.1454,0.7635,0.054,0.1313,10,2,4,3.184482797,1.657049778,0
1446,6.10.10,1346.4,0.5602,1.7865,-0.0532,0.6346,-0.0535,0.1454,0.7635,0.054,10,2,4,1.347185641,0.495053929,0
1447,7.10.10,1333.9,-0.9284,0.5602,1.7865,-0.0532,0.6346,-0.0535,0.1454,0.7635,10,2,4,-1.976541767,-1.87433032,0
1448,8.10.10,1344.2,0.7722,-0.9284,0.5602,1.7865,-0.0532,0.6346,-0.0535,0.1454,10,2,4,2.313314189,1.212202174,0
1449,11.10.10,1353.3,0.677,0.7722,-0.9284,0.5602,1.7865,-0.0532,0.6346,-0.0535,10,2,4,1.05686959,-0.544404256,0
1450,12.10.10,1345.7,-0.5616,0.677,0.7722,-0.9284,0.5602,1.7865,-0.0532,0.6346,10,2,4,-0.86579945,-0.656855518,0
1451,13.10.10,1369.5,1.7686,-0.5616,0.677,0.7722,-0.9284,0.5602,1.7865,-0.0532,10,2,4,3.394006906,1.640754252,0
1452,14.10.10,1376.7,0.5257,1.7686,-0.5616,0.677,0.7722,-0.9284,0.5602,1.7865,10,2,4,2.103371534,-0.385495346,0
1453,15.10.10,1371.1,-0.4068,0.5257,1.7686,-0.5616,0.677,0.7722,-0.9284,0.5602,10,2,4,-0.593850427,-1.741446848,0
1454,18.10.10,1371.2,0.0073,-0.4068,0.5257,1.7686,-0.5616,0.677,0.7722,-0.9284,10,2,4,0.514996718,2.252309946,0
1455,19.10.10,1335.1,-2.6327,0.0073,-0.4068,0.5257,1.7686,-0.5616,0.677,0.7722,10,2,4,-2.594578992,-4.321140934,1
1456,20.10.10,1343.3,0.6142,-2.6327,0.0073,-0.4068,0.5257,1.7686,-0.5616,0.677,10,2,4,0.353474306,2.86828386,1
1457,21.10.10,1324.7,-1.3847,0.6142,-2.6327,0.0073,-0.4068,0.5257,1.7686,-0.5616,10,2,4,-3.040088873,-1.479759244,1
1458,22.10.10,1324.4,-0.0226,-1.3847,0.6142,-2.6327,0.0073,-0.4068,0.5257,1.7686,10,2,4,0.008652894,1.402687335,0
1459,25.10.10,1338.3,1.0495,-0.0226,-1.3847,0.6142,-2.6327,0.0073,-0.4068,0.5257,10,2,4,1.811894597,1.016029106,0
1460,26.10.10,1338,-0.0224,1.0495,-0.0226,-1.3847,0.6142,-2.6327,0.0073,-0.4068,10,2,4,1.189257441,0.036362591,0
1461,27.10.10,1322.2,-1.1809,-0.0224,1.0495,-0.0226,-1.3847,0.6142,-2.6327,0.0073,10,2,4,-1.788107364,-0.738946805,0
1462,28.10.10,1342.1,1.5051,-1.1809,-0.0224,1.0495,-0.0226,-1.3847,0.6142,-2.6327,10,2,4,2.021538415,0.292894626,0
1463,29.10.10,1357.1,1.1177,1.5051,-1.1809,-0.0224,1.0495,-0.0226,-1.3847,0.6142,10,2,4,2.886343964,-0.912630807,0
1464,1.11.10,1350.2,-0.5084,1.1177,1.5051,-1.1809,-0.0224,1.0495,-0.0226,-1.3847,11,2,4,-0.048856395,1.866629789,0
1465,2.11.10,1356.4,0.4592,-0.5084,1.1177,1.5051,-1.1809,-0.0224,1.0495,-0.0226,11,2,4,1.156918661,1.145273795,0
1466,3.11.10,1337.1,-1.4229,0.4592,-0.5084,1.1177,1.5051,-1.1809,-0.0224,1.0495,11,2,4,-1.61083084,0.941598214,0
1467,4.11.10,1382.7,3.4104,-1.4229,0.4592,-0.5084,1.1177,1.5051,-1.1809,-0.0224,11,2,4,6.577441074,2.125393046,0
1468,5.11.10,1397.3,1.0559,3.4104,-1.4229,0.4592,-0.5084,1.1177,1.5051,-1.1809,11,2,4,2.707476999,0.416233807,0
1469,8.11.10,1402.8,0.3936,1.0559,3.4104,-1.4229,0.4592,-0.5084,1.1177,1.5051,11,2,4,2.557583116,0.24179515,0
1470,9.11.10,1409.8,0.499,0.3936,1.0559,3.4104,-1.4229,0.4592,-0.5084,1.1177,11,2,4,5.374073785,-0.390531068,0
1471,10.11.10,1399.1,-0.759,0.499,0.3936,1.0559,3.4104,-1.4229,0.4592,-0.5084,11,2,4,-7.061796194,1.256914579,0
1472,11.11.10,1403.1,0.2859,-0.759,0.499,0.3936,1.0559,3.4104,-1.4229,0.4592,11,2,4,2.01034588,0,0
1473,12.11.10,1365.4,-2.6869,0.2859,-0.759,0.499,0.3936,1.0559,3.4104,-1.4229,11,2,4,-5.339218983,-3.336750241,0
1474,15.11.10,1368.4,0.2197,-2.6869,0.2859,-0.759,0.499,0.3936,1.0559,3.4104,11,2,4,0.57830064,-0.023558723,0
1475,16.11.10,1338.3,-2.1996,0.2197,-2.6869,0.2859,-0.759,0.499,0.3936,1.0559,11,2,4,-3.292698842,-2.969601997,0
1476,17.11.10,1336.8,-0.1121,-2.1996,0.2197,-2.6869,0.2859,-0.759,0.499,0.3936,11,2,4,1.101906048,-2.307498155,1
1477,18.11.10,1352.9,1.2044,-0.1121,-2.1996,0.2197,-2.6869,0.2859,-0.759,0.499,11,2,4,5.18681129,1.752854289,0
1478,19.11.10,1352.2,-0.0517,1.2044,-0.1121,-2.1996,0.2197,-2.6869,0.2859,-0.759,11,2,4,1.285871466,-0.415389547,0
1479,22.11.10,1357.7,0.4067,-0.0517,1.2044,-0.1121,-2.1996,0.2197,-2.6869,0.2859,11,2,4,1.037724023,0.282168717,0
1480,23.11.10,1377.5,1.4584,0.4067,-0.0517,1.2044,-0.1121,-2.1996,0.2197,-2.6869,11,2,4,0.404268704,-0.59945911,0
1481,24.11.10,1372.9,-0.3339,1.4584,0.4067,-0.0517,1.2044,-0.1121,-2.1996,0.2197,11,2,4,-0.159607604,3.212308444,0
1482,26.11.10,1362.3,-0.7721,-0.3339,1.4584,0.4067,-0.0517,1.2044,-0.1121,-2.1996,11,2,4,-3.011918573,-0.119244543,0
1483,29.11.10,1366,0.2716,-0.7721,-0.3339,1.4584,0.4067,-0.0517,1.2044,-0.1121,11,2,4,1.696950843,2.351959373,0
1484,30.11.10,1385,1.3909,0.2716,-0.7721,-0.3339,1.4584,0.4067,-0.0517,1.2044,11,2,4,3.819797854,-1.889656693,0
1485,1.12.10,1387.3,0.1661,1.3909,0.2716,-0.7721,-0.3339,1.4584,0.4067,-0.0517,12,2,4,0.720244904,3.138746131,0
1486,2.12.10,1388.5,0.0865,0.1661,1.3909,0.2716,-0.7721,-0.3339,1.4584,0.4067,12,2,4,0.542480365,1.44092219,0
1487,3.12.10,1405.4,1.2171,0.0865,0.1661,1.3909,0.2716,-0.7721,-0.3339,1.4584,12,2,4,2.449020424,1.352275502,0
1488,6.12.10,1415.3,0.7044,1.2171,0.0865,0.1661,1.3909,0.2716,-0.7721,-0.3339,12,2,4,1.586815479,0.213022544,0
1489,7.12.10,1408.3,-0.4946,0.7044,1.2171,0.0865,0.1661,1.3909,0.2716,-0.7721,12,2,4,0.14475431,-0.771979003,0
1490,8.12.10,1382.5,-1.832,-0.4946,0.7044,1.2171,0.0865,0.1661,1.3909,0.2716,12,2,4,-5.123027773,-0.462288478,0
1491,9.12.10,1392.1,0.6944,-1.832,-0.4946,0.7044,1.2171,0.0865,0.1661,1.3909,12,2,4,2.001837472,0.101952842,0
1492,10.12.10,1384.3,-0.5603,0.6944,-1.832,-0.4946,0.7044,1.2171,0.0865,0.1661,12,2,4,-0.739863653,-0.656333386,0
1493,13.12.10,1397.3,0.9391,-0.5603,0.6944,-1.832,-0.4946,0.7044,1.2171,0.0865,12,2,4,3.579929695,0.934046801,0
1494,14.12.10,1403.6,0.4509,0.9391,-0.5603,0.6944,-1.832,-0.4946,0.7044,1.2171,12,2,4,0.54055827,-0.372420527,0
1495,15.12.10,1385.5,-1.2895,0.4509,0.9391,-0.5603,0.6944,-1.832,-0.4946,0.7044,12,2,4,-1.794416421,0.385142696,0
1496,16.12.10,1370.4,-1.0899,-1.2895,0.4509,0.9391,-0.5603,0.6944,-1.832,-0.4946,12,2,4,-1.60137008,-1.038146885,0
1497,17.12.10,1378.6,0.5984,-1.0899,-1.2895,0.4509,0.9391,-0.5603,0.6944,-1.832,12,2,4,1.237962585,0.364879938,0
1498,20.12.10,1385.5,0.5005,0.5984,-1.0899,-1.2895,0.4509,0.9391,-0.5603,0.6944,12,2,4,0.762539787,0.897524365,0
1499,21.12.10,1388.2,0.1949,0.5005,0.5984,-1.0899,-1.2895,0.4509,0.9391,-0.5603,12,2,4,0.139766039,1.137261754,0
1500,22.12.10,1386.8,-0.1008,0.1949,0.5005,0.5984,-1.0899,-1.2895,0.4509,0.9391,12,2,4,-0.030633412,0.734807019,0
1501,23.12.10,1380,-0.4903,-0.1008,0.1949,0.5005,0.5984,-1.0899,-1.2895,0.4509,12,2,4,-0.194099202,1.13837173,0
1502,27.12.10,1382.4,0.1739,-0.4903,-0.1008,0.1949,0.5005,0.5984,-1.0899,-1.2895,12,2,4,-0.255881464,-0.557318462,0
1503,28.12.10,1405.2,1.6493,0.1739,-0.4903,-0.1008,0.1949,0.5005,0.5984,-1.0899,12,2,4,3.632632983,0.538459191,0
1504,29.12.10,1413.1,0.5622,1.6493,0.1739,-0.4903,-0.1008,0.1949,0.5005,0.5984,12,2,4,1.260850772,-0.404410456,2
1505,30.12.10,1405.6,-0.5307,0.5622,1.6493,0.1739,-0.4903,-0.1008,0.1949,0.5005,12,2,4,-0.622575636,-1.404747992,2
1506,31.12.10,1421.1,1.1027,-0.5307,0.5622,1.6493,0.1739,-0.4903,-0.1008,0.1949,12,2,4,1.384147749,1.714159593,2
1507,3.1.11,1422.6,0.1056,1.1027,-0.5307,0.5622,1.6493,0.1739,-0.4903,-0.1008,1,1,1,0.601749676,0.186042683,2
1508,4.1.11,1378.5,-3.1,0.1056,1.1027,-0.5307,0.5622,1.6493,0.1739,-0.4903,1,1,1,-5.15821989,-2.370295714,0
1509,5.1.11,1373.4,-0.37,-3.1,0.1056,1.1027,-0.5307,0.5622,1.6493,0.1739,1,1,1,-1.081650067,1.029319564,2
1510,6.1.11,1371.4,-0.1456,-0.37,-3.1,0.1056,1.1027,-0.5307,0.5622,1.6493,1,1,1,-0.215952163,-2.126252197,0
1511,7.1.11,1368.5,-0.2115,-0.1456,-0.37,-3.1,0.1056,1.1027,-0.5307,0.5622,1,1,1,-1.542429759,-0.396015484,0
1512,10.1.11,1373.7,0.38,-0.2115,-0.1456,-0.37,-3.1,0.1056,1.1027,-0.5307,1,1,1,0.66292362,1.385892579,0
1513,11.1.11,1384,0.7498,0.38,-0.2115,-0.1456,-0.37,-3.1,0.1056,1.1027,1,1,1,2.21482771,2.084034297,0
1514,12.1.11,1385.7,0.1228,0.7498,0.38,-0.2115,-0.1456,-0.37,-3.1,0.1056,1,1,1,0.14242054,0.823180765,0
1515,13.1.11,1386.9,0.0866,0.1228,0.7498,0.38,-0.2115,-0.1456,-0.37,-3.1,1,1,1,-0.948119949,-0.500761029,0
1516,14.1.11,1360.4,-1.9107,0.0866,0.1228,0.7498,0.38,-0.2115,-0.1456,-0.37,1,1,1,-3.223713823,0.153172196,0
1517,18.1.11,1368.1,0.566,-1.9107,0.0866,0.1228,0.7498,0.38,-0.2115,-0.1456,1,1,1,2.0912044,-0.174790977,0
1518,19.1.11,1370.2,0.1535,0.566,-1.9107,0.0866,0.1228,0.7498,0.38,-0.2115,1,1,1,-0.377147005,-0.569048653,0
1519,20.1.11,1346.5,-1.7297,0.1535,0.566,-1.9107,0.0866,0.1228,0.7498,0.38,1,1,1,-4.629758932,-2.201188627,0
1520,21.1.11,1341,-0.4085,-1.7297,0.1535,0.566,-1.9107,0.0866,0.1228,0.7498,1,1,1,-0.156594443,0.281341434,0
1521,24.1.11,1344.5,0.261,-0.4085,-1.7297,0.1535,0.566,-1.9107,0.0866,0.1228,1,1,1,-0.357453937,-1.391536141,0
1522,25.1.11,1332.3,-0.9074,0.261,-0.4085,-1.7297,0.1535,0.566,-1.9107,0.0866,1,1,1,-1.855919009,-1.911915617,0
1523,26.1.11,1333,0.0525,-0.9074,0.261,-0.4085,-1.7297,0.1535,0.566,-1.9107,1,1,1,1.197266553,1.322658496,0
1524,27.1.11,1318.4,-1.0953,0.0525,-0.9074,0.261,-0.4085,-1.7297,0.1535,0.566,1,1,1,-0.320654184,-1.935191121,1
1525,28.1.11,1340.7,1.6914,-1.0953,0.0525,-0.9074,0.261,-0.4085,-1.7297,0.1535,1,1,1,3.287113834,4.32040749,0
1526,31.1.11,1333.8,-0.5146,1.6914,-1.0953,0.0525,-0.9074,0.261,-0.4085,-1.7297,1,1,1,0.859167219,3.190067406,1
1527,1.2.11,1339.6,0.4348,-0.5146,1.6914,-1.0953,0.0525,-0.9074,0.261,-0.4085,2,1,1,1.24228148,-1.540303461,1
1528,2.2.11,1331.5,-0.6047,0.4348,-0.5146,1.6914,-1.0953,0.0525,-0.9074,0.261,2,1,1,-0.788810756,0.099156076,1
1529,3.2.11,1352.3,1.5622,-0.6047,0.4348,-0.5146,1.6914,-1.0953,0.0525,-0.9074,2,1,1,1.533623162,-0.352189844,1
1530,4.2.11,1348.3,-0.2958,1.5622,-0.6047,0.4348,-0.5146,1.6914,-1.0953,0.0525,2,1,1,1.151983353,-1.667773493,1
1531,7.2.11,1347.6,-0.0519,-0.2958,1.5622,-0.6047,0.4348,-0.5146,1.6914,-1.0953,2,1,1,0.97715526,-1.740981067,1
1532,8.2.11,1363.4,1.1725,-0.0519,-0.2958,1.5622,-0.6047,0.4348,-0.5146,1.6914,2,1,1,3.14501959,-0.617284973,1
1533,9.2.11,1364.8,0.1027,1.1725,-0.0519,-0.2958,1.5622,-0.6047,0.4348,-0.5146,2,1,1,0.006609655,-0.264554118,0
1534,10.2.11,1361.9,-0.2125,0.1027,1.1725,-0.0519,-0.2958,1.5622,-0.6047,0.4348,2,1,1,-0.60119945,0.023070318,1
1535,11.2.11,1359.9,-0.1469,-0.2125,0.1027,1.1725,-0.0519,-0.2958,1.5622,-0.6047,2,1,1,-0.328998786,-1.325955818,1
1536,14.2.11,1364.6,0.3456,-0.1469,-0.2125,0.1027,1.1725,-0.0519,-0.2958,1.5622,2,1,1,1.790473254,-0.899747904,1
1537,15.2.11,1373.6,0.6595,0.3456,-0.1469,-0.2125,0.1027,1.1725,-0.0519,-0.2958,2,1,1,0.537198953,-0.577759554,1
1538,16.2.11,1374.7,0.0801,0.6595,0.3456,-0.1469,-0.2125,0.1027,1.1725,-0.0519,2,1,1,-0.205263842,0.794589862,0
1539,17.2.11,1384.7,0.7274,0.0801,0.6595,0.3456,-0.1469,-0.2125,0.1027,1.1725,2,1,1,3.075420727,1.61195762,0
1540,18.2.11,1388.2,0.2528,0.7274,0.0801,0.6595,0.3456,-0.1469,-0.2125,0.1027,2,1,1,2.299505323,-0.185275198,0
1541,22.2.11,1400.5,0.886,0.2528,0.7274,0.0801,0.6595,0.3456,-0.1469,-0.2125,2,1,1,1.75242452,8.54988748,0
1542,23.2.11,1413.4,0.9211,0.886,0.2528,0.7274,0.0801,0.6595,0.3456,-0.1469,2,1,1,1.332764565,4.841293998,0
1543,24.2.11,1415.3,0.1344,0.9211,0.886,0.2528,0.7274,0.0801,0.6595,0.3456,2,1,1,-0.369339051,-0.835881455,0
1544,25.2.11,1408.7,-0.4663,0.1344,0.9211,0.886,0.2528,0.7274,0.0801,0.6595,2,1,1,-0.846927386,0.616774755,0
1545,28.2.11,1409.3,0.0426,-0.4663,0.1344,0.9211,0.886,0.2528,0.7274,0.0801,2,1,1,2.753973121,-0.929705822,0
1546,1.3.11,1430.7,1.5185,0.0426,-0.4663,0.1344,0.9211,0.886,0.2528,0.7274,3,1,1,1.810435145,2.743112302,0
1547,2.3.11,1437.2,0.4543,1.5185,0.0426,-0.4663,0.1344,0.9211,0.886,0.2528,3,1,1,1.188401884,2.609661924,0
1548,3.3.11,1416,-1.4751,0.4543,1.5185,0.0426,-0.4663,0.1344,0.9211,0.886,3,1,1,-1.470211131,-0.313019353,0
1549,4.3.11,1428.2,0.8616,-1.4751,0.4543,1.5185,0.0426,-0.4663,0.1344,0.9211,3,1,1,2.926009458,2.462952033,0
1550,7.3.11,1434.1,0.4131,0.8616,-1.4751,0.4543,1.5185,0.0426,-0.4663,0.1344,3,1,1,1.523340541,0.976828472,0
1551,8.3.11,1426.9,-0.5021,0.4131,0.8616,-1.4751,0.4543,1.5185,0.0426,-0.4663,3,1,1,-0.563379353,-0.398336294,0
1552,9.3.11,1429.3,0.1682,-0.5021,0.4131,0.8616,-1.4751,0.4543,1.5185,0.0426,3,1,1,1.093875385,-0.60940717,0
1553,10.3.11,1412.2,-1.1964,0.1682,-0.5021,0.4131,0.8616,-1.4751,0.4543,1.5185,3,1,1,-2.716200404,-1.609504071,0
1554,11.3.11,1421.5,0.6586,-1.1964,0.1682,-0.5021,0.4131,0.8616,-1.4751,0.4543,3,1,1,2.478323927,-1.499506652,0
1555,14.3.11,1424.6,0.2181,0.6586,-1.1964,0.1682,-0.5021,0.4131,0.8616,-1.4751,3,1,1,-0.300553526,0.029654783,0
1556,15.3.11,1392.6,-2.2462,0.2181,0.6586,-1.1964,0.1682,-0.5021,0.4131,0.8616,3,1,1,-4.7704106,-3.962844194,1
1557,16.3.11,1396,0.2441,-2.2462,0.2181,0.6586,-1.1964,0.1682,-0.5021,0.4131,3,1,1,1.040566099,0.823217791,1
1558,17.3.11,1404,0.5731,0.2441,-2.2462,0.2181,0.6586,-1.1964,0.1682,-0.5021,3,1,1,-0.612115534,3.510915181,0
1559,18.3.11,1415.9,0.8476,0.5731,0.2441,-2.2462,0.2181,0.6586,-1.1964,0.1682,3,1,1,2.335093669,-0.345098088,1
1560,21.3.11,1426.2,0.7274,0.8476,0.5731,0.2441,-2.2462,0.2181,0.6586,-1.1964,3,1,1,2.686815434,1.246662848,0
1561,22.3.11,1427.5,0.0912,0.7274,0.8476,0.5731,0.2441,-2.2462,0.2181,0.6586,3,1,1,0.747183532,1.631973164,0
1562,23.3.11,1437.9,0.7285,0.0912,0.7274,0.8476,0.5731,0.2441,-2.2462,0.2181,3,1,1,2.566788228,1.682692308,0
1563,24.3.11,1434.8,-0.2156,0.7285,0.0912,0.7274,0.8476,0.5731,0.2441,-2.2462,3,1,1,0.499975339,-0.141845415,0
1564,25.3.11,1426.1,-0.6064,-0.2156,0.7285,0.0912,0.7274,0.8476,0.5731,0.2441,3,1,1,-0.882641026,-0.189391052,1
1565,28.3.11,1419.8,-0.4418,-0.6064,-0.2156,0.7285,0.0912,0.7274,0.8476,0.5731,3,1,1,0.105244391,-1.34724682,1
1566,29.3.11,1416,-0.2676,-0.4418,-0.6064,-0.2156,0.7285,0.0912,0.7274,0.8476,3,1,1,-0.323473412,0.778993588,1
1567,30.3.11,1423.8,0.5509,-0.2676,-0.4418,-0.6064,-0.2156,0.7285,0.0912,0.7274,3,1,1,1.417092365,-0.496234629,1
1568,31.3.11,1438.9,1.0605,0.5509,-0.2676,-0.4418,-0.6064,-0.2156,0.7285,0.0912,3,1,1,0.989312826,2.349673594,1
1569,1.4.11,1428.1,-0.7506,1.0605,0.5509,-0.2676,-0.4418,-0.6064,-0.2156,0.7285,4,1,2,-0.356469503,1.143179542,1
1570,4.4.11,1432.2,0.2871,-0.7506,1.0605,0.5509,-0.2676,-0.4418,-0.6064,-0.2156,4,1,2,1.979494018,0.491012384,1
1571,5.4.11,1451.8,1.3685,0.2871,-0.7506,1.0605,0.5509,-0.2676,-0.4418,-0.6064,4,1,2,1.795546348,-0.119853306,1
1572,6.4.11,1457.7,0.4064,1.3685,0.2871,-0.7506,1.0605,0.5509,-0.2676,-0.4418,4,1,2,0.533502585,0.452284945,1
1573,7.4.11,1458.5,0.0549,0.4064,1.3685,0.2871,-0.7506,1.0605,0.5509,-0.2676,4,1,2,0.401180557,1.350731596,1
1574,8.4.11,1473.4,1.0216,0.0549,0.4064,1.3685,0.2871,-0.7506,1.0605,0.5509,4,1,2,2.675632649,2.257477602,1
1575,11.4.11,1467.4,-0.4072,1.0216,0.0549,0.4064,1.3685,0.2871,-0.7506,1.0605,4,1,2,0.009856201,-2.544554236,1
1576,12.4.11,1452.9,-0.9881,-0.4072,1.0216,0.0549,0.4064,1.3685,0.2871,-0.7506,4,1,2,-1.344698633,-3.338790238,1
1577,13.4.11,1454.9,0.1377,-0.9881,-0.4072,1.0216,0.0549,0.4064,1.3685,0.2871,4,1,2,0.441864195,0.809412339,0
1578,14.4.11,1471.7,1.1547,0.1377,-0.9881,-0.4072,1.0216,0.0549,0.4064,1.3685,4,1,2,3.544174639,0.933619638,0
1579,15.4.11,1485.3,0.9241,1.1547,0.1377,-0.9881,-0.4072,1.0216,0.0549,0.4064,4,1,2,2.172301695,1.433727725,0
1580,18.4.11,1492.3,0.4713,0.9241,1.1547,0.1377,-0.9881,-0.4072,1.0216,0.0549,4,1,2,0.918570744,-2.316250986,0
1581,19.4.11,1494.5,0.1474,0.4713,0.9241,1.1547,0.1377,-0.9881,-0.4072,1.0216,4,1,2,2.239444024,0.961537297,0
1582,20.4.11,1498.3,0.2543,0.1474,0.4713,0.9241,1.1547,0.1377,-0.9881,-0.4072,4,1,2,1.243201007,3.051313339,0
1583,21.4.11,1503.2,0.327,0.2543,0.1474,0.4713,0.9241,1.1547,0.1377,-0.9881,4,1,2,3.591589152,0.753704792,0
1584,25.4.11,1508.6,0.3592,0.327,0.2543,0.1474,0.4713,0.9241,1.1547,0.1377,4,1,2,2.364206277,-0.008907415,0
1585,26.4.11,1503,-0.3712,0.3592,0.327,0.2543,0.1474,0.4713,0.9241,1.1547,4,1,2,-4.438935072,-0.062343869,0
1586,27.4.11,1516.7,0.9115,-0.3712,0.3592,0.327,0.2543,0.1474,0.4713,0.9241,4,1,2,2.010746308,0.490155117,0
1587,28.4.11,1530.8,0.9297,0.9115,-0.3712,0.3592,0.327,0.2543,0.1474,0.4713,4,1,2,3.385257445,0.088682576,0
1588,29.4.11,1556,1.6462,0.9297,0.9115,-0.3712,0.3592,0.327,0.2543,0.1474,4,1,2,2.239055484,0.948076988,0
1589,2.5.11,1556.7,0.045,1.6462,0.9297,0.9115,-0.3712,0.3592,0.327,0.2543,5,1,2,-5.15807784,-0.359873309,0
1590,3.5.11,1540.1,-1.0664,0.045,1.6462,0.9297,0.9115,-0.3712,0.3592,0.327,5,1,2,-7.600154018,-2.175822467,0
1591,4.5.11,1514.9,-1.6363,-1.0664,0.045,1.6462,0.9297,0.9115,-0.3712,0.3592,5,1,2,-7.499532078,-1.62990107,0
1592,5.5.11,1480.9,-2.2444,-1.6363,-1.0664,0.045,1.6462,0.9297,0.9115,-0.3712,5,1,2,-8.003454469,-8.641518671,0
1593,6.5.11,1491.2,0.6955,-2.2444,-1.6363,-1.0664,0.045,1.6462,0.9297,0.9115,5,1,2,-2.616538526,-2.625253173,0
1594,9.5.11,1502.9,0.7846,0.6955,-2.2444,-1.6363,-1.0664,0.045,1.6462,0.9297,5,1,2,5.178130021,5.525831169,0
1595,10.5.11,1516.6,0.9116,0.7846,0.6955,-2.2444,-1.6363,-1.0664,0.045,1.6462,5,1,2,3.691724358,1.296922635,0
1596,11.5.11,1501.1,-1.022,0.9116,0.7846,0.6955,-2.2444,-1.6363,-1.0664,0.045,5,1,2,-7.720895808,-5.458219406,0
1597,12.5.11,1506.6,0.3664,-1.022,0.9116,0.7846,0.6955,-2.2444,-1.6363,-1.0664,5,1,2,-2.016389158,0.773854132,0
1598,13.5.11,1493.4,-0.8761,0.3664,-1.022,0.9116,0.7846,0.6955,-2.2444,-1.6363,5,1,2,0.626569494,0.687077192,0
1599,16.5.11,1490.4,-0.2009,-0.8761,0.3664,-1.022,0.9116,0.7846,0.6955,-2.2444,5,1,2,-2.519208047,-2.288006768,0
1600,17.5.11,1479.8,-0.7112,-0.2009,-0.8761,0.3664,-1.022,0.9116,0.7846,0.6955,5,1,2,-1.878175817,-0.472423818,0
1601,18.5.11,1495.6,1.0677,-0.7112,-0.2009,-0.8761,0.3664,-1.022,0.9116,0.7846,5,1,2,4.795756263,3.291708484,0
1602,19.5.11,1492.2,-0.2273,1.0677,-0.7112,-0.2009,-0.8761,0.3664,-1.022,0.9116,5,1,2,-0.475875144,-1.65833772,0
1603,20.5.11,1508.8,1.1125,-0.2273,1.0677,-0.7112,-0.2009,-0.8761,0.3664,-1.022,5,1,2,0.443790197,1.066634901,0
1604,23.5.11,1515.3,0.4308,1.1125,-0.2273,1.0677,-0.7112,-0.2009,-0.8761,0.3664,5,1,2,-0.515933391,-1.799176755,0
1605,24.5.11,1523.2,0.5213,0.4308,1.1125,-0.2273,1.0677,-0.7112,-0.2009,-0.8761,5,1,2,3.495594315,1.934492783,0
1606,25.5.11,1526.6,0.2232,0.5213,0.4308,1.1125,-0.2273,1.0677,-0.7112,-0.2009,5,1,2,4.205312907,1.737125636,0
1607,26.5.11,1522.8,-0.2489,0.2232,0.5213,0.4308,1.1125,-0.2273,1.0677,-0.7112,5,1,2,-0.83421674,-1.075795836,0
1608,27.5.11,1536.3,0.8865,-0.2489,0.2232,0.5213,0.4308,1.1125,-0.2273,1.0677,5,1,2,1.422596118,0.359166885,0
1609,31.5.11,1535.9,-0.026,0.8865,-0.2489,0.2232,0.5213,0.4308,1.1125,-0.2273,5,1,2,1.178125521,2.097624701,0
1610,1.6.11,1542.4,0.4232,-0.026,0.8865,-0.2489,0.2232,0.5213,0.4308,1.1125,6,1,2,-1.603013355,-2.346636908,0
1611,2.6.11,1532,-0.6743,0.4232,-0.026,0.8865,-0.2489,0.2232,0.5213,0.4308,6,1,2,-3.950750738,0.10968253,0
1612,3.6.11,1541.7,0.6332,-0.6743,0.4232,-0.026,0.8865,-0.2489,0.2232,0.5213,6,1,2,-0.03591295,-0.17928317,0
1613,6.6.11,1546.5,0.3113,0.6332,-0.6743,0.4232,-0.026,0.8865,-0.2489,0.2232,6,1,2,1.627658268,-1.207342915,0
1614,7.6.11,1543.3,-0.2069,0.3113,0.6332,-0.6743,0.4232,-0.026,0.8865,-0.2489,6,1,2,0.717859289,0.080794061,0
1615,8.6.11,1538.1,-0.3369,-0.2069,0.3113,0.6332,-0.6743,0.4232,-0.026,0.8865,6,1,2,-1.136612916,1.665154493,0
1616,9.6.11,1542.1,0.2601,-0.3369,-0.2069,0.3113,0.6332,-0.6743,0.4232,-0.026,6,1,2,2.195583893,1.181261134,0
1617,10.6.11,1528.6,-0.8754,0.2601,-0.3369,-0.2069,0.3113,0.6332,-0.6743,0.4232,6,1,2,-2.931352677,-2.590012147,0
1618,13.6.11,1515,-0.8897,-0.8754,0.2601,-0.3369,-0.2069,0.3113,0.6332,-0.6743,6,1,2,-4.377030621,-2.004227863,0
1619,14.6.11,1523.8,0.5809,-0.8897,-0.8754,0.2601,-0.3369,-0.2069,0.3113,0.6332,6,1,2,1.940349451,2.127440524,0
1620,15.6.11,1525.6,0.1181,0.5809,-0.8897,-0.8754,0.2601,-0.3369,-0.2069,0.3113,6,1,2,-0.011300812,-4.588915228,0
1621,16.6.11,1529.3,0.2425,0.1181,0.5809,-0.8897,-0.8754,0.2601,-0.3369,-0.2069,6,1,2,0.415192852,0.147663109,0
1622,17.6.11,1538.6,0.6081,0.2425,0.1181,0.5809,-0.8897,-0.8754,0.2601,-0.3369,6,1,2,0.52315417,-2.043175223,0
1623,20.6.11,1541.5,0.1885,0.6081,0.2425,0.1181,0.5809,-0.8897,-0.8754,0.2601,6,1,2,0.912169417,0.268788296,0
1624,21.6.11,1546,0.2919,0.1885,0.6081,0.2425,0.1181,0.5809,-0.8897,-0.8754,6,1,2,0.854020473,0.150117292,0
1625,22.6.11,1552.9,0.4463,0.2919,0.1885,0.6081,0.2425,0.1181,0.5809,-0.8897,6,1,2,0.992494571,2.152036513,0
1626,23.6.11,1520.1,-2.1122,0.4463,0.2919,0.1885,0.6081,0.2425,0.1181,0.5809,6,1,2,-4.706811229,-4.601202023,1
1627,24.6.11,1500.5,-1.2894,-2.1122,0.4463,0.2919,0.1885,0.6081,0.2425,0.1181,6,1,2,-1.039857782,0.153820066,1
1628,27.6.11,1496,-0.2999,-1.2894,-2.1122,0.4463,0.2919,0.1885,0.6081,0.2425,6,1,2,-3.062836075,-0.603338119,1
1629,28.6.11,1499.7,0.2473,-0.2999,-1.2894,-2.1122,0.4463,0.2919,0.1885,0.6081,6,1,2,0.157824855,2.516277192,1
1630,29.6.11,1509.9,0.6801,0.2473,-0.2999,-1.2894,-2.1122,0.4463,0.2919,0.1885,6,1,2,3.321144706,2.023896292,1
1631,30.6.11,1502.3,-0.5033,0.6801,0.2473,-0.2999,-1.2894,-2.1122,0.4463,0.2919,6,1,2,0.178418057,0.685872691,1
1632,1.7.11,1482.3,-1.3313,-0.5033,0.6801,0.2473,-0.2999,-1.2894,-2.1122,0.4463,7,2,3,-3.211536314,-0.503034727,1
1633,5.7.11,1512.3,2.0239,-1.3313,-0.5033,0.6801,0.2473,-0.2999,-1.2894,-2.1122,7,2,3,5.069152284,2.05392553,1
1634,6.7.11,1528.7,1.0844,2.0239,-1.3313,-0.5033,0.6801,0.2473,-0.2999,-1.2894,7,2,3,1.43776867,-0.247701378,1
1635,7.7.11,1530.2,0.0981,1.0844,2.0239,-1.3313,-0.5033,0.6801,0.2473,-0.2999,7,2,3,1.718138152,2.090012014,1
1636,8.7.11,1541.2,0.7189,0.0981,1.0844,2.0239,-1.3313,-0.5033,0.6801,0.2473,7,2,3,0.02189942,-2.503295091,1
1637,11.7.11,1548.8,0.4931,0.7189,0.0981,1.0844,2.0239,-1.3313,-0.5033,0.6801,7,2,3,-2.318261819,-1.091471368,1
1638,12.7.11,1561.9,0.8458,0.4931,0.7189,0.0981,1.0844,2.0239,-1.3313,-0.5033,7,2,3,-0.168112191,2.396215179,1
1639,13.7.11,1585.2,1.4918,0.8458,0.4931,0.7189,0.0981,1.0844,2.0239,-1.3313,7,2,3,7.070075158,0.636357123,1
1640,14.7.11,1589,0.2397,1.4918,0.8458,0.4931,0.7189,0.0981,1.0844,2.0239,7,2,3,1.418161851,-2.406935785,1
1641,15.7.11,1589.8,0.0503,0.2397,1.4918,0.8458,0.4931,0.7189,0.0981,1.0844,7,2,3,0.966684477,1.619809158,0
1642,18.7.11,1602.1,0.7737,0.0503,0.2397,1.4918,0.8458,0.4931,0.7189,0.0981,7,2,3,3.25115958,-1.347179748,1
1643,19.7.11,1600.9,-0.0749,0.7737,0.0503,0.2397,1.4918,0.8458,0.4931,0.7189,7,2,3,-0.302485923,1.636609705,1
1644,20.7.11,1596.7,-0.2624,-0.0749,0.7737,0.0503,0.2397,1.4918,0.8458,0.4931,7,2,3,-1.65376918,0.65640963,1
1645,21.7.11,1586.8,-0.62,-0.2624,-0.0749,0.7737,0.0503,0.2397,1.4918,0.8458,7,2,3,-1.539981636,1.008760821,1
1646,22.7.11,1601.3,0.9138,-0.62,-0.2624,-0.0749,0.7737,0.0503,0.2397,1.4918,7,2,3,3.020260111,0.746500064,1
1647,25.7.11,1612,0.6682,0.9138,-0.62,-0.2624,-0.0749,0.7737,0.0503,0.2397,7,2,3,0.600805563,-0.670877921,1
1648,26.7.11,1616.6,0.2854,0.6682,0.9138,-0.62,-0.2624,-0.0749,0.7737,0.0503,7,2,3,0.835113743,0.393144558,1
1649,27.7.11,1615,-0.099,0.2854,0.6682,0.9138,-0.62,-0.2624,-0.0749,0.7737,7,2,3,-0.339142518,-2.199010837,1
1650,28.7.11,1613.4,-0.0991,-0.099,0.2854,0.6682,0.9138,-0.62,-0.2624,-0.0749,7,2,3,-1.908618471,0.041068701,1
1651,29.7.11,1628.3,0.9235,-0.0991,-0.099,0.2854,0.6682,0.9138,-0.62,-0.2624,7,2,3,0.786846654,-1.785719878,1
1652,1.8.11,1619,-0.5712,0.9235,-0.0991,-0.099,0.2854,0.6682,0.9138,-0.62,8,2,3,-1.980441826,-0.84639246,1
1653,2.8.11,1641.9,1.4145,-0.5712,0.9235,-0.0991,-0.099,0.2854,0.6682,0.9138,8,2,3,1.9924702,-1.159235411,1
1654,3.8.11,1663.4,1.3095,1.4145,-0.5712,0.9235,-0.0991,-0.099,0.2854,0.6682,8,2,3,4.1565837,-1.983154486,1
1655,4.8.11,1656.2,-0.4329,1.3095,1.4145,-0.5712,0.9235,-0.0991,-0.099,0.2854,8,2,3,-5.57884947,-5.765259474,1
1656,5.8.11,1648.8,-0.4468,-0.4329,1.3095,1.4145,-0.5712,0.9235,-0.0991,-0.099,8,2,3,-3.097571399,0.288583641,1
1657,8.8.11,1710.2,3.7239,-0.4468,-0.4329,1.3095,1.4145,-0.5712,0.9235,-0.0991,8,2,3,3.081399053,-6.411141656,1
1658,9.8.11,1740,1.7425,3.7239,-0.4468,-0.4329,1.3095,1.4145,-0.5712,0.9235,8,2,3,-3.802005453,-2.47201398,1
1659,10.8.11,1781.3,2.3736,1.7425,3.7239,-0.4468,-0.4329,1.3095,1.4145,-0.5712,8,2,3,3.822905467,4.52710744,0
1660,11.8.11,1748.8,-1.8245,2.3736,1.7425,3.7239,-0.4468,-0.4329,1.3095,1.4145,8,2,3,-1.701214291,3.414165583,1
1661,12.8.11,1740.2,-0.4918,-1.8245,2.3736,1.7425,3.7239,-0.4468,-0.4329,1.3095,8,2,3,1.151188767,-0.396644847,1
1662,15.8.11,1755.5,0.8792,-0.4918,-1.8245,2.3736,1.7425,3.7239,-0.4468,-0.4329,8,2,3,0.503819819,2.928086297,1
1663,16.8.11,1782.4,1.5323,0.8792,-0.4918,-1.8245,2.3736,1.7425,3.7239,-0.4468,8,2,3,1.330853492,-1.399631049,0
1664,17.8.11,1791.2,0.4937,1.5323,0.8792,-0.4918,-1.8245,2.3736,1.7425,3.7239,8,2,3,1.328443133,1.073283657,0
1665,18.8.11,1818.9,1.5465,0.4937,1.5323,0.8792,-0.4918,-1.8245,2.3736,1.7425,8,2,3,0.835196563,-5.937433739,0
1666,19.8.11,1848.9,1.6493,1.5465,0.4937,1.5323,0.8792,-0.4918,-1.8245,2.3736,8,2,3,4.279010783,-0.145660502,0
1667,22.8.11,1888.7,2.1526,1.6493,1.5465,0.4937,1.5323,0.8792,-0.4918,-1.8245,8,2,3,2.104736759,2.261123951,0
1668,23.8.11,1858.3,-1.6096,2.1526,1.6493,1.5465,0.4937,1.5323,0.8792,-0.4918,8,2,3,-2.400685432,1.569186462,0
1669,24.8.11,1754.1,-5.6073,-1.6096,2.1526,1.6493,1.5465,0.4937,1.5323,0.8792,8,2,3,-7.38865416,-0.327713918,0
1670,25.8.11,1759.8,0.325,-5.6073,-1.6096,2.1526,1.6493,1.5465,0.4937,1.5323,8,2,3,4.042700214,0.164395706,0
1671,26.8.11,1794.1,1.9491,0.325,-5.6073,-1.6096,2.1526,1.6493,1.5465,0.4937,8,2,3,0.508092561,0.082062945,0
1672,29.8.11,1788.4,-0.3177,1.9491,0.325,-5.6073,-1.6096,2.1526,1.6493,1.5465,8,2,3,-0.991521342,2.225598964,0
1673,30.8.11,1826.7,2.1416,-0.3177,1.9491,0.325,-5.6073,-1.6096,2.1526,1.6493,8,2,3,2.113905518,1.867772368,0
1674,31.8.11,1828.5,0.0985,2.1416,-0.3177,1.9491,0.325,-5.6073,-1.6096,2.1526,8,2,3,0.727094331,-0.101241806,2
1675,1.9.11,1826,-0.1367,0.0985,2.1416,-0.3177,1.9491,0.325,-5.6073,-1.6096,9,2,3,-0.520403036,0.135123015,2
1676,2.9.11,1873.7,2.6123,-0.1367,0.0985,2.1416,-0.3177,1.9491,0.325,-5.6073,9,2,3,3.707637221,-2.788713987,2
1677,6.9.11,1869.9,-0.2028,2.6123,-0.1367,0.0985,2.1416,-0.3177,1.9491,0.325,9,2,3,-2.794048469,-0.49739771,2
1678,7.9.11,1814.2,-2.9788,-0.2028,2.6123,-0.1367,0.0985,2.1416,-0.3177,1.9491,9,2,3,-0.58826867,3.859567338,2
1679,8.9.11,1854.4,2.2159,-2.9788,-0.2028,2.6123,-0.1367,0.0985,2.1416,-0.3177,9,2,3,2.181760623,-0.32459514,2
1680,9.9.11,1856.4,0.1079,2.2159,-2.9788,-0.2028,2.6123,-0.1367,0.0985,2.1416,9,2,3,-2.132814398,-2.03257173,2
1681,12.9.11,1809.9,-2.5048,0.1079,2.2159,-2.9788,-0.2028,2.6123,-0.1367,0.0985,9,2,3,-3.389219767,1.088955297,2
1682,13.9.11,1826.8,0.9338,-2.5048,0.1079,2.2159,-2.9788,-0.2028,2.6123,-0.1367,9,2,3,2.387709389,2.290505258,2
1683,14.9.11,1823.5,-0.1806,0.9338,-2.5048,0.1079,2.2159,-2.9788,-0.2028,2.6123,9,2,3,-1.590349223,-1.44107686,2
1684,15.9.11,1778.5,-2.4678,-0.1806,0.9338,-2.5048,0.1079,2.2159,-2.9788,-0.2028,9,2,3,-2.510570092,0.551116684,2
1685,16.9.11,1812.1,1.8892,-2.4678,-0.1806,0.9338,-2.5048,0.1079,2.2159,-2.9788,9,2,3,3.366028299,-1.610740958,2
1686,19.9.11,1776.4,-1.9701,1.8892,-2.4678,-0.1806,0.9338,-2.5048,0.1079,2.2159,9,2,3,-4.097490724,-2.56935216,2
1687,20.9.11,1806.6,1.7001,-1.9701,1.8892,-2.4678,-0.1806,0.9338,-2.5048,0.1079,9,2,3,2.482742665,1.388567659,2
1688,21.9.11,1805.5,-0.0609,1.7001,-1.9701,1.8892,-2.4678,-0.1806,0.9338,-2.5048,9,2,3,0.845779487,-1.116355424,2
1689,22.9.11,1739.2,-3.6721,-0.0609,1.7001,-1.9701,1.8892,-2.4678,-0.1806,0.9338,9,2,3,-9.604156718,-6.296550452,2
1690,23.9.11,1637.5,-5.8475,-3.6721,-0.0609,1.7001,-1.9701,1.8892,-2.4678,-0.1806,9,2,3,-17.75411332,-0.819778468,0
1691,26.9.11,1592.5,-2.7481,-5.8475,-3.6721,-0.0609,1.7001,-1.9701,1.8892,-2.4678,9,2,3,-0.412633679,0.488415025,1
1692,27.9.11,1650.6,3.6484,-2.7481,-5.8475,-3.6721,-0.0609,1.7001,-1.9701,1.8892,9,2,3,5.246097813,5.24675872,0
1693,28.9.11,1616.3,-2.078,3.6484,-2.7481,-5.8475,-3.6721,-0.0609,1.7001,-1.9701,9,2,3,-4.482968752,-3.836587307,0
1694,29.9.11,1615.5,-0.0495,-2.078,3.6484,-2.7481,-5.8475,-3.6721,-0.0609,1.7001,9,2,3,1.286358815,1.145179554,0
1695,30.9.11,1620.4,0.3033,-0.0495,-2.078,3.6484,-2.7481,-5.8475,-3.6721,-0.0609,9,2,3,-1.414412425,-3.579257929,0
1696,3.10.11,1656,2.197,0.3033,-0.0495,-2.078,3.6484,-2.7481,-5.8475,-3.6721,10,2,4,2.360106605,-2.007571211,0
1697,4.10.11,1614.7,-2.494,2.197,0.3033,-0.0495,-2.078,3.6484,-2.7481,-5.8475,10,2,4,-3.105690809,-2.499681003,1
1698,5.10.11,1640.3,1.5854,-2.494,2.197,0.3033,-0.0495,-2.078,3.6484,-2.7481,10,2,4,1.751969652,5.299328972,1
1699,6.10.11,1651.9,0.7072,1.5854,-2.494,2.197,0.3033,-0.0495,-2.078,3.6484,10,2,4,5.452386149,3.652103441,1
1700,7.10.11,1634.5,-1.0533,0.7072,1.5854,-2.494,2.197,0.3033,-0.0495,-2.078,10,2,4,-3.165464973,0.472220652,1
1701,10.10.11,1669.6,2.1474,-1.0533,0.7072,1.5854,-2.494,2.197,0.3033,-0.0495,10,2,4,3.184960447,2.928416735,0
1702,11.10.11,1659.7,-0.593,2.1474,-1.0533,0.7072,1.5854,-2.494,2.197,0.3033,10,2,4,0.05947627,0.468322069,0
1703,12.10.11,1681.3,1.3014,-0.593,2.1474,-1.0533,0.7072,1.5854,-2.494,2.197,10,2,4,2.474743578,-0.279685201,0
1704,13.10.11,1667.3,-0.8327,1.3014,-0.593,2.1474,-1.0533,0.7072,1.5854,-2.494,10,2,4,-3.42248929,-1.565965108,1
1705,14.10.11,1681.8,0.8697,-0.8327,1.3014,-0.593,2.1474,-1.0533,0.7072,1.5854,10,2,4,1.602756548,3.051168933,1
1706,17.10.11,1675.5,-0.3746,0.8697,-0.8327,1.3014,-0.593,2.1474,-1.0533,0.7072,10,2,4,-1.085871282,-0.483877631,1
1707,18.10.11,1651.7,-1.4205,-0.3746,0.8697,-0.8327,1.3014,-0.593,2.1474,-1.0533,10,2,4,0.031456163,2.269042772,1
1708,19.10.11,1646,-0.3451,-1.4205,-0.3746,0.8697,-0.8327,1.3014,-0.593,2.1474,10,2,4,-1.726360102,-2.524333054,1
1709,20.10.11,1611.9,-2.0717,-0.3451,-1.4205,-0.3746,0.8697,-0.8327,1.3014,-0.593,10,2,4,-3.154998194,-0.940654457,1
1710,21.10.11,1635.1,1.4393,-2.0717,-0.3451,-1.4205,-0.3746,0.8697,-0.8327,1.3014,10,2,4,2.996760608,2.461897302,1
1711,24.10.11,1651.5,1.003,1.4393,-2.0717,-0.3451,-1.4205,-0.3746,0.8697,-0.8327,10,2,4,1.433934811,4.427911956,1
1712,25.10.11,1699.6,2.9125,1.003,1.4393,-2.0717,-0.3451,-1.4205,-0.3746,0.8697,10,2,4,4.471851739,2.081737258,1
1713,26.10.11,1722.7,1.3591,2.9125,1.003,1.4393,-2.0717,-0.3451,-1.4205,-0.3746,10,2,4,0.777986215,-3.187722742,0
1714,27.10.11,1746.7,1.3932,1.3591,2.9125,1.003,1.4393,-2.0717,-0.3451,-1.4205,10,2,4,5.418884487,4.168516922,0
1715,28.10.11,1746.2,-0.0286,1.3932,1.3591,2.9125,1.003,1.4393,-2.0717,-0.3451,10,2,4,0.49864434,-0.681140268,0
1716,31.10.11,1724.2,-1.2599,-0.0286,1.3932,1.3591,2.9125,1.003,1.4393,-2.0717,10,2,4,-2.645303785,-0.139302672,0
1717,1.11.11,1711,-0.7656,-1.2599,-0.0286,1.3932,1.3591,2.9125,1.003,1.4393,11,2,4,-4.703385834,-1.073076482,0
1718,2.11.11,1728.7,1.0345,-0.7656,-1.2599,-0.0286,1.3932,1.3591,2.9125,1.003,11,2,4,3.688652063,0.347108891,0
1719,3.11.11,1764.2,2.0536,1.0345,-0.7656,-1.2599,-0.0286,1.3932,1.3591,2.9125,11,2,4,1.647552518,1.686301505,2
1720,4.11.11,1755.3,-0.5045,2.0536,1.0345,-0.7656,-1.2599,-0.0286,1.3932,1.3591,11,2,4,-1.212013686,0.201979847,0
1721,7.11.11,1790.3,1.994,-0.5045,2.0536,1.0345,-0.7656,-1.2599,-0.0286,1.3932,11,2,4,2.177870814,1.336722341,2
1722,8.11.11,1798.4,0.4524,1.994,-0.5045,2.0536,1.0345,-0.7656,-1.2599,-0.0286,11,2,4,0.933588304,1.340040257,0
1723,9.11.11,1790.9,-0.417,0.4524,1.994,-0.5045,2.0536,1.0345,-0.7656,-1.2599,11,2,4,-2.245500303,-1.095046647,0
1724,10.11.11,1758.9,-1.7868,-0.417,0.4524,1.994,-0.5045,2.0536,1.0345,-0.7656,11,2,4,-0.73657376,2.130771841,0
1725,11.11.11,1787.5,1.626,-1.7868,-0.417,0.4524,1.994,-0.5045,2.0536,1.0345,11,2,4,1.689397838,1.237470955,0
1726,14.11.11,1777.8,-0.5427,1.626,-1.7868,-0.417,0.4524,1.994,-0.5045,2.0536,11,2,4,-1.897842343,-0.85867107,0
1727,15.11.11,1781.7,0.2194,-0.5427,1.626,-1.7868,-0.417,0.4524,1.994,-0.5045,11,2,4,1.278926784,1.253315024,0
1728,16.11.11,1773.8,-0.4434,0.2194,-0.5427,1.626,-1.7868,-0.417,0.4524,1.994,11,2,4,-1.840462875,3.240408073,0
1729,17.11.11,1719.8,-3.0443,-0.4434,0.2194,-0.5427,1.626,-1.7868,-0.417,0.4524,11,2,4,-6.86401846,-3.674818966,0
1730,18.11.11,1724.7,0.2849,-3.0443,-0.4434,0.2194,-0.5427,1.626,-1.7868,-0.417,11,2,4,2.921278278,-1.426832662,0
1731,21.11.11,1678.3,-2.6903,0.2849,-3.0443,-0.4434,0.2194,-0.5427,1.626,-1.7868,11,2,4,-4.010728417,-0.503034057,0
1732,22.11.11,1702.2,1.4241,-2.6903,0.2849,-3.0443,-0.4434,0.2194,-0.5427,1.626,11,2,4,5.897859225,1.124642992,2
1733,23.11.11,1695.7,-0.3819,1.4241,-2.6903,0.2849,-3.0443,-0.4434,0.2194,-0.5427,11,2,4,-3.235406798,-1.87736346,2
1734,25.11.11,1685.5,-0.6015,-0.3819,1.4241,-2.6903,0.2849,-3.0443,-0.4434,0.2194,11,2,4,-2.728815131,0.623893611,2
1735,28.11.11,1710.8,1.501,-0.6015,-0.3819,1.4241,-2.6903,0.2849,-3.0443,-0.4434,11,2,4,3.701795271,1.488067057,2
1736,29.11.11,1713.4,0.152,1.501,-0.6015,-0.3819,1.4241,-2.6903,0.2849,-3.0443,11,2,4,-0.954599527,1.608799354,2
1737,30.11.11,1745.5,1.8735,0.152,1.501,-0.6015,-0.3819,1.4241,-2.6903,0.2849,11,2,4,2.75640704,0.571199208,2
1738,1.12.11,1735.3,-0.5844,1.8735,0.152,1.501,-0.6015,-0.3819,1.4241,-2.6903,12,2,4,-0.109985333,-0.159429714,2
1739,2.12.11,1747,0.6742,-0.5844,1.8735,0.152,1.501,-0.6015,-0.3819,1.4241,12,2,4,-0.226338318,0.758485189,2
1740,5.12.11,1730.7,-0.933,0.6742,-0.5844,1.8735,0.152,1.501,-0.6015,-0.3819,12,2,4,-0.965631472,0.02971353,2
1741,6.12.11,1727.9,-0.1618,-0.933,0.6742,-0.5844,1.8735,0.152,1.501,-0.6015,12,2,4,1.13291999,0.287158057,2
1742,7.12.11,1740.9,0.7524,-0.1618,-0.933,0.6742,-0.5844,1.8735,0.152,1.501,12,2,4,-0.358106564,-0.780016711,2
1743,8.12.11,1709.8,-1.7864,0.7524,-0.1618,-0.933,0.6742,-0.5844,1.8735,0.152,12,2,4,-3.342040366,-2.139517934,2
1744,9.12.11,1712.8,0.1755,-1.7864,0.7524,-0.1618,-0.933,0.6742,-0.5844,1.8735,12,2,4,2.243624441,1.088069315,2
1745,12.12.11,1664.2,-2.8375,0.1755,-1.7864,0.7524,-0.1618,-0.933,0.6742,-0.5844,12,2,4,-3.8479497,-1.649740427,0
1746,13.12.11,1659.9,-0.2584,-2.8375,0.1755,-1.7864,0.7524,-0.1618,-0.933,0.6742,12,2,4,0.840472712,2.424059351,0
1747,14.12.11,1584.3,-4.5545,-0.2584,-2.8375,0.1755,-1.7864,0.7524,-0.1618,-0.933,12,2,4,-7.417852857,-5.182746628,0
1748,15.12.11,1574.6,-0.6123,-4.5545,-0.2584,-2.8375,0.1755,-1.7864,0.7524,-0.1618,12,2,4,1.191093994,-1.137434688,0
1749,16.12.11,1595.6,1.3337,-0.6123,-4.5545,-0.2584,-2.8375,0.1755,-1.7864,0.7524,12,2,4,1.334471803,-0.362207263,0
1750,19.12.11,1594.4,-0.0752,1.3337,-0.6123,-4.5545,-0.2584,-2.8375,0.1755,-1.7864,12,2,4,-2.67769466,0.374209856,0
1751,20.12.11,1615.6,1.3297,-0.0752,1.3337,-0.6123,-4.5545,-0.2584,-2.8375,0.1755,12,2,4,2.338490648,3.557737607,0
1752,21.12.11,1611.9,-0.229,1.3297,-0.0752,1.3337,-0.6123,-4.5545,-0.2584,-2.8375,12,2,4,-1.01030761,1.491459504,0
1753,22.12.11,1608.9,-0.1861,-0.229,1.3297,-0.0752,1.3337,-0.6123,-4.5545,-0.2584,12,2,4,-0.674705472,0.871592811,0
1754,23.12.11,1604.7,-0.2611,-0.1861,-0.229,1.3297,-0.0752,1.3337,-0.6123,-4.5545,12,2,4,0.155167329,0.150709864,0
1755,27.12.11,1594.2,-0.6543,-0.2611,-0.1861,-0.229,1.3297,-0.0752,1.3337,-0.6123,12,2,4,-1.201539038,1.665325068,0
1756,28.12.11,1562.9,-1.9634,-0.6543,-0.2611,-0.1861,-0.229,1.3297,-0.0752,1.3337,12,2,4,-5.244454269,-1.953814682,1
1757,29.12.11,1539.9,-1.4716,-1.9634,-0.6543,-0.2611,-0.1861,-0.229,1.3297,-0.0752,12,2,4,0.301561982,0.291868875,1
1758,30.12.11,1565.8,1.6819,-1.4716,-1.9634,-0.6543,-0.2611,-0.1861,-0.229,1.3297,12,2,4,2.203563205,-0.822879761,1
1759,3.1.12,1599.7,2.165,1.6819,-1.4716,-1.9634,-0.6543,-0.2611,-0.1861,-0.229,1,1,1,5.947985457,4.178890192,1
1760,4.1.12,1611.9,0.7626,2.165,1.6819,-1.4716,-1.9634,-0.6543,-0.2611,-0.1861,1,1,1,-1.591444166,0.25252733,1
1761,5.1.12,1619.4,0.4653,0.7626,2.165,1.6819,-1.4716,-1.9634,-0.6543,-0.2611,1,1,1,0.695040657,-1.36601787,1
1762,6.1.12,1616.1,-0.2038,0.4653,0.7626,2.165,1.6819,-1.4716,-1.9634,-0.6543,1,1,1,-2.091233639,-0.245555452,1
1763,9.1.12,1607.5,-0.5321,-0.2038,0.4653,0.7626,2.165,1.6819,-1.4716,-1.9634,1,1,1,0.335045796,-0.246159911,1
1764,10.1.12,1631,1.4619,-0.5321,-0.2038,0.4653,0.7626,2.165,1.6819,-1.4716,1,1,1,3.596648151,0.917974857,1
1765,11.1.12,1639.2,0.5028,1.4619,-0.5321,-0.2038,0.4653,0.7626,2.165,1.6819,1,1,1,0.251817658,-1.339979603,1
1766,12.1.12,1647.3,0.4941,0.5028,1.4619,-0.5321,-0.2038,0.4653,0.7626,2.165,1,1,1,0.78370706,-1.754738004,1
1767,13.1.12,1630.4,-1.0259,0.4941,0.5028,1.4619,-0.5321,-0.2038,0.4653,0.7626,1,1,1,-1.990559093,-0.40363424,1
1768,17.1.12,1655.2,1.5211,-1.0259,0.4941,0.5028,1.4619,-0.5321,-0.2038,0.4653,1,1,1,2.078462242,2.036476391,1
1769,18.1.12,1659.5,0.2598,1.5211,-1.0259,0.4941,0.5028,1.4619,-0.5321,-0.2038,1,1,1,1.355208352,-0.119156735,1
1770,19.1.12,1654.1,-0.3254,0.2598,1.5211,-1.0259,0.4941,0.5028,1.4619,-0.5321,1,1,1,-0.104868546,-0.198823895,1
1771,20.1.12,1663.7,0.5804,-0.3254,0.2598,1.5211,-1.0259,0.4941,0.5028,1.4619,1,1,1,3.821924397,-1.922502557,0
1772,23.1.12,1678,0.8595,0.5804,-0.3254,0.2598,1.5211,-1.0259,0.4941,0.5028,1,1,1,1.851683767,1.137520574,0
1773,24.1.12,1664.2,-0.8224,0.8595,0.5804,-0.3254,0.2598,1.5211,-1.0259,0.4941,1,1,1,-0.936934003,-0.632662052,0
1774,25.1.12,1699.8,2.1392,-0.8224,0.8595,0.5804,-0.3254,0.2598,1.5211,-1.0259,1,1,1,3.635962879,0.454779779,0
1775,26.1.12,1726.3,1.559,2.1392,-0.8224,0.8595,0.5804,-0.3254,0.2598,1.5211,1,1,1,1.843347721,0.301806255,0
1776,27.1.12,1731.8,0.3186,1.559,2.1392,-0.8224,0.8595,0.5804,-0.3254,0.2598,1,1,1,0.13352912,-0.140420656,0
1777,30.1.12,1731,-0.0462,0.3186,1.559,2.1392,-0.8224,0.8595,0.5804,-0.3254,1,1,1,-0.740806554,-0.783445961,0
1778,31.1.12,1737.8,0.3928,-0.0462,0.3186,1.559,2.1392,-0.8224,0.8595,0.5804,1,1,1,-0.788130059,-0.303700573,0
1779,1.2.12,1747.1,0.5352,0.3928,-0.0462,0.3186,1.559,2.1392,-0.8224,0.8595,2,1,1,1.639930614,-0.883430866,0
1780,2.2.12,1756.8,0.5552,0.5352,0.3928,-0.0462,0.3186,1.559,2.1392,-0.8224,2,1,1,1.104272307,-1.280606487,0
1781,3.2.12,1737.9,-1.0758,0.5552,0.5352,0.3928,-0.0462,0.3186,1.559,2.1392,2,1,1,-1.247408539,1.535902572,0
1782,6.2.12,1722.8,-0.8689,-1.0758,0.5552,0.5352,0.3928,-0.0462,0.3186,1.559,2,1,1,-0.008890592,-0.95052403,0
1783,7.2.12,1746.4,1.3699,-0.8689,-1.0758,0.5552,0.5352,0.3928,-0.0462,0.3186,2,1,1,1.313684811,1.547827823,0
1784,8.2.12,1729.3,-0.9792,1.3699,-0.8689,-1.0758,0.5552,0.5352,0.3928,-0.0462,2,1,1,-1.440071906,0.304842405,0
1785,9.2.12,1739,0.5609,-0.9792,1.3699,-0.8689,-1.0758,0.5552,0.5352,0.3928,2,1,1,0.626610439,1.144764729,0
1786,10.2.12,1723.3,-0.9028,0.5609,-0.9792,1.3699,-0.8689,-1.0758,0.5552,0.5352,2,1,1,-0.908979659,-1.171873209,0
1787,13.2.12,1723,-0.0174,-0.9028,0.5609,-0.9792,1.3699,-0.8689,-1.0758,0.5552,2,1,1,0.357394958,2.270199184,0
1788,14.2.12,1715.9,-0.4121,-0.0174,-0.9028,0.5609,-0.9792,1.3699,-0.8689,-1.0758,2,1,1,-1.098050039,-0.168472691,0
1789,15.2.12,1726.3,0.6061,-0.4121,-0.0174,-0.9028,0.5609,-0.9792,1.3699,-0.8689,2,1,1,0.180043728,1.052218791,0
1790,16.2.12,1726.8,0.029,0.6061,-0.4121,-0.0174,-0.9028,0.5609,-0.9792,1.3699,2,1,1,-0.095853034,0.500976907,0
1791,17.2.12,1724.5,-0.1332,0.029,0.6061,-0.4121,-0.0174,-0.9028,0.5609,-0.9792,2,1,1,-0.461711723,0.909002373,0
1792,21.2.12,1757.1,1.8904,-0.1332,0.029,0.6061,-0.4121,-0.0174,-0.9028,0.5609,2,1,1,3.653606653,2.518402294,0
1793,22.2.12,1770,0.7342,1.8904,-0.1332,0.029,0.6061,-0.4121,-0.0174,-0.9028,2,1,1,-0.505622281,0.415724165,2
1794,23.2.12,1784.9,0.8418,0.7342,1.8904,-0.1332,0.029,0.6061,-0.4121,-0.0174,2,1,1,3.811444159,1.458414631,2
1795,24.2.12,1775.1,-0.5491,0.8418,0.7342,1.8904,-0.1332,0.029,0.6061,-0.4121,2,1,1,-0.596438199,1.799123416,2
1796,27.2.12,1773.6,-0.0845,-0.5491,0.8418,0.7342,1.8904,-0.1332,0.029,0.6061,2,1,1,0.520769003,-1.102304019,2
1797,28.2.12,1787,0.7555,-0.0845,-0.5491,0.8418,0.7342,1.8904,-0.1332,0.029,2,1,1,4.572588699,-1.851505667,2
1798,29.2.12,1709.9,-4.3145,0.7555,-0.0845,-0.5491,0.8418,0.7342,1.8904,-0.1332,2,1,1,-6.884758343,0.488030622,0
1799,1.3.12,1721.1,0.655,-4.3145,0.7555,-0.0845,-0.5491,0.8418,0.7342,1.8904,3,1,1,2.972558403,1.653120994,2
1800,2.3.12,1708.8,-0.7147,0.655,-4.3145,0.7555,-0.0845,-0.5491,0.8418,0.7342,3,1,1,-3.173179821,-1.966188407,0
1801,5.3.12,1703,-0.3394,-0.7147,0.655,-4.3145,0.7555,-0.0845,-0.5491,0.8418,3,1,1,-2.407117081,0.018748147,0
1802,6.3.12,1671.4,-1.8555,-0.3394,-0.7147,0.655,-4.3145,0.7555,-0.0845,-0.5491,3,1,1,-2.704228169,-1.89280758,0
1803,7.3.12,1683.3,0.712,-1.8555,-0.3394,-0.7147,0.655,-4.3145,0.7555,-0.0845,3,1,1,2.449522344,1.394466816,0
1804,8.3.12,1698.1,0.8792,0.712,-1.8555,-0.3394,-0.7147,0.655,-4.3145,0.7555,3,1,1,0.733393562,0.3956275,0
1805,9.3.12,1710.9,0.7538,0.8792,0.712,-1.8555,-0.3394,-0.7147,0.655,-4.3145,3,1,1,1.142376973,0.769374818,0
1806,12.3.12,1699.2,-0.6839,0.7538,0.8792,0.712,-1.8555,-0.3394,-0.7147,0.655,3,1,1,-2.343814793,-0.986969435,0
1807,13.3.12,1693.7,-0.3237,-0.6839,0.7538,0.8792,0.712,-1.8555,-0.3394,-0.7147,3,1,1,0.509373063,0.347943163,0
1808,14.3.12,1642.5,-3.023,-0.3237,-0.6839,0.7538,0.8792,0.712,-1.8555,-0.3394,3,1,1,-4.164677476,-1.199511564,0
1809,15.3.12,1659.1,1.0107,-3.023,-0.3237,-0.6839,0.7538,0.8792,0.712,-1.8555,3,1,1,1.698452251,-0.303518632,0
1810,16.3.12,1655.5,-0.217,1.0107,-3.023,-0.3237,-0.6839,0.7538,0.8792,0.712,3,1,1,-0.367047775,1.855196401,0
1811,19.3.12,1666.9,0.6886,-0.217,1.0107,-3.023,-0.3237,-0.6839,0.7538,0.8792,3,1,1,1.083709839,0.962076222,0
1812,20.3.12,1646.7,-1.2118,0.6886,-0.217,1.0107,-3.023,-0.3237,-0.6839,0.7538,3,1,1,-3.404599487,-2.294380434,0
1813,21.3.12,1650,0.2004,-1.2118,0.6886,-0.217,1.0107,-3.023,-0.3237,-0.6839,3,1,1,1.238802086,1.571817085,0
1814,22.3.12,1642.3,-0.4667,0.2004,-1.2118,0.6886,-0.217,1.0107,-3.023,-0.3237,3,1,1,-2.733007336,-1.789874363,0
1815,23.3.12,1662.3,1.2178,-0.4667,0.2004,-1.2118,0.6886,-0.217,1.0107,-3.023,3,1,1,2.966253224,1.442813758,0
1816,26.3.12,1685.5,1.3957,1.2178,-0.4667,0.2004,-1.2118,0.6886,-0.217,1.0107,3,1,1,1.482264403,0.14971089,0
1817,27.3.12,1684.8,-0.0415,1.3957,1.2178,-0.4667,0.2004,-1.2118,0.6886,-0.217,3,1,1,-0.381959278,0.280298099,0
1818,28.3.12,1657.9,-1.5966,-0.0415,1.3957,1.2178,-0.4667,0.2004,-1.2118,0.6886,3,1,1,-2.407906852,-1.788873694,0
1819,29.3.12,1652.2,-0.3438,-1.5966,-0.0415,1.3957,1.2178,-0.4667,0.2004,-1.2118,3,1,1,0.509179835,-2.495023993,0
1820,30.3.12,1669.3,1.035,-0.3438,-1.5966,-0.0415,1.3957,1.2178,-0.4667,0.2004,3,1,1,1.535434109,0.233506389,0
1821,2.4.12,1677.5,0.4912,1.035,-0.3438,-1.5966,-0.0415,1.3957,1.2178,-0.4667,4,1,2,1.891029535,2.145221108,0
1822,3.4.12,1670,-0.4471,0.4912,1.035,-0.3438,-1.5966,-0.0415,1.3957,1.2178,4,1,2,0.504790424,-1.159366323,0
1823,4.4.12,1612.3,-3.4551,-0.4471,0.4912,1.035,-0.3438,-1.5966,-0.0415,1.3957,4,1,2,-6.679701267,-2.442073708,0
1824,5.4.12,1628.5,1.0048,-3.4551,-0.4471,0.4912,1.035,-0.3438,-1.5966,-0.0415,4,1,2,2.21405875,1.813340215,0
1825,9.4.12,1642.5,0.8597,1.0048,-3.4551,-0.4471,0.4912,1.035,-0.3438,-1.5966,4,1,2,-0.64005271,-0.822764974,0
1826,10.4.12,1659.5,1.035,0.8597,1.0048,-3.4551,-0.4471,0.4912,1.035,-0.3438,4,1,2,0.498205774,-1.405428903,0
1827,11.4.12,1659,-0.0301,1.035,0.8597,1.0048,-3.4551,-0.4471,0.4912,1.035,4,1,2,-0.502053667,1.66303738,0
1828,12.4.12,1679.5,1.2357,-0.0301,1.035,0.8597,1.0048,-3.4551,-0.4471,0.4912,4,1,2,3.186188062,0.915289649,0
1829,13.4.12,1659.1,-1.2146,1.2357,-0.0301,1.035,0.8597,1.0048,-3.4551,-0.4471,4,1,2,-3.490697371,-0.781549173,0
1830,16.4.12,1648.7,-0.6268,-1.2146,1.2357,-0.0301,1.035,0.8597,1.0048,-3.4551,4,1,2,-0.050984196,0.097246399,0
1831,17.4.12,1650.3,0.0971,-0.6268,-1.2146,1.2357,-0.0301,1.035,0.8597,1.0048,4,1,2,0.959700906,1.233844981,0
1832,18.4.12,1638.8,-0.6968,0.0971,-0.6268,-1.2146,1.2357,-0.0301,1.035,0.8597,4,1,2,-0.590558248,-1.468329006,0
1833,19.4.12,1640.6,0.1098,-0.6968,0.0971,-0.6268,-1.2146,1.2357,-0.0301,1.035,4,1,2,0.930806473,-0.389599233,0
1834,20.4.12,1642.1,0.0914,0.1098,-0.6968,0.0971,-0.6268,-1.2146,1.2357,-0.0301,4,1,2,-0.399738155,0.762693296,0
1835,23.4.12,1631.9,-0.6212,0.0914,0.1098,-0.6968,0.0971,-0.6268,-1.2146,1.2357,4,1,2,-3.536213857,0.058221792,2
1836,24.4.12,1643,0.6802,-0.6212,0.0914,0.1098,-0.6968,0.0971,-0.6268,-1.2146,4,1,2,0.704341213,0.426731102,2
1837,25.4.12,1641.4,-0.0974,0.6802,-0.6212,0.0914,0.1098,-0.6968,0.0971,-0.6268,4,1,2,-1.26545199,0.550458405,2
1838,26.4.12,1659.6,1.1088,-0.0974,0.6802,-0.6212,0.0914,0.1098,-0.6968,0.0971,4,1,2,2.807153924,0.412985299,2
1839,27.4.12,1664,0.2651,1.1088,-0.0974,0.6802,-0.6212,0.0914,0.1098,-0.6968,4,1,2,0.461497328,0.36345982,2
1840,30.4.12,1663.4,-0.0361,0.2651,1.1088,-0.0974,0.6802,-0.6212,0.0914,0.1098,4,1,2,-1.237759552,-0.057178651,2
1841,1.5.12,1661.7,-0.1022,-0.0361,0.2651,1.1088,-0.0974,0.6802,-0.6212,0.0914,5,1,2,-0.264862644,1.230095243,2
1842,2.5.12,1653.4,-0.4995,-0.1022,-0.0361,0.2651,1.1088,-0.0974,0.6802,-0.6212,5,1,2,-0.923022791,-0.885458185,2
1843,3.5.12,1634.2,-1.1612,-0.4995,-0.1022,-0.0361,0.2651,1.1088,-0.0974,0.6802,5,1,2,-2.069166579,-2.547044549,2
1844,4.5.12,1644.7,0.6425,-1.1612,-0.4995,-0.1022,-0.0361,0.2651,1.1088,-0.0974,5,1,2,1.405252285,-3.949681115,2
1845,7.5.12,1638.6,-0.3709,0.6425,-1.1612,-0.4995,-0.1022,-0.0361,0.2651,1.1088,5,1,2,-1.013820493,-0.558427692,2
1846,8.5.12,1604,-2.1116,-0.3709,0.6425,-1.1612,-0.4995,-0.1022,-0.0361,0.2651,5,1,2,-2.188085046,-0.949561244,0
1847,9.5.12,1593.7,-0.6421,-2.1116,-0.3709,0.6425,-1.1612,-0.4995,-0.1022,-0.0361,5,1,2,-0.737740726,-0.206169027,0
1848,10.5.12,1595.1,0.0878,-0.6421,-2.1116,-0.3709,0.6425,-1.1612,-0.4995,-0.1022,5,1,2,-0.208928393,0.278901228,0
1849,11.5.12,1583.6,-0.721,0.0878,-0.6421,-2.1116,-0.3709,0.6425,-1.1612,-0.4995,5,1,2,-0.954145665,-0.978579069,0
1850,14.5.12,1560.6,-1.4524,-0.721,0.0878,-0.6421,-2.1116,-0.3709,0.6425,-1.1612,5,1,2,-1.867764783,-1.404346731,0
1851,15.5.12,1556.8,-0.2435,-1.4524,-0.721,0.0878,-0.6421,-2.1116,-0.3709,0.6425,5,1,2,-0.935765343,-0.844055109,1
1852,16.5.12,1536.2,-1.3232,-0.2435,-1.4524,-0.721,0.0878,-0.6421,-2.1116,-0.3709,5,1,2,-3.15106848,-1.244951858,0
1853,17.5.12,1574.5,2.4932,-1.3232,-0.2435,-1.4524,-0.721,0.0878,-0.6421,-2.1116,5,1,2,3.040118555,-0.269367532,0
1854,18.5.12,1591.6,1.0861,2.4932,-1.3232,-0.2435,-1.4524,-0.721,0.0878,-0.6421,5,1,2,2.493213127,-1.166804484,0
1855,21.5.12,1588.4,-0.2011,1.0861,2.4932,-1.3232,-0.2435,-1.4524,-0.721,0.0878,5,1,2,-1.359167026,1.191513225,0
1856,22.5.12,1576.3,-0.7618,-0.2011,1.0861,2.4932,-1.3232,-0.2435,-1.4524,-0.721,5,1,2,-0.491096434,-0.983035579,0
1857,23.5.12,1548.1,-1.789,-0.7618,-0.2011,1.0861,2.4932,-1.3232,-0.2435,-1.4524,5,1,2,-2.332687641,-1.9201419,1
1858,24.5.12,1557.3,0.5943,-1.789,-0.7618,-0.2011,1.0861,2.4932,-1.3232,-0.2435,5,1,2,2.30478694,0.845386122,1
1859,25.5.12,1568.8,0.7385,0.5943,-1.789,-0.7618,-0.2011,1.0861,2.4932,-1.3232,5,1,2,0.810179231,0.220601081,0
1860,29.5.12,1548.6,-1.2876,0.7385,0.5943,-1.789,-0.7618,-0.2011,1.0861,2.4932,5,1,2,-2.125486863,-0.110057752,1
1861,30.5.12,1563.4,0.9557,-1.2876,0.7385,0.5943,-1.789,-0.7618,-0.2011,1.0861,5,1,2,0.702271378,-3.239315086,0
1862,31.5.12,1562.6,-0.0512,0.9557,-1.2876,0.7385,0.5943,-1.789,-0.7618,-0.2011,5,1,2,-0.790360748,-1.468914735,0
1863,1.6.12,1620.5,3.7054,-0.0512,0.9557,-1.2876,0.7385,0.5943,-1.789,-0.7618,6,1,2,2.725210122,-3.813700993,0
1864,4.6.12,1612.2,-0.5122,3.7054,-0.0512,0.9557,-1.2876,0.7385,0.5943,-1.789,6,1,2,-1.772113434,0.901117349,0
1865,5.6.12,1615.2,0.1861,-0.5122,3.7054,-0.0512,0.9557,-1.2876,0.7385,0.5943,6,1,2,1.421830529,0.369132587,0
1866,6.6.12,1632.8,1.0897,0.1861,-0.5122,3.7054,-0.0512,0.9557,-1.2876,0.7385,6,1,2,3.825292236,0.86605258,0
1867,7.6.12,1586.6,-2.8295,1.0897,0.1861,-0.5122,3.7054,-0.0512,0.9557,-1.2876,6,1,2,-3.24671169,-0.235235187,0
1868,8.6.12,1590.1,0.2206,-2.8295,1.0897,0.1861,-0.5122,3.7054,-0.0512,0.9557,6,1,2,-0.203368488,-0.848857844,0
1869,11.6.12,1595.5,0.3396,0.2206,-2.8295,1.0897,0.1861,-0.5122,3.7054,-0.0512,6,1,2,0.509470699,-1.664686743,0
1870,12.6.12,1612.7,1.078,0.3396,0.2206,-2.8295,1.0897,0.1861,-0.5122,3.7054,6,1,2,1.178074119,0.749701051,0
1871,13.6.12,1618.1,0.3348,1.078,0.3396,0.2206,-2.8295,1.0897,0.1861,-0.5122,6,1,2,-0.027645121,-0.840130762,0
1872,14.6.12,1618.4,0.0185,0.3348,1.078,0.3396,0.2206,-2.8295,1.0897,0.1861,6,1,2,-1.845517216,1.561366343,0
1873,15.6.12,1627,0.5314,0.0185,0.3348,1.078,0.3396,0.2206,-2.8295,1.0897,6,1,2,1.172494609,0.143004543,0
1874,18.6.12,1625.7,-0.0799,0.5314,0.0185,0.3348,1.078,0.3396,0.2206,-2.8295,6,1,2,-0.240127858,-0.904441446,0
1875,19.6.12,1622.2,-0.2153,-0.0799,0.5314,0.0185,0.3348,1.078,0.3396,0.2206,6,1,2,-1.057043063,0.912696249,0
1876,20.6.12,1614.8,-0.4562,-0.2153,-0.0799,0.5314,0.0185,0.3348,1.078,0.3396,6,1,2,0.074042412,-2.653809068,0
1877,21.6.12,1564.5,-3.1149,-0.4562,-0.2153,-0.0799,0.5314,0.0185,0.3348,1.078,6,1,2,-5.46101282,-4.400985292,0
1878,22.6.12,1566,0.0959,-3.1149,-0.4562,-0.2153,-0.0799,0.5314,0.0185,0.3348,6,1,2,-0.655910982,1.994891623,0
1879,25.6.12,1587.5,1.3729,0.0959,-3.1149,-0.4562,-0.2153,-0.0799,0.5314,0.0185,6,1,2,3.229921125,-0.689572514,0
1880,26.6.12,1574,-0.8504,1.3729,0.0959,-3.1149,-0.4562,-0.2153,-0.0799,0.5314,6,1,2,-1.747943161,0.189371958,0
1881,27.6.12,1577.5,0.2224,-0.8504,1.3729,0.0959,-3.1149,-0.4562,-0.2153,-0.0799,6,1,2,-0.355071454,1.071066617,0
1882,28.6.12,1549.7,-1.7623,0.2224,-0.8504,1.3729,0.0959,-3.1149,-0.4562,-0.2153,6,1,2,-2.576000314,-3.141748749,0
1883,29.6.12,1603.5,3.4716,-1.7623,0.2224,-0.8504,1.3729,0.0959,-3.1149,-0.4562,6,1,2,5.078676406,9.357699079,0
1884,2.7.12,1597.2,-0.3929,3.4716,-1.7623,0.2224,-0.8504,1.3729,0.0959,-3.1149,7,2,3,-0.406089601,-1.424198561,0
1885,3.7.12,1621.3,1.5089,-0.3929,3.4716,-1.7623,0.2224,-0.8504,1.3729,0.0959,7,2,3,2.821463546,4.668661089,0
1886,5.7.12,1608.9,-0.7648,1.5089,-0.3929,3.4716,-1.7623,0.2224,-0.8504,1.3729,7,2,3,-2.142122089,-0.501942075,0
1887,6.7.12,1578.4,-1.8957,-0.7648,1.5089,-0.3929,3.4716,-1.7623,0.2224,-0.8504,7,2,3,-2.710038845,-3.175881946,0
1888,9.7.12,1588.6,0.6462,-1.8957,-0.7648,1.5089,-0.3929,3.4716,-1.7623,0.2224,7,2,3,1.941311913,1.823565389,0
1889,10.7.12,1579.3,-0.5854,0.6462,-1.8957,-0.7648,1.5089,-0.3929,3.4716,-1.7623,7,2,3,-2.042973552,-2.418879234,0
1890,11.7.12,1575.2,-0.2596,-0.5854,0.6462,-1.8957,-0.7648,1.5089,-0.3929,3.4716,7,2,3,0.536296629,2.264323458,0
1891,12.7.12,1564.9,-0.6539,-0.2596,-0.5854,0.6462,-1.8957,-0.7648,1.5089,-0.3929,7,2,3,0.522314636,0.31465363,0
1892,13.7.12,1591.6,1.7062,-0.6539,-0.2596,-0.5854,0.6462,-1.8957,-0.7648,1.5089,7,2,3,0.766510118,1.184940313,0
1893,16.7.12,1591.2,-0.0251,1.7062,-0.6539,-0.2596,-0.5854,0.6462,-1.8957,-0.7648,7,2,3,-0.171880405,1.526982611,0
1894,17.7.12,1589.1,-0.132,-0.0251,1.7062,-0.6539,-0.2596,-0.5854,0.6462,-1.8957,7,2,3,-0.018320944,0.893363013,0
1895,18.7.12,1570.4,-1.1768,-0.132,-0.0251,1.7062,-0.6539,-0.2596,-0.5854,0.6462,7,2,3,-0.809763568,0.728537903,0
1896,19.7.12,1580.1,0.6177,-1.1768,-0.132,-0.0251,1.7062,-0.6539,-0.2596,-0.5854,7,2,3,0.454364828,3.104485179,0
1897,20.7.12,1582.5,0.1519,0.6177,-1.1768,-0.132,-0.0251,1.7062,-0.6539,-0.2596,7,2,3,0.31256558,-1.31664275,0
1898,23.7.12,1577.1,-0.3412,0.1519,0.6177,-1.1768,-0.132,-0.0251,1.7062,-0.6539,7,2,3,-0.95311498,-3.608927126,0
1899,24.7.12,1576,-0.0697,-0.3412,0.1519,0.6177,-1.1768,-0.132,-0.0251,1.7062,7,2,3,-0.847545031,0.408441812,0
1900,25.7.12,1608,2.0305,-0.0697,-0.3412,0.1519,0.6177,-1.1768,-0.132,-0.0251,7,2,3,2.444937502,0.531074826,0
1901,26.7.12,1615,0.4353,2.0305,-0.0697,-0.3412,0.1519,0.6177,-1.1768,-0.132,7,2,3,-0.051010891,0.472067172,0
1902,27.7.12,1617.9,0.1796,0.4353,2.0305,-0.0697,-0.3412,0.1519,0.6177,-1.1768,7,2,3,0.171342224,0.827830707,0
1903,30.7.12,1619.7,0.1113,0.1796,0.4353,2.0305,-0.0697,-0.3412,0.1519,0.6177,7,2,3,1.95064883,-0.38832629,0
1904,31.7.12,1610.5,-0.568,0.1113,0.1796,0.4353,2.0305,-0.0697,-0.3412,0.1519,7,2,3,-0.424785755,-1.915795549,0
1905,1.8.12,1603.7,-0.4222,-0.568,0.1113,0.1796,0.4353,2.0305,-0.0697,-0.3412,8,2,3,-1.355082464,0.965257923,0
1906,2.8.12,1587.4,-1.0164,-0.4222,-0.568,0.1113,0.1796,0.4353,2.0305,-0.0697,8,2,3,-1.947884196,-2.002031645,1
1907,3.8.12,1606,1.1717,-1.0164,-0.4222,-0.568,0.1113,0.1796,0.4353,2.0305,8,2,3,2.998406242,4.900728116,0
1908,6.8.12,1612.9,0.4296,1.1717,-1.0164,-0.4222,-0.568,0.1113,0.1796,0.4353,8,2,3,0.223095953,0.8752685,0
1909,7.8.12,1609.7,-0.1984,0.4296,1.1717,-1.0164,-0.4222,-0.568,0.1113,0.1796,8,2,3,0.80066597,1.594361464,0
1910,8.8.12,1612.9,0.1988,-0.1984,0.4296,1.1717,-1.0164,-0.4222,-0.568,0.1113,8,2,3,-0.02849983,-0.341624534,0
1911,9.8.12,1617.1,0.2604,0.1988,-0.1984,0.4296,1.1717,-1.0164,-0.4222,-0.568,8,2,3,0.081949327,0.010714661,0
1912,10.8.12,1619.7,0.1608,0.2604,0.1988,-0.1984,0.4296,1.1717,-1.0164,-0.4222,8,2,3,-0.124598958,-0.524847751,1
1913,13.8.12,1609.6,-0.6236,0.1608,0.2604,0.1988,-0.1984,0.4296,1.1717,-1.0164,8,2,3,-1.051506231,-0.150747696,1
1914,14.8.12,1599.4,-0.6337,-0.6236,0.1608,0.2604,0.1988,-0.1984,0.4296,1.1717,8,2,3,-0.014408177,0.75487644,1
1915,15.8.12,1603.7,0.2688,-0.6337,-0.6236,0.1608,0.2604,0.1988,-0.1984,0.4296,8,2,3,0.176537633,0.963289653,1
1916,16.8.12,1616.1,0.7732,0.2688,-0.6337,-0.6236,0.1608,0.2604,0.1988,-0.1984,8,2,3,1.438588794,1.346333742,1
1917,17.8.12,1616.3,0.0124,0.7732,0.2688,-0.6337,-0.6236,0.1608,0.2604,0.1988,8,2,3,-0.744545595,0.42887413,1
1918,20.8.12,1620.1,0.2351,0.0124,0.7732,0.2688,-0.6337,-0.6236,0.1608,0.2604,8,2,3,2.111089786,-0.041663279,1
1919,21.8.12,1639.9,1.2221,0.2351,0.0124,0.7732,0.2688,-0.6337,-0.6236,0.1608,8,2,3,2.921007037,0.739813562,1
1920,22.8.12,1637.4,-0.1524,1.2221,0.2351,0.0124,0.7732,0.2688,-0.6337,-0.6236,8,2,3,0.435064279,0.599919145,1
1921,23.8.12,1669.6,1.9665,-0.1524,1.2221,0.2351,0.0124,0.7732,0.2688,-0.6337,8,2,3,3.039022382,-1.017895817,1
1922,24.8.12,1669.8,0.012,1.9665,-0.1524,1.2221,0.2351,0.0124,0.7732,0.2688,8,2,3,0.522220232,-0.124644356,1
1923,27.8.12,1672.4,0.1557,0.012,1.9665,-0.1524,1.2221,0.2351,0.0124,0.7732,8,2,3,1.414750848,-0.707228595,1
1924,28.8.12,1666.5,-0.3528,0.1557,0.012,1.9665,-0.1524,1.2221,0.2351,0.0124,8,2,3,-0.547698311,0.900807164,1
1925,29.8.12,1659.8,-0.402,-0.3528,0.1557,0.012,1.9665,-0.1524,1.2221,0.2351,8,2,3,-0.123101194,-0.872006593,1
1926,30.8.12,1653.5,-0.3796,-0.402,-0.3528,0.1557,0.012,1.9665,-0.1524,1.2221,8,2,3,-1.504974876,-0.911085073,1
1927,31.8.12,1684.6,1.8809,-0.3796,-0.402,-0.3528,0.1557,0.012,1.9665,-0.1524,8,2,3,3.302928311,1.955187508,1
1928,4.9.12,1692.9,0.4927,1.8809,-0.3796,-0.402,-0.3528,0.1557,0.012,1.9665,9,2,3,3.117624187,-1.21281036,1
1929,5.9.12,1690.8,-0.124,0.4927,1.8809,-0.3796,-0.402,-0.3528,0.1557,0.012,9,2,3,-0.234945637,0.062956513,0
1930,6.9.12,1702.6,0.6979,-0.124,0.4927,1.8809,-0.3796,-0.402,-0.3528,0.1557,9,2,3,1.075235898,0.178269891,1
1931,7.9.12,1737.5,2.0498,0.6979,-0.124,0.4927,1.8809,-0.3796,-0.402,-0.3528,9,2,3,3.108617539,0.931643883,0
1932,10.9.12,1728.7,-0.5065,2.0498,0.6979,-0.124,0.4927,1.8809,-0.3796,-0.402,9,2,3,-0.175417325,0.124458358,0
1933,11.9.12,1731.8,0.1793,-0.5065,2.0498,0.6979,-0.124,0.4927,1.8809,-0.3796,9,2,3,-0.193609456,0.652576391,0
1934,12.9.12,1730.6,-0.0693,0.1793,-0.5065,2.0498,0.6979,-0.124,0.4927,1.8809,9,2,3,-0.823650873,-0.164655795,0
1935,13.9.12,1769.1,2.2247,-0.0693,0.1793,-0.5065,2.0498,0.6979,-0.124,0.4927,9,2,3,4.462425354,1.340063286,0
1936,14.9.12,1769.8,0.0396,2.2247,-0.0693,0.1793,-0.5065,2.0498,0.6979,-0.124,9,2,3,-0.325495344,0.701863959,0
1937,17.9.12,1767.7,-0.1187,0.0396,2.2247,-0.0693,0.1793,-0.5065,2.0498,0.6979,9,2,3,-0.881427332,-2.40403763,0
1938,18.9.12,1768.4,0.0396,-0.1187,0.0396,2.2247,-0.0693,0.1793,-0.5065,2.0498,9,2,3,1.008807126,-1.376528455,0
1939,19.9.12,1769,0.0339,0.0396,-0.1187,0.0396,2.2247,-0.0693,0.1793,-0.5065,9,2,3,-0.360812829,-3.473604289,0
1940,20.9.12,1767.7,-0.0735,0.0339,0.0396,-0.1187,0.0396,2.2247,-0.0693,0.1793,9,2,3,0.286795737,-0.119591875,0
1941,21.9.12,1775.5,0.4413,-0.0735,0.0339,0.0396,-0.1187,0.0396,2.2247,-0.0693,9,2,3,-0.147318412,1.110260817,0
1942,24.9.12,1762.1,-0.7547,0.4413,-0.0735,0.0339,0.0396,-0.1187,0.0396,2.2247,9,2,3,-1.8688341,-1.033479482,0
1943,25.9.12,1763.8,0.0965,-0.7547,0.4413,-0.0735,0.0339,0.0396,-0.1187,0.0396,9,2,3,-0.103180466,-0.609156485,0
1944,26.9.12,1750.6,-0.7484,0.0965,-0.7547,0.4413,-0.0735,0.0339,0.0396,-0.1187,9,2,3,-0.008859608,-1.521286361,0
1945,27.9.12,1777.6,1.5423,-0.7484,0.0965,-0.7547,0.4413,-0.0735,0.0339,0.0396,9,2,3,2.101354109,2.078234105,0
1946,28.9.12,1771.1,-0.3657,1.5423,-0.7484,0.0965,-0.7547,0.4413,-0.0735,0.0339,9,2,3,-0.225474568,0.370173079,0
1947,1.10.12,1780.5,0.5307,-0.3657,1.5423,-0.7484,0.0965,-0.7547,0.4413,-0.0735,10,2,4,1.054559335,0.314568725,0
1948,2.10.12,1772.7,-0.4381,0.5307,-0.3657,1.5423,-0.7484,0.0965,-0.7547,0.4413,10,2,4,-0.794129822,-0.637980045,0
1949,3.10.12,1777.3,0.2595,-0.4381,0.5307,-0.3657,1.5423,-0.7484,0.0965,-0.7547,10,2,4,0.078026896,-4.0809664,2
1950,4.10.12,1794.1,0.9452,0.2595,-0.4381,0.5307,-0.3657,1.5423,-0.7484,0.0965,10,2,4,1.183909911,4.050374086,2
1951,5.10.12,1778.6,-0.8639,0.9452,0.2595,-0.4381,0.5307,-0.3657,1.5423,-0.7484,10,2,4,-1.498249252,-1.995422363,0
1952,8.10.12,1773.5,-0.2867,-0.8639,0.9452,0.2595,-0.4381,0.5307,-0.3657,1.5423,10,2,4,-1.547109789,-0.611921939,0
1953,9.10.12,1763,-0.592,-0.2867,-0.8639,0.9452,0.2595,-0.4381,0.5307,-0.3657,10,2,4,-0.091219562,3.425498148,0
1954,10.10.12,1763.2,0.0113,-0.592,-0.2867,-0.8639,0.9452,0.2595,-0.4381,0.5307,10,2,4,0.359346255,-1.23389912,2
1955,11.10.12,1768.8,0.3176,0.0113,-0.592,-0.2867,-0.8639,0.9452,0.2595,-0.4381,10,2,4,-0.079242878,0.898629803,2
1956,12.10.12,1758,-0.6106,0.3176,0.0113,-0.592,-0.2867,-0.8639,0.9452,0.2595,10,2,4,-1.213070542,-0.228086331,0
1957,15.10.12,1736,-1.2514,-0.6106,0.3176,0.0113,-0.592,-0.2867,-0.8639,0.9452,10,2,4,-2.753244444,-0.010888457,0
1958,16.10.12,1744.7,0.5011,-1.2514,-0.6106,0.3176,0.0113,-0.592,-0.2867,-0.8639,10,2,4,0.657352089,0.261293269,0
1959,17.10.12,1751.5,0.3898,0.5011,-1.2514,-0.6106,0.3176,0.0113,-0.592,-0.2867,10,2,4,0.835300722,0.032583787,0
1960,18.10.12,1743.3,-0.4682,0.3898,0.5011,-1.2514,-0.6106,0.3176,0.0113,-0.592,10,2,4,-1.081415068,-0.021715449,0
1961,19.10.12,1722.8,-1.1759,-0.4682,0.3898,0.5011,-1.2514,-0.6106,0.3176,0.0113,10,2,4,-2.329616178,-2.225836543,0
1962,22.10.12,1725.1,0.1335,-1.1759,-0.4682,0.3898,0.5011,-1.2514,-0.6106,0.3176,10,2,4,0.480152526,-1.465851916,0
1963,23.10.12,1708.3,-0.9739,0.1335,-1.1759,-0.4682,0.3898,0.5011,-1.2514,-0.6106,10,2,4,-1.424276303,-2.321655708,0
1964,24.10.12,1700.5,-0.4566,-0.9739,0.1335,-1.1759,-0.4682,0.3898,0.5011,-1.2514,10,2,4,-0.544574218,-1.084567707,0
1965,25.10.12,1712,0.6763,-0.4566,-0.9739,0.1335,-1.1759,-0.4682,0.3898,0.5011,10,2,4,1.436937752,0.373264531,0
1966,26.10.12,1710.9,-0.0643,0.6763,-0.4566,-0.9739,0.1335,-1.1759,-0.4682,0.3898,10,2,4,-0.118562825,0.267281487,0
1967,31.10.12,1717.5,0.3858,-0.0643,0.6763,-0.4566,-0.9739,0.1335,-1.1759,-0.4682,10,2,4,0.865316919,-0.046361748,0
1968,1.11.12,1714.1,-0.198,0.3858,-0.0643,0.6763,-0.4566,-0.9739,0.1335,-1.1759,11,2,4,-0.192010851,0.985619776,0
1969,2.11.12,1674.1,-2.3336,-0.198,0.3858,-0.0643,0.6763,-0.4566,-0.9739,0.1335,11,2,4,-4.316398498,-2.560564728,1
1970,5.11.12,1682.2,0.4838,-2.3336,-0.198,0.3858,-0.0643,0.6763,-0.4566,-0.9739,11,2,4,0.901578704,0.930946158,0
1971,6.11.12,1714.1,1.8963,0.4838,-2.3336,-0.198,0.3858,-0.0643,0.6763,-0.4566,11,2,4,2.911966419,3.572676596,0
1972,7.11.12,1713.2,-0.0525,1.8963,0.4838,-2.3336,-0.198,0.3858,-0.0643,0.6763,11,2,4,-1.149323609,-4.813433308,0
1973,8.11.12,1725.4,0.7121,-0.0525,1.8963,0.4838,-2.3336,-0.198,0.3858,-0.0643,11,2,4,1.832485358,0.769770106,0
1974,9.11.12,1730.3,0.284,0.7121,-0.0525,1.8963,0.4838,-2.3336,-0.198,0.3858,11,2,4,1.11383814,1.151725701,0
1975,12.11.12,1730.3,0,0.284,0.7121,-0.0525,1.8963,0.4838,-2.3336,-0.198,11,2,4,-0.236267763,-0.580922507,0
1976,13.11.12,1724.2,-0.3525,0,0.284,0.7121,-0.0525,1.8963,0.4838,-2.3336,11,2,4,-0.107648777,-0.222043289,0
1977,14.11.12,1729.5,0.3074,-0.3525,0,0.284,0.7121,-0.0525,1.8963,0.4838,11,2,4,1.210042903,1.100963307,0
1978,15.11.12,1713.3,-0.9367,0.3074,-0.3525,0,0.284,0.7121,-0.0525,1.8963,11,2,4,-0.626684546,-1.00788085,0
1979,16.11.12,1714.3,0.0584,-0.9367,0.3074,-0.3525,0,0.284,0.7121,-0.0525,11,2,4,-0.930662317,1.427736997,0
1980,19.11.12,1734,1.1492,0.0584,-0.9367,0.3074,-0.3525,0,0.284,0.7121,11,2,4,2.533913332,3.011423405,0
1981,20.11.12,1723.2,-0.6228,1.1492,0.0584,-0.9367,0.3074,-0.3525,0,0.284,11,2,4,-0.777551677,-2.833780033,0
1982,21.11.12,1727.9,0.2728,-0.6228,1.1492,0.0584,-0.9367,0.3074,-0.3525,0,11,2,4,1.278745649,0.726221618,0
1983,23.11.12,1751.3,1.3542,0.2728,-0.6228,1.1492,0.0584,-0.9367,0.3074,-0.3525,11,2,4,2.300258668,1.029985757,0
1984,26.11.12,1749.5,-0.1028,1.3542,0.2728,-0.6228,1.1492,0.0584,-0.9367,0.3074,11,2,4,0.079154605,-0.611691123,0
1985,27.11.12,1742.2,-0.4173,-0.1028,1.3542,0.2728,-0.6228,1.1492,0.0584,-0.9367,11,2,4,-0.456974757,-0.638246606,2
1986,28.11.12,1716.5,-1.4751,-0.4173,-0.1028,1.3542,0.2728,-0.6228,1.1492,0.0584,11,2,4,-0.88575923,-0.79146873,0
1987,29.11.12,1727.2,0.6234,-1.4751,-0.4173,-0.1028,1.3542,0.2728,-0.6228,1.1492,11,2,4,1.980344472,1.826802948,2
1988,30.11.12,1710.9,-0.9437,0.6234,-1.4751,-0.4173,-0.1028,1.3542,0.2728,-0.6228,11,2,4,-3.330619021,0.953791269,0
1989,3.12.12,1719.6,0.5085,-0.9437,0.6234,-1.4751,-0.4173,-0.1028,1.3542,0.2728,12,2,4,1.436577553,0.202443672,0
1990,4.12.12,1694.4,-1.4655,0.5085,-0.9437,0.6234,-1.4751,-0.4173,-0.1028,1.3542,12,2,4,-2.81167009,-0.662247572,0
1991,5.12.12,1692.4,-0.118,-1.4655,0.5085,-0.9437,0.6234,-1.4751,-0.4173,-0.1028,12,2,4,0.455178882,-0.700568075,0
1992,6.12.12,1700.3,0.4668,-0.118,-1.4655,0.5085,-0.9437,0.6234,-1.4751,-0.4173,12,2,4,0.474415496,-1.843417351,0
1993,7.12.12,1704,0.2176,0.4668,-0.118,-1.4655,0.5085,-0.9437,0.6234,-1.4751,12,2,4,0.042373977,-0.382566454,0
1994,10.12.12,1713,0.5282,0.2176,0.4668,-0.118,-1.4655,0.5085,-0.9437,0.6234,12,2,4,0.747278077,-0.430586227,0
1995,11.12.12,1708.2,-0.2802,0.5282,0.2176,0.4668,-0.118,-1.4655,0.5085,-0.9437,12,2,4,-1.07807013,0.268821135,0
1996,12.12.12,1716.6,0.4917,-0.2802,0.5282,0.2176,0.4668,-0.118,-1.4655,0.5085,12,2,4,2.325365946,1.142319288,0
1997,13.12.12,1695.6,-1.2233,0.4917,-0.2802,0.5282,0.2176,0.4668,-0.118,-1.4655,12,2,4,-4.233547697,-1.01417228,0
1998,14.12.12,1695.8,0.0118,-1.2233,0.4917,-0.2802,0.5282,0.2176,0.4668,-0.118,12,2,4,-0.176577474,0.977999736,0
1999,17.12.12,1697,0.0708,0.0118,-1.2233,0.4917,-0.2802,0.5282,0.2176,0.4668,12,2,4,-0.052752044,0.54190427,0
2000,18.12.12,1669.5,-1.6205,0.0708,0.0118,-1.2233,0.4917,-0.2802,0.5282,0.2176,12,2,4,-1.897168056,0.837159842,0
2001,19.12.12,1666.5,-0.1797,-1.6205,0.0708,0.0118,-1.2233,0.4917,-0.2802,0.5282,12,2,4,-1.740779392,1.796885961,0
2002,20.12.12,1644.9,-1.2961,-0.1797,-1.6205,0.0708,0.0118,-1.2233,0.4917,-0.2802,12,2,4,-4.615881981,0.692654566,0
2003,21.12.12,1659.1,0.8633,-1.2961,-0.1797,-1.6205,0.0708,0.0118,-1.2233,0.4917,12,2,4,1.789817288,-1.630970416,0
2004,24.12.12,1658.6,-0.0301,0.8633,-1.2961,-0.1797,-1.6205,0.0708,0.0118,-1.2233,12,2,4,-1.005240178,-0.056398657,0
2005,26.12.12,1659.8,0.0724,-0.0301,0.8633,-1.2961,-0.1797,-1.6205,0.0708,0.0118,12,2,4,0.482586871,2.67464477,0
2006,27.12.12,1662.6,0.1687,0.0724,-0.0301,0.8633,-1.2961,-0.1797,-1.6205,0.0708,12,2,4,0.670380599,-0.12090636,0
2007,28.12.12,1654.9,-0.4631,0.1687,0.0724,-0.0301,0.8633,-1.2961,-0.1797,-1.6205,12,2,4,-0.874635366,-0.077032786,0
2008,31.12.12,1674.8,1.2025,-0.4631,0.1687,0.0724,-0.0301,0.8633,-1.2961,-0.1797,12,2,4,0.8455891,1.123344283,0
2009,2.1.13,1687.9,0.7822,1.2025,-0.4631,0.1687,0.0724,-0.0301,0.8633,-1.2961,1,1,1,2.581776157,1.415816877,0
2010,3.1.13,1673.7,-0.8413,0.7822,1.2025,-0.4631,0.1687,0.0724,-0.0301,0.8633,1,1,1,-0.907857781,-0.214781542,0
2011,4.1.13,1648.1,-1.5295,-0.8413,0.7822,1.2025,-0.4631,0.1687,0.0724,-0.0301,1,1,1,-2.526815658,0.182951111,0
2012,7.1.13,1645.5,-0.1578,-1.5295,-0.8413,0.7822,1.2025,-0.4631,0.1687,0.0724,1,1,1,0.454909285,0.107429485,0
2013,8.1.13,1661.5,0.9723,-0.1578,-1.5295,-0.8413,0.7822,1.2025,-0.4631,0.1687,1,1,1,1.275310778,-0.042924042,0
2014,9.1.13,1654.8,-0.4032,0.9723,-0.1578,-1.5295,-0.8413,0.7822,1.2025,-0.4631,1,1,1,-0.703602484,-0.053680141,0
2015,10.1.13,1677.3,1.3597,-0.4032,0.9723,-0.1578,-1.5295,-0.8413,0.7822,1.2025,1,1,1,2.231713459,0.7733633,0
2016,11.1.13,1660,-1.0314,1.3597,-0.4032,0.9723,-0.1578,-1.5295,-0.8413,0.7822,1,1,1,-1.645342252,-0.27712869,0
2017,14.1.13,1668.9,0.5361,-1.0314,1.3597,-0.4032,0.9723,-0.1578,-1.5295,-0.8413,1,1,1,2.347941286,0.619925017,0
2018,15.1.13,1683.4,0.8688,0.5361,-1.0314,1.3597,-0.4032,0.9723,-0.1578,-1.5295,1,1,1,1.344913992,-0.91353369,0
2019,16.1.13,1682.7,-0.0416,0.8688,0.5361,-1.0314,1.3597,-0.4032,0.9723,-0.1578,1,1,1,0.050799251,1.029158552,0
2020,17.1.13,1690.4,0.4576,-0.0416,0.8688,0.5361,-1.0314,1.3597,-0.4032,0.9723,1,1,1,0.863106428,1.326400709,0
2021,18.1.13,1686.6,-0.2248,0.4576,-0.0416,0.8688,0.5361,-1.0314,1.3597,-0.4032,1,1,1,0.3649441,0.073305787,0
2022,22.1.13,1692.8,0.3676,-0.2248,0.4576,-0.0416,0.8688,0.5361,-1.0314,1.3597,1,1,1,0.767973571,0.711595147,0
2023,23.1.13,1686.3,-0.384,0.3676,-0.2248,0.4576,-0.0416,0.8688,0.5361,-1.0314,1,1,1,0.81500931,-1.049454,0
2024,24.1.13,1669.5,-0.9963,-0.384,0.3676,-0.2248,0.4576,-0.0416,0.8688,0.5361,1,1,1,-2.203093873,0.756057509,0
2025,25.1.13,1656.4,-0.7847,-0.9963,-0.384,0.3676,-0.2248,0.4576,-0.0416,0.8688,1,1,1,-1.624860056,-0.072954348,0
2026,28.1.13,1652.4,-0.2415,-0.7847,-0.9963,-0.384,0.3676,-0.2248,0.4576,-0.0416,1,1,1,-1.359845357,0.58406884,0
2027,29.1.13,1660.7,0.5023,-0.2415,-0.7847,-0.9963,-0.384,0.3676,-0.2248,0.4576,1,1,1,1.310313016,1.171710105,2
2028,30.1.13,1679.9,1.1561,0.5023,-0.2415,-0.7847,-0.9963,-0.384,0.3676,-0.2248,1,1,1,3.186880252,0.379217739,2
2029,31.1.13,1660.6,-1.1489,1.1561,0.5023,-0.2415,-0.7847,-0.9963,-0.384,0.3676,1,1,1,-2.541059131,-0.459469641,2
2030,1.2.13,1669.4,0.5299,-1.1489,1.1561,0.5023,-0.2415,-0.7847,-0.9963,-0.384,2,1,1,1.93713218,0.287207699,2
2031,4.2.13,1675.3,0.3534,0.5299,-1.1489,1.1561,0.5023,-0.2415,-0.7847,-0.9963,2,1,1,-0.757619049,-1.636492308,0
2032,5.2.13,1672.4,-0.1731,0.3534,0.5299,-1.1489,1.1561,0.5023,-0.2415,-0.7847,2,1,1,0.50157251,0.488719174,2
2033,6.2.13,1677.7,0.3169,-0.1731,0.3534,0.5299,-1.1489,1.1561,0.5023,-0.2415,2,1,1,0.0062802,-0.020691891,2
2034,7.2.13,1670.4,-0.4351,0.3169,-0.1731,0.3534,0.5299,-1.1489,1.1561,0.5023,2,1,1,-1.487715169,-0.817637024,2
2035,8.2.13,1666,-0.2634,-0.4351,0.3169,-0.1731,0.3534,0.5299,-1.1489,1.1561,2,1,1,0.121069576,-0.114787236,2
2036,11.2.13,1648.2,-1.0684,-0.2634,-0.4351,0.3169,-0.1731,0.3534,0.5299,-1.1489,2,1,1,-1.686551447,1.368572442,2
2037,12.2.13,1648.7,0.0303,-1.0684,-0.2634,-0.4351,0.3169,-0.1731,0.3534,0.5299,2,1,1,0.352805472,0.494695829,2
2038,13.2.13,1644.2,-0.2729,0.0303,-1.0684,-0.2634,-0.4351,0.3169,-0.1731,0.3534,2,1,1,-0.483807315,-0.51276791,2
2039,14.2.13,1634.7,-0.5778,-0.2729,0.0303,-1.0684,-0.2634,-0.4351,0.3169,-0.1731,2,1,1,-1.656186161,0.309241744,0
2040,15.2.13,1608.8,-1.5844,-0.5778,-0.2729,0.0303,-1.0684,-0.2634,-0.4351,0.3169,2,1,1,-1.661008151,-1.49008014,0
2041,19.2.13,1603.6,-0.3232,-1.5844,-0.5778,-0.2729,0.0303,-1.0684,-0.2634,-0.4351,2,1,1,-1.427663746,0.834553564,0
2042,20.2.13,1577.6,-1.6214,-0.3232,-1.5844,-0.5778,-0.2729,0.0303,-1.0684,-0.2634,2,1,1,-2.713087182,-2.276023685,0
2043,21.2.13,1578.2,0.038,-1.6214,-0.3232,-1.5844,-0.5778,-0.2729,0.0303,-1.0684,2,1,1,0.279573386,-1.715014569,0
2044,22.2.13,1572.4,-0.3675,0.038,-1.6214,-0.3232,-1.5844,-0.5778,-0.2729,0.0303,2,1,1,-0.832898843,0.312366358,0
2045,25.2.13,1586.2,0.8776,-0.3675,0.038,-1.6214,-0.3232,-1.5844,-0.5778,-0.2729,2,1,1,1.851983549,-0.021471753,0
2046,26.2.13,1615.2,1.8283,0.8776,-0.3675,0.038,-1.6214,-0.3232,-1.5844,-0.5778,2,1,1,0.941933958,-0.51552288,0
2047,27.2.13,1595.2,-1.2382,1.8283,0.8776,-0.3675,0.038,-1.6214,-0.3232,-1.5844,2,1,1,-1.069865053,0.140348577,0
2048,28.2.13,1577.7,-1.097,-1.2382,1.8283,0.8776,-0.3675,0.038,-1.6214,-0.3232,2,1,1,-1.893377745,-0.765415123,0
2049,1.3.13,1571.9,-0.3676,-1.097,-1.2382,1.8283,0.8776,-0.3675,0.038,-1.6214,3,1,1,0.197216957,-1.488324499,0
2050,4.3.13,1572.1,0.0127,-0.3676,-1.097,-1.2382,1.8283,0.8776,-0.3675,0.038,3,1,1,0.021090713,-0.617553547,0
2051,5.3.13,1574.6,0.159,0.0127,-0.3676,-1.097,-1.2382,1.8283,0.8776,-0.3675,3,1,1,0.372488281,0.776738712,0
2052,6.3.13,1574.6,0,0.159,0.0127,-0.3676,-1.097,-1.2382,1.8283,0.8776,3,1,1,0.689705232,-0.429420162,0
2053,7.3.13,1574.8,0.0127,0,0.159,0.0127,-0.3676,-1.097,-1.2382,1.8283,3,1,1,0.024339254,1.249582273,0
2054,8.3.13,1576.6,0.1143,0.0127,0,0.159,0.0127,-0.3676,-1.097,-1.2382,3,1,1,0.493621849,0.425949541,0
2055,11.3.13,1577.8,0.0761,0.1143,0.0127,0,0.159,0.0127,-0.3676,-1.097,3,1,1,-0.335536064,0.119630902,0
2056,12.3.13,1591.5,0.8683,0.0761,0.1143,0.0127,0,0.159,0.0127,-0.3676,3,1,1,1.107178402,0.521402748,0
2057,13.3.13,1588.3,-0.2011,0.8683,0.0761,0.1143,0.0127,0,0.159,0.0127,3,1,1,-0.717447496,-0.021616892,0
2058,14.3.13,1590.6,0.1448,-0.2011,0.8683,0.0761,0.1143,0.0127,0,0.159,3,1,1,-0.518641592,0.551234495,0
2059,15.3.13,1592.5,0.1195,0.1448,-0.2011,0.8683,0.0761,0.1143,0.0127,0,3,1,1,0.156402326,0.451465306,0
2060,18.3.13,1604.6,0.7598,0.1195,0.1448,-0.2011,0.8683,0.0761,0.1143,0.0127,3,1,1,0.083284757,0.310327368,0
2061,19.3.13,1611.3,0.4176,0.7598,0.1195,0.1448,-0.2011,0.8683,0.0761,0.1143,3,1,1,-0.107486348,-1.685506974,0
2062,20.3.13,1607.5,-0.2358,0.4176,0.7598,0.1195,0.1448,-0.2011,0.8683,0.0761,3,1,1,-0.093712323,0.868050554,0
2063,21.3.13,1613.8,0.3919,-0.2358,0.4176,0.7598,0.1195,0.1448,-0.2011,0.8683,3,1,1,1.375811748,-0.548625367,2
2064,22.3.13,1606.2,-0.4709,0.3919,-0.2358,0.4176,0.7598,0.1195,0.1448,-0.2011,3,1,1,-1.758115334,1.36290122,2
2065,25.3.13,1604.6,-0.0996,-0.4709,0.3919,-0.2358,0.4176,0.7598,0.1195,0.1448,3,1,1,0.415124118,1.173832552,2
2066,26.3.13,1595.8,-0.5484,-0.0996,-0.4709,0.3919,-0.2358,0.4176,0.7598,0.1195,3,1,1,-0.489841058,1.613752577,2
2067,27.3.13,1606.2,0.6517,-0.5484,-0.0996,-0.4709,0.3919,-0.2358,0.4176,0.7598,3,1,1,-0.233903915,0.249123419,2
2068,28.3.13,1594.8,-0.7097,0.6517,-0.5484,-0.0996,-0.4709,0.3919,-0.2358,0.4176,3,1,1,-0.997305003,0.673018755,2
2069,1.4.13,1600,0.3261,-0.7097,0.6517,-0.5484,-0.0996,-0.4709,0.3919,-0.2358,4,1,2,-1.339600285,-0.164562025,2
2070,2.4.13,1575.1,-1.5563,0.3261,-0.7097,0.6517,-0.5484,-0.0996,-0.4709,0.3919,4,1,2,-2.49346559,0.123624958,2
2071,3.4.13,1552.8,-1.4158,-1.5563,0.3261,-0.7097,0.6517,-0.5484,-0.0996,-0.4709,4,1,2,-1.631327304,-2.819225666,2
2072,4.4.13,1551.8,-0.0644,-1.4158,-1.5563,0.3261,-0.7097,0.6517,-0.5484,-0.0996,4,1,2,-0.093383353,-1.259920435,2
2073,5.4.13,1575.4,1.5208,-0.0644,-1.4158,-1.5563,0.3261,-0.7097,0.6517,-0.5484,4,1,2,1.69358844,-0.600477348,2
2074,8.4.13,1572,-0.2158,1.5208,-0.0644,-1.4158,-1.5563,0.3261,-0.7097,0.6517,4,1,2,-0.297780867,0.711978084,2
2075,9.4.13,1586.2,0.9033,-0.2158,1.5208,-0.0644,-1.4158,-1.5563,0.3261,-0.7097,4,1,2,2.750731414,0.899739002,2
2076,10.4.13,1558.3,-1.7589,0.9033,-0.2158,1.5208,-0.0644,-1.4158,-1.5563,0.3261,4,1,2,-0.814610239,0.467093902,2
2077,11.4.13,1564.3,0.385,-1.7589,0.9033,-0.2158,1.5208,-0.0644,-1.4158,-1.5563,4,1,2,0.166429781,-1.193995415,2
2078,12.4.13,1501,-4.0465,0.385,-1.7589,0.9033,-0.2158,1.5208,-0.0644,-1.4158,4,1,2,-4.923239981,-2.37407889,0
2079,15.4.13,1360.6,-9.3538,-4.0465,0.385,-1.7589,0.9033,-0.2158,1.5208,-0.0644,4,1,2,-11.27194326,-2.826160374,1
2080,16.4.13,1386.8,1.9256,-9.3538,-4.0465,0.385,-1.7589,0.9033,-0.2158,1.5208,4,1,2,1.143225021,0.011275095,1
2081,17.4.13,1382.2,-0.3317,1.9256,-9.3538,-4.0465,0.385,-1.7589,0.9033,-0.2158,4,1,2,-1.358899115,-2.299369801,1
2082,18.4.13,1392,0.709,-0.3317,1.9256,-9.3538,-4.0465,0.385,-1.7589,0.9033,4,1,2,-0.266084173,1.211355616,1
2083,19.4.13,1395.3,0.2371,0.709,-0.3317,1.9256,-9.3538,-4.0465,0.385,-1.7589,4,1,2,-1.222085257,0.319159659,0
2084,22.4.13,1421,1.8419,0.2371,0.709,-0.3317,1.9256,-9.3538,-4.0465,0.385,4,1,2,1.590066532,0.852175868,0
2085,23.4.13,1408.6,-0.8726,1.8419,0.2371,0.709,-0.3317,1.9256,-9.3538,-4.0465,4,1,2,-2.174099383,0.473184046,0
2086,24.4.13,1423.4,1.0507,-0.8726,1.8419,0.2371,0.709,-0.3317,1.9256,-9.3538,4,1,2,0.070138727,2.522987208,0
2087,25.4.13,1461.8,2.6978,1.0507,-0.8726,1.8419,0.2371,0.709,-0.3317,1.9256,4,1,2,5.742690829,2.417148723,2
2088,26.4.13,1453.6,-0.561,2.6978,1.0507,-0.8726,1.8419,0.2371,0.709,-0.3317,4,1,2,-1.582435705,-0.683467956,2
2089,29.4.13,1467.4,0.9494,-0.561,2.6978,1.0507,-0.8726,1.8419,0.2371,0.709,4,1,2,1.532116884,1.612903226,2
2090,30.4.13,1472.2,0.3271,0.9494,-0.561,2.6978,1.0507,-0.8726,1.8419,0.2371,4,1,2,0.091200395,-1.100530069,2
2091,1.5.13,1446.3,-1.7593,0.3271,0.9494,-0.561,2.6978,1.0507,-0.8726,1.8419,5,1,2,-3.47497857,-2.600043151,2
2092,2.5.13,1467.7,1.4796,-1.7593,0.3271,0.9494,-0.561,2.6978,1.0507,-0.8726,5,1,2,2.081101068,3.25167431,2
2093,3.5.13,1464.3,-0.2316,1.4796,-1.7593,0.3271,0.9494,-0.561,2.6978,1.0507,5,1,2,0.777635388,1.723590577,2
2094,6.5.13,1468.1,0.2595,-0.2316,1.4796,-1.7593,0.3271,0.9494,-0.561,2.6978,5,1,2,-0.237752296,0.575256823,2
2095,7.5.13,1449,-1.301,0.2595,-0.2316,1.4796,-1.7593,0.3271,0.9494,-0.561,5,1,2,-0.614597222,-0.561564991,0
2096,8.5.13,1473.9,1.7184,-1.301,0.2595,-0.2316,1.4796,-1.7593,0.3271,0.9494,5,1,2,0.509024822,1.045806287,2
2097,9.5.13,1468.8,-0.346,1.7184,-1.301,0.2595,-0.2316,1.4796,-1.7593,0.3271,5,1,2,-0.054413562,-0.238049421,2
2098,10.5.13,1436.8,-2.1786,-0.346,1.7184,-1.301,0.2595,-0.2316,1.4796,-1.7593,5,1,2,-1.034380601,-0.363106626,0
2099,13.5.13,1434.5,-0.1601,-2.1786,-0.346,1.7184,-1.301,0.2595,-0.2316,1.4796,5,1,2,0.160799369,-0.905875404,0
2100,14.5.13,1424.7,-0.6832,-0.1601,-2.1786,-0.346,1.7184,-1.301,0.2595,-0.2316,5,1,2,-1.330800731,-1.008720293,0
2101,15.5.13,1396.5,-1.9794,-0.6832,-0.1601,-2.1786,-0.346,1.7184,-1.301,0.2595,5,1,2,-3.048597333,0.095535472,0
2102,16.5.13,1387.1,-0.6731,-1.9794,-0.6832,-0.1601,-2.1786,-0.346,1.7184,-1.301,5,1,2,0,0.911983651,0
2103,17.5.13,1364.9,-1.6005,-0.6731,-1.9794,-0.6832,-0.1601,-2.1786,-0.346,1.7184,5,1,2,-1.342573651,0.903733657,0
2104,20.5.13,1384.3,1.4214,-1.6005,-0.6731,-1.9794,-0.6832,-0.1601,-2.1786,-0.346,5,1,2,1.025113409,0.718602859,0
2105,21.5.13,1377.8,-0.4696,1.4214,-1.6005,-0.6731,-1.9794,-0.6832,-0.1601,-2.1786,5,1,2,-0.558318653,-0.56870585,0
2106,22.5.13,1367.6,-0.7403,-0.4696,1.4214,-1.6005,-0.6731,-1.9794,-0.6832,-0.1601,5,1,2,0.071298227,-1.955079879,0
2107,23.5.13,1392,1.7841,-0.7403,-0.4696,1.4214,-1.6005,-0.6731,-1.9794,-0.6832,5,1,2,0.160296099,-0.031818816,0
2108,24.5.13,1386.8,-0.3736,1.7841,-0.7403,-0.4696,1.4214,-1.6005,-0.6731,-1.9794,5,1,2,-0.053343694,-0.106099177,0
2109,28.5.13,1379.1,-0.5552,-0.3736,1.7841,-0.7403,-0.4696,1.4214,-1.6005,-0.6731,5,1,2,-1.343297042,0.91343664,0
2110,29.5.13,1391.3,0.8846,-0.5552,-0.3736,1.7841,-0.7403,-0.4696,1.4214,-1.6005,5,1,2,1.194767295,-1.978744175,0
2111,30.5.13,1411.5,1.4519,0.8846,-0.5552,-0.3736,1.7841,-0.7403,-0.4696,1.4214,5,1,2,1.020272197,0.515412188,2
2112,31.5.13,1392.6,-1.339,1.4519,0.8846,-0.5552,-0.3736,1.7841,-0.7403,-0.4696,5,1,2,-1.967006923,-1.751948915,2
2113,3.6.13,1411.7,1.3715,-1.339,1.4519,0.8846,-0.5552,-0.3736,1.7841,-0.7403,6,1,2,2.190928098,1.609215731,2
2114,4.6.13,1397.1,-1.0342,1.3715,-1.339,1.4519,0.8846,-0.5552,-0.3736,1.7841,6,1,2,-1.386751186,-0.149812086,2
2115,5.6.13,1398.4,0.0931,-1.0342,1.3715,-1.339,1.4519,0.8846,-0.5552,-0.3736,6,1,2,0.290180961,0.460829832,2
2116,6.6.13,1415.7,1.2371,0.0931,-1.0342,1.3715,-1.339,1.4519,0.8846,-0.5552,6,1,2,1.0505233,1.088120648,2
2117,7.6.13,1383,-2.3098,1.2371,0.0931,-1.0342,1.3715,-1.339,1.4519,0.8846,6,1,2,-4.246512016,1.340224372,2
2118,10.6.13,1386.2,0.2314,-2.3098,1.2371,0.0931,-1.0342,1.3715,-1.339,1.4519,6,1,2,0.846483045,-0.270750952,2
2119,11.6.13,1377,-0.6637,0.2314,-2.3098,1.2371,0.0931,-1.0342,1.3715,-1.339,6,1,2,-1.259062429,-0.407225022,2
2120,12.6.13,1391.8,1.0748,-0.6637,0.2314,-2.3098,1.2371,0.0931,-1.0342,1.3715,6,1,2,0.697616383,0.524218929,2
2121,13.6.13,1377.6,-1.0203,1.0748,-0.6637,0.2314,-2.3098,1.2371,0.0931,-1.0342,6,1,2,-0.981826019,0.844811443,2
2122,14.6.13,1387.3,0.7041,-1.0203,1.0748,-0.6637,0.2314,-2.3098,1.2371,0.0931,6,1,2,1.719017561,1.199706281,2
2123,17.6.13,1382.8,-0.3244,0.7041,-1.0203,1.0748,-0.6637,0.2314,-2.3098,1.2371,6,1,2,-0.892812615,-0.081759665,2
2124,18.6.13,1366.6,-1.1715,-0.3244,0.7041,-1.0203,1.0748,-0.6637,0.2314,-2.3098,6,1,2,-0.372291099,0.685287738,2
2125,19.6.13,1373.6,0.5122,-1.1715,-0.3244,0.7041,-1.0203,1.0748,-0.6637,0.2314,6,1,2,-0.24912739,-0.203174088,2
2126,20.6.13,1285.9,-6.3847,0.5122,-1.1715,-0.3244,0.7041,-1.0203,1.0748,-0.6637,6,1,2,-8.324850886,-2.890875814,0
2127,21.6.13,1291.6,0.4433,-6.3847,0.5122,-1.1715,-0.3244,0.7041,-1.0203,1.0748,6,1,2,0.686104712,-1.792451842,0
2128,24.6.13,1276.8,-1.1459,0.4433,-6.3847,0.5122,-1.1715,-0.3244,0.7041,-1.0203,6,1,2,-2.329893518,1.590348837,0
2129,25.6.13,1274.8,-0.1566,-1.1459,0.4433,-6.3847,0.5122,-1.1715,-0.3244,0.7041,6,1,2,0.169286609,0.147089083,0
2130,26.6.13,1229.6,-3.5457,-0.1566,-1.1459,0.4433,-6.3847,0.5122,-1.1715,-0.3244,6,1,2,-4.808968661,0.18883792,1
2131,27.6.13,1211.4,-1.4802,-3.5457,-0.1566,-1.1459,0.4433,-6.3847,0.5122,-1.1715,6,1,2,-0.290519973,1.623039845,1
2132,28.6.13,1223.8,1.0236,-1.4802,-3.5457,-0.1566,-1.1459,0.4433,-6.3847,0.5122,6,1,2,4.953322294,-0.504900029,1
2133,1.7.13,1255.9,2.623,1.0236,-1.4802,-3.5457,-0.1566,-1.1459,0.4433,-6.3847,7,2,3,0.56037865,1.480944844,1
2134,2.7.13,1243.6,-0.9794,2.623,1.0236,-1.4802,-3.5457,-0.1566,-1.1459,0.4433,7,2,3,-1.339463893,1.643025457,1
2135,3.7.13,1252.1,0.6835,-0.9794,2.623,1.0236,-1.4802,-3.5457,-0.1566,-1.1459,7,2,3,2.026110652,1.646585758,1
2136,5.7.13,1212.9,-3.1307,0.6835,-0.9794,2.623,1.0236,-1.4802,-3.5457,-0.1566,7,2,3,-4.891052792,1.955752073,1
2137,8.7.13,1234.9,1.8138,-3.1307,0.6835,-0.9794,2.623,1.0236,-1.4802,-3.5457,7,2,3,1.59670933,-0.077506133,1
2138,9.7.13,1245.9,0.8908,1.8138,-3.1307,0.6835,-0.9794,2.623,1.0236,-1.4802,7,2,3,0.525626194,0.378126228,1
2139,10.7.13,1247.4,0.1204,0.8908,1.8138,-3.1307,0.6835,-0.9794,2.623,1.0236,7,2,3,0.135942846,2.888049743,1
2140,11.7.13,1280.1,2.6214,0.1204,0.8908,1.8138,-3.1307,0.6835,-0.9794,2.623,7,2,3,4.135563484,-1.511446706,0
2141,12.7.13,1277.8,-0.1797,2.6214,0.1204,0.8908,1.8138,-3.1307,0.6835,-0.9794,7,2,3,-0.822350992,0.991319464,0
2142,15.7.13,1283.8,0.4696,-0.1797,2.6214,0.1204,0.8908,1.8138,-3.1307,0.6835,7,2,3,0.237630247,0.349223933,0
2143,16.7.13,1290.8,0.5453,0.4696,-0.1797,2.6214,0.1204,0.8908,1.8138,-3.1307,7,2,3,0.489257142,-0.300977893,0
2144,17.7.13,1277.9,-0.9994,0.5453,0.4696,-0.1797,2.6214,0.1204,0.8908,1.8138,7,2,3,-2.579932391,0.452833356,0
2145,18.7.13,1284.6,0.5243,-0.9994,0.5453,0.4696,-0.1797,2.6214,0.1204,0.8908,7,2,3,-0.170029086,1.465061523,0
2146,19.7.13,1293.3,0.6773,0.5243,-0.9994,0.5453,0.4696,-0.1797,2.6214,0.1204,7,2,3,0.371596334,0.009257808,0
2147,22.7.13,1336.4,3.3326,0.6773,0.5243,-0.9994,0.5453,0.4696,-0.1797,2.6214,7,2,3,5.399008842,-1.055066504,0
2148,23.7.13,1335.1,-0.0973,3.3326,0.6773,0.5243,-0.9994,0.5453,0.4696,-0.1797,7,2,3,-1.229382922,0.299316887,0
2149,24.7.13,1319.7,-1.1535,-0.0973,3.3326,0.6773,0.5243,-0.9994,0.5453,0.4696,7,2,3,-1.145907081,-1.71594135,0
2150,25.7.13,1329,0.7047,-1.1535,-0.0973,3.3326,0.6773,0.5243,-0.9994,0.5453,7,2,3,0.664531931,0.094884215,0
2151,26.7.13,1321.7,-0.5493,0.7047,-1.1535,-0.0973,3.3326,0.6773,0.5243,-0.9994,7,2,3,-1.896063839,-0.748887033,0
2152,29.7.13,1328.4,0.5069,-0.5493,0.7047,-1.1535,-0.0973,3.3326,0.6773,0.5243,7,2,3,0.450294483,-0.14326065,0
2153,30.7.13,1324,-0.3312,0.5069,-0.5493,0.7047,-1.1535,-0.0973,3.3326,0.6773,7,2,3,-0.946911073,-1.406026952,0
2154,31.7.13,1312.4,-0.8761,-0.3312,0.5069,-0.5493,0.7047,-1.1535,-0.0973,3.3326,7,2,3,-0.249159898,1.891731581,1
2155,1.8.13,1311,-0.1067,-0.8761,-0.3312,0.5069,-0.5493,0.7047,-1.1535,-0.0973,8,2,3,-0.010199361,2.723032128,1
2156,2.8.13,1310.6,-0.0305,-0.1067,-0.8761,-0.3312,0.5069,-0.5493,0.7047,-1.1535,8,2,3,1.468264645,-0.880523639,1
2157,5.8.13,1302.6,-0.6104,-0.0305,-0.1067,-0.8761,-0.3312,0.5069,-0.5493,0.7047,8,2,3,-0.964675861,-0.355344001,1
2158,6.8.13,1283.2,-1.4893,-0.6104,-0.0305,-0.1067,-0.8761,-0.3312,0.5069,-0.5493,8,2,3,-0.994373946,-1.182427305,1
2159,7.8.13,1286.1,0.226,-1.4893,-0.6104,-0.0305,-0.1067,-0.8761,-0.3312,0.5069,8,2,3,-0.087113497,-0.883191147,1
2160,8.8.13,1310.7,1.9128,0.226,-1.4893,-0.6104,-0.0305,-0.1067,-0.8761,-0.3312,8,2,3,3.518313942,-0.929386984,1
2161,9.8.13,1312.9,0.1679,1.9128,0.226,-1.4893,-0.6104,-0.0305,-0.1067,-0.8761,8,2,3,1.065200914,2.485492898,1
2162,12.8.13,1334.7,1.6604,0.1679,1.9128,0.226,-1.4893,-0.6104,-0.0305,-0.1067,8,2,3,4.573756345,0.132112285,1
2163,13.8.13,1321.2,-1.0115,1.6604,0.1679,1.9128,0.226,-1.4893,-0.6104,-0.0305,8,2,3,0.018749812,0.678542283,1
2164,14.8.13,1334,0.9688,-1.0115,1.6604,0.1679,1.9128,0.226,-1.4893,-0.6104,8,2,3,2.085675317,0.01871819,0
2165,15.8.13,1361.6,2.069,0.9688,-1.0115,1.6604,0.1679,1.9128,0.226,-1.4893,8,2,3,5.27065199,0.449231038,0
2166,16.8.13,1371.7,0.7418,2.069,0.9688,-1.0115,1.6604,0.1679,1.9128,0.226,8,2,3,1.692173956,0.121119213,0
2167,19.8.13,1366.2,-0.401,0.7418,2.069,0.9688,-1.0115,1.6604,0.1679,1.9128,8,2,3,-0.669040362,-0.335008946,0
2168,20.8.13,1373.1,0.5051,-0.401,0.7418,2.069,0.9688,-1.0115,1.6604,0.1679,8,2,3,-0.41016932,-1.988792982,0
2169,21.8.13,1370.6,-0.1821,0.5051,-0.401,0.7418,2.069,0.9688,-1.0115,1.6604,8,2,3,-0.468220765,-1.06697412,0
2170,22.8.13,1371.2,0.0438,-0.1821,0.5051,-0.401,0.7418,2.069,0.9688,-1.0115,8,2,3,0.313618359,1.136254523,2
2171,23.8.13,1395.7,1.7868,0.0438,-0.1821,0.5051,-0.401,0.7418,2.069,0.9688,8,2,3,3.052536231,1.323430835,2
2172,26.8.13,1393,-0.1934,1.7868,0.0438,-0.1821,0.5051,-0.401,0.7418,2.069,8,2,3,1.158722542,-0.469836505,2
2173,27.8.13,1420.6,1.9813,-0.1934,1.7868,0.0438,-0.1821,0.5051,-0.401,0.7418,8,2,3,2.669946531,2.917299868,2
2174,28.8.13,1419,-0.1126,1.9813,-0.1934,1.7868,0.0438,-0.1821,0.5051,-0.401,8,2,3,-1.054810447,0.999904886,0
2175,29.8.13,1412.9,-0.4299,-0.1126,1.9813,-0.1934,1.7868,0.0438,-0.1821,0.5051,8,2,3,-1.225961651,-1.180740636,2
2176,30.8.13,1396.1,-1.189,-0.4299,-0.1126,1.9813,-0.1934,1.7868,0.0438,-0.1821,8,2,3,-2.602743067,-1.056986667,2
2177,3.9.13,1412,1.1389,-1.189,-0.4299,-0.1126,1.9813,-0.1934,1.7868,0.0438,9,2,3,3.916807959,0.826752789,2
2178,4.9.13,1389.9,-1.5652,1.1389,-1.189,-0.4299,-0.1126,1.9813,-0.1934,1.7868,9,2,3,-4.154706298,-1.206926062,0
2179,5.9.13,1373.1,-1.2087,-1.5652,1.1389,-1.189,-0.4299,-0.1126,1.9813,-0.1934,9,2,3,-0.697505715,1.063134714,0
2180,6.9.13,1386.7,0.9905,-1.2087,-1.5652,1.1389,-1.189,-0.4299,-0.1126,1.9813,9,2,3,2.740669209,1.993167831,0
2181,9.9.13,1386.8,0.0072,0.9905,-1.2087,-1.5652,1.1389,-1.189,-0.4299,-0.1126,9,2,3,-0.72980368,-0.913781007,2
2182,10.9.13,1364.1,-1.6369,0.0072,0.9905,-1.2087,-1.5652,1.1389,-1.189,-0.4299,9,2,3,-2.966028756,-1.944847807,2
2183,11.9.13,1363.9,-0.0147,-1.6369,0.0072,0.9905,-1.2087,-1.5652,1.1389,-1.189,9,2,3,0.674913739,0.158299814,0
2184,12.9.13,1330.4,-2.4562,-0.0147,-1.6369,0.0072,0.9905,-1.2087,-1.5652,1.1389,9,2,3,-4.420221212,0.966903067,0
2185,13.9.13,1308.4,-1.6536,-2.4562,-0.0147,-1.6369,0.0072,0.9905,-1.2087,-1.5652,9,2,3,-1.941268095,-0.359115465,0
2186,16.9.13,1317.9,0.7261,-1.6536,-2.4562,-0.0147,-1.6369,0.0072,0.9905,-1.2087,9,2,3,1.352096292,-1.497091544,0
2187,17.9.13,1309.5,-0.6374,0.7261,-1.6536,-2.4562,-0.0147,-1.6369,0.0072,0.9905,9,2,3,-1.038103812,-1.097662266,0
2188,18.9.13,1307.8,-0.1298,-0.6374,0.7261,-1.6536,-2.4562,-0.0147,-1.6369,0.0072,9,2,3,-1.016796251,2.513755997,0
2189,19.9.13,1369.4,4.7102,-0.1298,-0.6374,0.7261,-1.6536,-2.4562,-0.0147,-1.6369,9,2,3,8.031982178,-1.554548265,2
2190,20.9.13,1332.5,-2.6946,4.7102,-0.1298,-0.6374,0.7261,-1.6536,-2.4562,-0.0147,9,2,3,-5.877295823,-1.607293067,2
2191,23.9.13,1326.9,-0.4203,-2.6946,4.7102,-0.1298,-0.6374,0.7261,-1.6536,-2.4562,9,2,3,-0.324552694,-1.041272415,0
2192,24.9.13,1316,-0.8215,-0.4203,-2.6946,4.7102,-0.1298,-0.6374,0.7261,-1.6536,9,2,3,-1.219907104,-0.444057439,0
2193,25.9.13,1335.9,1.5122,-0.8215,-0.4203,-2.6946,4.7102,-0.1298,-0.6374,0.7261,9,2,3,1.388178618,-0.455729277,2
2194,26.9.13,1323.6,-0.9207,1.5122,-0.8215,-0.4203,-2.6946,4.7102,-0.1298,-0.6374,9,2,3,-0.540342678,0.360408245,0
2195,27.9.13,1338.4,1.1182,-0.9207,1.5122,-0.8215,-0.4203,-2.6946,4.7102,-0.1298,9,2,3,0.290062775,-0.155290726,0
2196,30.9.13,1326.5,-0.8891,1.1182,-0.9207,1.5122,-0.8215,-0.4203,-2.6946,4.7102,9,2,3,-0.583027146,-0.524935259,0
2197,1.10.13,1286,-3.0531,-0.8891,1.1182,-0.9207,1.5122,-0.8215,-0.4203,-2.6946,10,2,4,-2.456592098,-0.283397743,1
2198,2.10.13,1320.6,2.6905,-3.0531,-0.8891,1.1182,-0.9207,1.5122,-0.8215,-0.4203,10,2,4,3.417913763,2.01881374,0
2199,3.10.13,1317.4,-0.2423,2.6905,-3.0531,-0.8891,1.1182,-0.9207,1.5122,-0.8215,10,2,4,-0.489793773,-0.758886577,0
2200,4.10.13,1309.7,-0.5845,-0.2423,2.6905,-3.0531,-0.8891,1.1182,-0.9207,1.5122,10,2,4,-0.156402761,0.513017899,0
2201,7.10.13,1324.8,1.1529,-0.5845,-0.2423,2.6905,-3.0531,-0.8891,1.1182,-0.9207,10,2,4,2.920989544,-0.780043901,0
2202,8.10.13,1324.2,-0.0453,1.1529,-0.5845,-0.2423,2.6905,-3.0531,-0.8891,1.1182,10,2,4,0.259629596,0.446471018,0
2203,9.10.13,1306.9,-1.3064,-0.0453,1.1529,-0.5845,-0.2423,2.6905,-3.0531,-0.8891,10,2,4,-2.460145124,-1.816598021,0
2204,10.10.13,1296.6,-0.7881,-1.3064,-0.0453,1.1529,-0.5845,-0.2423,2.6905,-3.0531,10,2,4,0.01830866,1.377818637,0
2205,11.10.13,1268,-2.2058,-0.7881,-1.3064,-0.0453,1.1529,-0.5845,-0.2423,2.6905,10,2,4,-2.906179486,-0.961077053,0
2206,14.10.13,1276.4,0.6625,-2.2058,-0.7881,-1.3064,-0.0453,1.1529,-0.5845,-0.2423,10,2,4,0.447793131,0.382284877,0
2207,15.10.13,1273,-0.2664,0.6625,-2.2058,-0.7881,-1.3064,-0.0453,1.1529,-0.5845,10,2,4,-0.769589684,-1.171764998,0
2208,16.10.13,1282,0.707,-0.2664,0.6625,-2.2058,-0.7881,-1.3064,-0.0453,1.1529,10,2,4,0.822849651,1.067090051,0
2209,17.10.13,1322.7,3.1747,0.707,-0.2664,0.6625,-2.2058,-0.7881,-1.3064,-0.0453,10,2,4,2.734522474,-1.583735196,0
2210,18.10.13,1314.4,-0.6275,3.1747,0.707,-0.2664,0.6625,-2.2058,-0.7881,-1.3064,10,2,4,-0.155231689,0.139067639,0
2211,21.10.13,1315.7,0.0989,-0.6275,3.1747,0.707,-0.2664,0.6625,-2.2058,-0.7881,10,2,4,1.664458041,-1.577220887,0
2212,22.10.13,1342.5,2.0369,0.0989,-0.6275,3.1747,0.707,-0.2664,0.6625,-2.2058,10,2,4,2.343363078,-1.431161209,2
2213,23.10.13,1333.9,-0.6406,2.0369,0.0989,-0.6275,3.1747,0.707,-0.2664,0.6625,10,2,4,-0.755906565,-0.961147661,2
2214,24.10.13,1350.2,1.222,-0.6406,2.0369,0.0989,-0.6275,3.1747,0.707,-0.2664,10,2,4,0.903367988,0.258104479,2
2215,25.10.13,1352.4,0.1629,1.222,-0.6406,2.0369,0.0989,-0.6275,3.1747,0.707,10,2,4,-0.803118857,0.762020244,2
2216,28.10.13,1352,-0.0296,0.1629,1.222,-0.6406,2.0369,0.0989,-0.6275,3.1747,10,2,4,-0.464546505,0.848238982,2
2217,29.10.13,1345.2,-0.503,-0.0296,0.1629,1.222,-0.6406,2.0369,0.0989,-0.6275,10,2,4,-0.204460524,-0.486424154,2
2218,30.10.13,1349,0.2825,-0.503,-0.0296,0.1629,1.222,-0.6406,2.0369,0.0989,10,2,4,2.200247143,-1.456212169,2
2219,31.10.13,1323.6,-1.8829,0.2825,-0.503,-0.0296,0.1629,1.222,-0.6406,2.0369,10,2,4,-4.854869932,-0.403016847,2
2220,1.11.13,1313.1,-0.7933,-1.8829,0.2825,-0.503,-0.0296,0.1629,1.222,-0.6406,11,2,4,-0.128251544,-1.836477167,2
2221,4.11.13,1314.6,0.1142,-0.7933,-1.8829,0.2825,-0.503,-0.0296,0.1629,1.222,11,2,4,-0.577881825,0.010571965,2
2222,5.11.13,1308,-0.5021,0.1142,-0.7933,-1.8829,0.2825,-0.503,-0.0296,0.1629,11,2,4,-0.295226393,-1.32107373,2
2223,6.11.13,1317.7,0.7416,-0.5021,0.1142,-0.7933,-1.8829,0.2825,-0.503,-0.0296,11,2,4,0.610715127,1.531541462,2
2224,7.11.13,1308.4,-0.7058,0.7416,-0.5021,0.1142,-0.7933,-1.8829,0.2825,-0.503,11,2,4,-0.492046121,-0.63291781,2
2225,8.11.13,1284.5,-1.8267,-0.7058,0.7416,-0.5021,0.1142,-0.7933,-1.8829,0.2825,11,2,4,-1.534270222,0.424630084,2
2226,11.11.13,1281,-0.2725,-1.8267,-0.7058,0.7416,-0.5021,0.1142,-0.7933,-1.8829,11,2,4,-0.164264555,0.570825501,2
2227,12.11.13,1271.1,-0.7728,-0.2725,-1.8267,-0.7058,0.7416,-0.5021,0.1142,-0.7933,11,2,4,-2.36931048,-2.207271902,0
2228,13.11.13,1268.3,-0.2203,-0.7728,-0.2725,-1.8267,-0.7058,0.7416,-0.5021,0.1142,11,2,4,-1.61787581,0.902833544,0
2229,14.11.13,1286.2,1.4113,-0.2203,-0.7728,-0.2725,-1.8267,-0.7058,0.7416,-0.5021,11,2,4,1.370402787,-0.127817555,2
2230,15.11.13,1287.3,0.0855,1.4113,-0.2203,-0.7728,-0.2725,-1.8267,-0.7058,0.7416,11,2,4,0.024136543,0.085318046,2
2231,18.11.13,1272.2,-1.173,0.0855,1.4113,-0.2203,-0.7728,-0.2725,-1.8267,-0.7058,11,2,4,-1.776309987,-0.863168788,0
2232,19.11.13,1273.4,0.0943,-1.173,0.0855,1.4113,-0.2203,-0.7728,-0.2725,-1.8267,11,2,4,-0.113031186,0.333223221,0
2233,20.11.13,1257.9,-1.2172,0.0943,-1.173,0.0855,1.4113,-0.2203,-0.7728,-0.2725,11,2,4,-1.357871562,-0.010707636,0
2234,21.11.13,1243.5,-1.1448,-1.2172,0.0943,-1.173,0.0855,1.4113,-0.2203,-0.7728,11,2,4,-0.608477532,2.260795638,0
2235,22.11.13,1244,0.0402,-1.1448,-1.2172,0.0943,-1.173,0.0855,1.4113,-0.2203,11,2,4,-0.361293647,-0.628673605,0
2236,25.11.13,1241.1,-0.2331,0.0402,-1.1448,-1.2172,0.0943,-1.173,0.0855,1.4113,11,2,4,0.1208615,-0.790805598,0
2237,26.11.13,1241.4,0.0242,-0.2331,0.0402,-1.1448,-1.2172,0.0943,-1.173,0.0855,11,2,4,-0.171018565,-0.435748803,0
2238,27.11.13,1237.8,-0.29,0.0242,-0.2331,0.0402,-1.1448,-1.2172,0.0943,-1.173,11,2,4,-1.073270402,-1.473096978,0
2239,29.11.13,1250.6,1.0341,-0.29,0.0242,-0.2331,0.0402,-1.1448,-1.2172,0.0943,11,2,4,1.772533441,0.455035921,0
2240,2.12.13,1222.3,-2.2629,1.0341,-0.29,0.0242,-0.2331,0.0402,-1.1448,-1.2172,12,2,4,-3.743561708,1.186365897,0
2241,3.12.13,1221.7,-0.0491,-2.2629,1.0341,-0.29,0.0242,-0.2331,0.0402,-1.1448,12,2,4,-1.154266752,2.366234521,0
2242,4.12.13,1248.2,2.1691,-0.0491,-2.2629,1.0341,-0.29,0.0242,-0.2331,0.0402,12,2,4,4.013468524,1.207825928,0
2243,5.12.13,1233.2,-1.2017,2.1691,-0.0491,-2.2629,1.0341,-0.29,0.0242,-0.2331,12,2,4,-1.314859041,0.185185505,0
2244,6.12.13,1230.3,-0.2352,-1.2017,2.1691,-0.0491,-2.2629,1.0341,-0.29,0.0242,12,2,4,-0.251100679,0.277268721,0
2245,9.12.13,1235.3,0.4064,-0.2352,-1.2017,2.1691,-0.0491,-2.2629,1.0341,-0.29,12,2,4,0.919593865,-0.317465625,0
2246,10.12.13,1262.4,2.1938,0.4064,-0.2352,-1.2017,2.1691,-0.0491,-2.2629,1.0341,12,2,4,3.115462467,1.20197847,0
2247,11.12.13,1258.5,-0.3089,2.1938,0.4064,-0.2352,-1.2017,2.1691,-0.0491,-2.2629,12,2,4,0.207345062,-1.08618381,0
2248,12.12.13,1226,-2.5824,-0.3089,2.1938,0.4064,-0.2352,-1.2017,2.1691,-0.0491,12,2,4,-4.414227479,0.061573848,0
2249,13.12.13,1235.7,0.7912,-2.5824,-0.3089,2.1938,0.4064,-0.2352,-1.2017,2.1691,12,2,4,0.809192787,-0.923078488,0
2250,16.12.13,1245.5,0.7931,0.7912,-2.5824,-0.3089,2.1938,0.4064,-0.2352,-1.2017,12,2,4,2.505239382,0.910978154,0
2251,17.12.13,1231.2,-1.1481,0.7931,0.7912,-2.5824,-0.3089,2.1938,0.4064,-0.2352,12,2,4,-1.281859306,-0.266723561,0
2252,18.12.13,1236.1,0.398,-1.1481,0.7931,0.7912,-2.5824,-0.3089,2.1938,0.4064,12,2,4,1.121665946,0.596586941,0
2253,19.12.13,1195,-3.325,0.398,-1.1481,0.7931,0.7912,-2.5824,-0.3089,2.1938,12,2,4,-4.351955094,0.991813457,1
2254,20.12.13,1205.1,0.8452,-3.325,0.398,-1.1481,0.7931,0.7912,-2.5824,-0.3089,12,2,4,1.436554477,0.556852354,0
2255,23.12.13,1198.4,-0.556,0.8452,-3.325,0.398,-1.1481,0.7931,0.7912,-2.5824,12,2,4,-0.205989338,-0.412803095,0
2256,24.12.13,1205.1,0.5591,-0.556,0.8452,-3.325,0.398,-1.1481,0.7931,0.7912,12,2,4,0.387030935,0.313413757,0
2257,26.12.13,1214.1,0.7468,0.5591,-0.556,0.8452,-3.325,0.398,-1.1481,0.7931,12,2,4,2.220742988,0.332596076,0
2258,27.12.13,1216.1,0.1647,0.7468,0.5591,-0.556,0.8452,-3.325,0.398,-1.1481,12,2,4,0.643702579,0.773477267,0
2259,30.12.13,1203.1,-1.069,0.1647,0.7468,0.5591,-0.556,0.8452,-3.325,0.398,12,2,4,-2.158602425,-1.0267133,0
2260,31.12.13,1201.9,-0.0997,-1.069,0.1647,0.7468,0.5591,-0.556,0.8452,-3.325,12,2,4,-1.235885196,-0.876223928,1
2261,2.1.14,1225,1.922,-0.0997,-1.069,0.1647,0.7468,0.5591,-0.556,0.8452,1,1,1,3.924705741,-3.027835585,0
2262,3.1.14,1238.4,1.0939,1.922,-0.0997,-1.069,0.1647,0.7468,0.5591,-0.556,1,1,1,0.417950222,-1.550715967,0
2263,6.1.14,1237.8,-0.0484,1.0939,1.922,-0.0997,-1.069,0.1647,0.7468,0.5591,1,1,1,-0.520263335,-0.564068523,0
2264,7.1.14,1229.4,-0.6786,-0.0484,1.0939,1.922,-0.0997,-1.069,0.1647,0.7468,1,1,1,-1.554018428,0.256874519,0
2265,8.1.14,1225.3,-0.3335,-0.6786,-0.0484,1.0939,1.922,-0.0997,-1.069,0.1647,1,1,1,-1.249682511,-1.430550191,0
2266,9.1.14,1229.3,0.3265,-0.3335,-0.6786,-0.0484,1.0939,1.922,-0.0997,-1.069,1,1,1,0.742906345,-0.725655968,0
2267,10.1.14,1246.7,1.4154,0.3265,-0.3335,-0.6786,-0.0484,1.0939,1.922,-0.0997,1,1,1,2.73610387,1.156445032,0
2268,13.1.14,1250.9,0.3369,1.4154,0.3265,-0.3335,-0.6786,-0.0484,1.0939,1.922,1,1,1,0.792039234,-0.992232697,0
2269,14.1.14,1245.2,-0.4557,0.3369,1.4154,0.3265,-0.3335,-0.6786,-0.0484,1.0939,1,1,1,-0.54025151,0.860559107,0
2270,15.1.14,1238.1,-0.5702,-0.4557,0.3369,1.4154,0.3265,-0.3335,-0.6786,-0.0484,1,1,1,-0.73082225,1.706449826,0
2271,16.1.14,1240,0.1535,-0.5702,-0.4557,0.3369,1.4154,0.3265,-0.3335,-0.6786,1,1,1,-0.388006864,-0.222999988,0
2272,17.1.14,1251.7,0.9435,0.1535,-0.5702,-0.4557,0.3369,1.4154,0.3265,-0.3335,1,1,1,1.208492307,0.436359798,0
2273,21.1.14,1242.3,-0.751,0.9435,0.1535,-0.5702,-0.4557,0.3369,1.4154,0.3265,1,1,1,-2.116745696,0.656983256,0
2274,22.1.14,1239,-0.2656,-0.751,0.9435,0.1535,-0.5702,-0.4557,0.3369,1.4154,1,1,1,-0.146180712,1.83177759,1
2275,23.1.14,1262.6,1.9048,-0.2656,-0.751,0.9435,0.1535,-0.5702,-0.4557,0.3369,1,1,1,0.893533473,0.609941401,0
2276,24.1.14,1264.5,0.1505,1.9048,-0.2656,-0.751,0.9435,0.1535,-0.5702,-0.4557,1,1,1,-1.215851245,-0.698726169,1
2277,27.1.14,1263.6,-0.0712,0.1505,1.9048,-0.2656,-0.751,0.9435,0.1535,-0.5702,1,1,1,0.1418218,-0.951984866,1
2278,28.1.14,1251,-0.9971,-0.0712,0.1505,1.9048,-0.2656,-0.751,0.9435,0.1535,1,1,1,-1.456679521,1.765568763,1
2279,29.1.14,1262.2,0.8953,-0.9971,-0.0712,0.1505,1.9048,-0.2656,-0.751,0.9435,1,1,1,0.256639865,-0.051332563,1
2280,30.1.14,1242.2,-1.5845,0.8953,-0.9971,-0.0712,0.1505,1.9048,-0.2656,-0.751,1,1,1,-2.16045085,0.893593612,1
2281,31.1.14,1240.1,-0.1691,-1.5845,0.8953,-0.9971,-0.0712,0.1505,1.9048,-0.2656,1,1,1,-0.031398246,-0.753339578,1
2282,3.2.14,1260.4,1.637,-0.1691,-1.5845,0.8953,-0.9971,-0.0712,0.1505,1.9048,2,1,1,1.486523965,-1.087288524,1
2283,4.2.14,1251.7,-0.6903,1.637,-0.1691,-1.5845,0.8953,-0.9971,-0.0712,0.1505,2,1,1,0.067050845,0.788138685,1
2284,5.2.14,1257.3,0.4474,-0.6903,1.637,-0.1691,-1.5845,0.8953,-0.9971,-0.0712,2,1,1,1.974020265,0.195488021,1
2285,6.2.14,1257.6,0.0239,0.4474,-0.6903,1.637,-0.1691,-1.5845,0.8953,-0.9971,2,1,1,0.621688651,0.472375331,1
2286,7.2.14,1263.3,0.4533,0.0239,0.4474,-0.6903,1.637,-0.1691,-1.5845,0.8953,2,1,1,0.060272904,2.085037809,1
2287,10.2.14,1274.8,0.9103,0.4533,0.0239,0.4474,-0.6903,1.637,-0.1691,-1.5845,2,1,1,0.898598664,0.18021657,1
2288,11.2.14,1290.1,1.2002,0.9103,0.4533,0.0239,0.4474,-0.6903,1.637,-0.1691,2,1,1,0.218909977,-0.119923166,0
2289,12.2.14,1295.3,0.4031,1.2002,0.9103,0.4533,0.0239,0.4474,-0.6903,1.637,2,1,1,0.933325367,0.43025845,1
2290,13.2.14,1300.4,0.3937,0.4031,1.2002,0.9103,0.4533,0.0239,0.4474,-0.6903,2,1,1,0.265608461,-0.019930529,0
2291,14.2.14,1319,1.4303,0.3937,0.4031,1.2002,0.9103,0.4533,0.0239,0.4474,2,1,1,5.03310796,-0.049821049,0
2292,18.2.14,1324.7,0.4321,1.4303,0.3937,0.4031,1.2002,0.9103,0.4533,0.0239,2,1,1,2.241845151,2.12362631,0
2293,19.2.14,1320.6,-0.3095,0.4321,1.4303,0.3937,0.4031,1.2002,0.9103,0.4533,2,1,1,-0.214704141,0.85912062,0
2294,20.2.14,1317.1,-0.265,-0.3095,0.4321,1.4303,0.3937,0.4031,1.2002,0.9103,2,1,1,-0.759935759,-0.377504016,1
2295,21.2.14,1323.9,0.5163,-0.265,-0.3095,0.4321,1.4303,0.3937,0.4031,1.2002,2,1,1,0.4566885,-0.699573682,1
2296,24.2.14,1338.3,1.0877,0.5163,-0.265,-0.3095,0.4321,1.4303,0.3937,0.4031,2,1,1,1.239842276,0.606656326,0
2297,25.2.14,1343,0.3512,1.0877,0.5163,-0.265,-0.3095,0.4321,1.4303,0.3937,2,1,1,-0.394619663,-0.96284562,0
2298,26.2.14,1328.2,-1.102,0.3512,1.0877,0.5163,-0.265,-0.3095,0.4321,1.4303,2,1,1,-3.214933533,0.746336535,0
2299,27.2.14,1331.6,0.256,-1.102,0.3512,1.0877,0.5163,-0.265,-0.3095,0.4321,2,1,1,0.282297294,-0.185198186,0
2300,28.2.14,1321.4,-0.766,0.256,-1.102,0.3512,1.0877,0.5163,-0.265,-0.3095,2,1,1,-0.516086644,0.185541806,0
2301,3.3.14,1350.1,2.1719,-0.766,0.256,-1.102,0.3512,1.0877,0.5163,-0.265,3,1,1,1.150723806,2.271178394,0
2302,4.3.14,1337.8,-0.911,2.1719,-0.766,0.256,-1.102,0.3512,1.0877,0.5163,3,1,1,-1.212235311,-1.515436872,0
2303,5.3.14,1340.2,0.1794,-0.911,2.1719,-0.766,0.256,-1.102,0.3512,1.0877,3,1,1,0.240705096,-1.819418223,0
2304,6.3.14,1351.7,0.8581,0.1794,-0.911,2.1719,-0.766,0.256,-1.102,0.3512,3,1,1,1.426618447,0.108428402,2
2305,7.3.14,1338.1,-1.0061,0.8581,0.1794,-0.911,2.1719,-0.766,0.256,-1.102,3,1,1,-2.994153111,1.004336645,0
2306,10.3.14,1341.4,0.2466,-1.0061,0.8581,0.1794,-0.911,2.1719,-0.766,0.256,3,1,1,-0.086135089,-1.423278474,2
2307,11.3.14,1346.5,0.3802,0.2466,-1.0061,0.8581,0.1794,-0.911,2.1719,-0.766,3,1,1,-0.454999352,-1.077931109,2
2308,12.3.14,1370.3,1.7675,0.3802,0.2466,-1.0061,0.8581,0.1794,-0.911,2.1719,3,1,1,2.617391782,-2.039389124,2
2309,13.3.14,1372.2,0.1386,1.7675,0.3802,0.2466,-1.0061,0.8581,0.1794,-0.911,3,1,1,-0.745491823,0.214306653,2
2310,14.3.14,1379,0.4956,0.1386,1.7675,0.3802,0.2466,-1.0061,0.8581,0.1794,3,1,1,1.015636762,0.702650166,2
2311,17.3.14,1372.9,-0.4423,0.4956,0.1386,1.7675,0.3802,0.2466,-1.0061,0.8581,3,1,1,-0.631314179,-0.819089457,2
2312,18.3.14,1359,-1.0125,-0.4423,0.4956,0.1386,1.7675,0.3802,0.2466,-1.0061,3,1,1,-1.943621329,1.651707878,0
2313,19.3.14,1341.4,-1.2951,-1.0125,-0.4423,0.4956,0.1386,1.7675,0.3802,0.2466,3,1,1,-0.172783666,0.672021885,0
2314,20.3.14,1330.5,-0.8126,-1.2951,-1.0125,-0.4423,0.4956,0.1386,1.7675,0.3802,3,1,1,-1.903845784,-0.936537228,0
2315,21.3.14,1336,0.4134,-0.8126,-1.2951,-1.0125,-0.4423,0.4956,0.1386,1.7675,3,1,1,-0.578318145,0.030170752,0
2316,24.3.14,1311.2,-1.8563,0.4134,-0.8126,-1.2951,-1.0125,-0.4423,0.4956,0.1386,3,1,1,-1.197870644,0.140759492,0
2317,25.3.14,1311.4,0.0153,-1.8563,0.4134,-0.8126,-1.2951,-1.0125,-0.4423,0.4956,3,1,1,-0.439052772,-0.411642609,0
2318,26.3.14,1303.4,-0.61,0.0153,-1.8563,0.4134,-0.8126,-1.2951,-1.0125,-0.4423,3,1,1,-0.982205694,1.078737442,0
2319,27.3.14,1294.7,-0.6675,-0.61,0.0153,-1.8563,0.4134,-0.8126,-1.2951,-1.0125,3,1,1,-0.349209178,1.017351507,0
2320,28.3.14,1293.8,-0.0695,-0.6675,-0.61,0.0153,-1.8563,0.4134,-0.8126,-1.2951,3,1,1,0.416449075,0.385070492,0
2321,31.3.14,1283.4,-0.8038,-0.0695,-0.6675,-0.61,0.0153,-1.8563,0.4134,-0.8126,3,1,1,-0.192191524,-0.088518087,0
2322,1.4.14,1279.6,-0.2961,-0.8038,-0.0695,-0.6675,-0.61,0.0153,-1.8563,0.4134,4,1,2,-0.329373818,-1.811384066,0
2323,2.4.14,1290.5,0.8518,-0.2961,-0.8038,-0.0695,-0.6675,-0.61,0.0153,-1.8563,4,1,2,1.840457065,-0.12030792,0
2324,3.4.14,1284.4,-0.4727,0.8518,-0.2961,-0.8038,-0.0695,-0.6675,-0.61,0.0153,4,1,2,-1.22310837,0.672553855,0
2325,4.4.14,1303.2,1.4637,-0.4727,0.8518,-0.2961,-0.8038,-0.0695,-0.6675,-0.61,4,1,2,0.712628893,0.847540599,0
2326,7.4.14,1298,-0.399,1.4637,-0.4727,0.8518,-0.2961,-0.8038,-0.0695,-0.6675,4,1,2,-0.180655884,-0.692106933,0
2327,8.4.14,1308.7,0.8243,-0.399,1.4637,-0.4727,0.8518,-0.2961,-0.8038,-0.0695,4,1,2,0.75913259,2.110707951,0
2328,9.4.14,1305.5,-0.2445,0.8243,-0.399,1.4637,-0.4727,0.8518,-0.2961,-0.8038,4,1,2,-1.431996102,1.014041478,0
2329,10.4.14,1320.1,1.1183,-0.2445,0.8243,-0.399,1.4637,-0.4727,0.8518,-0.2961,4,1,2,1.635028944,-0.19304725,0
2330,11.4.14,1318.7,-0.1061,1.1183,-0.2445,0.8243,-0.399,1.4637,-0.4727,0.8518,4,1,2,-0.722176296,0.32881657,0
2331,14.4.14,1327.2,0.6446,-0.1061,1.1183,-0.2445,0.8243,-0.399,1.4637,-0.4727,4,1,2,0.33110913,0.29882899,0
2332,15.4.14,1300,-2.0494,0.6446,-0.1061,1.1183,-0.2445,0.8243,-0.399,1.4637,4,1,2,-2.605129727,-0.288325846,0
2333,16.4.14,1303.1,0.2385,-2.0494,0.6446,-0.1061,1.1183,-0.2445,0.8243,-0.399,4,1,2,0.744422146,0.009640613,0
2334,17.4.14,1293.4,-0.7444,0.2385,-2.0494,0.6446,-0.1061,1.1183,-0.2445,0.8243,4,1,2,-0.188547879,0.520432637,0
2335,21.4.14,1288,-0.4175,-0.7444,0.2385,-2.0494,0.6446,-0.1061,1.1183,-0.2445,4,1,2,-1.250897752,0.067113799,0
2336,22.4.14,1280.6,-0.5745,-0.4175,-0.7444,0.2385,-2.0494,0.6446,-0.1061,1.1183,4,1,2,0.051704819,-2.146215804,0
2337,23.4.14,1284.2,0.2811,-0.5745,-0.4175,-0.7444,0.2385,-2.0494,0.6446,-0.1061,4,1,2,0.408250084,-0.675604456,0
2338,24.4.14,1290.5,0.4906,0.2811,-0.5745,-0.4175,-0.7444,0.2385,-2.0494,0.6446,4,1,2,1.296957784,0.492902196,0
2339,25.4.14,1300.7,0.7904,0.4906,0.2811,-0.5745,-0.4175,-0.7444,0.2385,-2.0494,4,1,2,0.015243672,-1.314502585,0
2340,28.4.14,1298.9,-0.1384,0.7904,0.4906,0.2811,-0.5745,-0.4175,-0.7444,0.2385,4,1,2,-0.508002968,0.238566469,0
2341,29.4.14,1296,-0.2233,-0.1384,0.7904,0.4906,0.2811,-0.5745,-0.4175,-0.7444,4,1,2,-0.495267905,0.436337225,0
2342,30.4.14,1295.6,-0.0309,-0.2233,-0.1384,0.7904,0.4906,0.2811,-0.5745,-0.4175,4,1,2,-1.893479947,-1.520538047,0
2343,1.5.14,1283.1,-0.9648,-0.0309,-0.2233,-0.1384,0.7904,0.4906,0.2811,-0.5745,5,1,2,-0.679947509,-0.32083387,0
2344,2.5.14,1302.6,1.5198,-0.9648,-0.0309,-0.2233,-0.1384,0.7904,0.4906,0.2811,5,1,2,2.648903317,0.341987501,0
2345,5.5.14,1309,0.4913,1.5198,-0.9648,-0.0309,-0.2233,-0.1384,0.7904,0.4906,5,1,2,0.143648046,-0.280672387,0
2346,6.5.14,1308.3,-0.0535,0.4913,1.5198,-0.9648,-0.0309,-0.2233,-0.1384,0.7904,5,1,2,0.399585621,0.020101168,0
2347,7.5.14,1288.6,-1.5058,-0.0535,0.4913,1.5198,-0.9648,-0.0309,-0.2233,-0.1384,5,1,2,-1.530764586,1.276378536,0
2348,8.5.14,1287.4,-0.0931,-1.5058,-0.0535,0.4913,1.5198,-0.9648,-0.0309,-0.2233,5,1,2,-1.057106796,-0.506097573,0
2349,9.5.14,1287.3,-0.0078,-0.0931,-1.5058,-0.0535,0.4913,1.5198,-0.9648,-0.0309,5,1,2,-0.089034244,-0.269304076,0
2350,12.5.14,1295.6,0.6448,-0.0078,-0.0931,-1.5058,-0.0535,0.4913,1.5198,-0.9648,5,1,2,2.217331568,0.600058493,0
2351,13.5.14,1294.6,-0.0772,0.6448,-0.0078,-0.0931,-1.5058,-0.0535,0.4913,1.5198,5,1,2,0.020511334,1.103490059,0
2352,14.5.14,1305.7,0.8574,-0.0772,0.6448,-0.0078,-0.0931,-1.5058,-0.0535,0.4913,5,1,2,1.18437707,0.658806114,2
2353,15.5.14,1293.5,-0.9344,0.8574,-0.0772,0.6448,-0.0078,-0.0931,-1.5058,-0.0535,5,1,2,-1.459336701,-0.849861017,0
2354,16.5.14,1293.3,-0.0155,-0.9344,0.8574,-0.0772,0.6448,-0.0078,-0.0931,-1.5058,5,1,2,-0.797041614,0.512311964,0
2355,19.5.14,1293.7,0.0309,-0.0155,-0.9344,0.8574,-0.0772,0.6448,-0.0078,-0.0931,5,1,2,0.155508433,0.578321885,0
2356,20.5.14,1294.5,0.0618,0.0309,-0.0155,-0.9344,0.8574,-0.0772,0.6448,-0.0078,5,1,2,0.232895534,-0.165674075,0
2357,21.5.14,1288,-0.5021,0.0618,0.0309,-0.0155,-0.9344,0.8574,-0.0772,0.6448,5,1,2,-0.309812421,1.591172603,0
2358,22.5.14,1294.9,0.5357,-0.5021,0.0618,0.0309,-0.0155,-0.9344,0.8574,-0.0772,5,1,2,0.947845714,-0.317096024,0
2359,23.5.14,1291.6,-0.2548,0.5357,-0.5021,0.0618,0.0309,-0.0155,-0.9344,0.8574,5,1,2,-0.523341632,0.588009083,0
2360,27.5.14,1265.4,-2.0285,-0.2548,0.5357,-0.5021,0.0618,0.0309,-0.0155,-0.9344,5,1,2,-1.800087281,-0.229993165,0
2361,28.5.14,1259.3,-0.4821,-2.0285,-0.2548,0.5357,-0.5021,0.0618,0.0309,-0.0155,5,1,2,-0.021007985,-1.335125715,0
2362,29.5.14,1256.3,-0.2382,-0.4821,-2.0285,-0.2548,0.5357,-0.5021,0.0618,0.0309,5,1,2,-0.273181225,0.837227999,1
2363,30.5.14,1245.6,-0.8517,-0.2382,-0.4821,-2.0285,-0.2548,0.5357,-0.5021,0.0618,5,1,2,-1.73839713,-0.839933125,1
2364,2.6.14,1243.7,-0.1525,-0.8517,-0.2382,-0.4821,-2.0285,-0.2548,0.5357,-0.5021,6,1,2,0.300218497,-0.23366553,1
2365,3.6.14,1244.3,0.0483,-0.1525,-0.8517,-0.2382,-0.4821,-2.0285,-0.2548,0.5357,6,1,2,0.122939321,0.185422503,1
2366,4.6.14,1244,-0.0241,0.0483,-0.1525,-0.8517,-0.2382,-0.4821,-2.0285,-0.2548,6,1,2,0.181509695,-0.019485946,1
2367,5.6.14,1253,0.7235,-0.0241,0.0483,-0.1525,-0.8517,-0.2382,-0.4821,-2.0285,6,1,2,1.540016764,-0.155880781,1
2368,6.6.14,1252.1,-0.0718,0.7235,-0.0241,0.0483,-0.1525,-0.8517,-0.2382,-0.4821,6,1,2,-0.482817947,0.17564432,1
2369,9.6.14,1253.5,0.1118,-0.0718,0.7235,-0.0241,0.0483,-0.1525,-0.8517,-0.2382,6,1,2,0.432424908,1.704656086,1
2370,10.6.14,1259.8,0.5026,0.1118,-0.0718,0.7235,-0.0241,0.0483,-0.1525,-0.8517,6,1,2,0.535569874,-0.057470727,1
2371,11.6.14,1260.8,0.0794,0.5026,0.1118,-0.0718,0.7235,-0.0241,0.0483,-0.1525,6,1,2,0.036559094,0.047918594,1
2372,12.6.14,1273.6,1.0152,0.0794,0.5026,0.1118,-0.0718,0.7235,-0.0241,0.0483,6,1,2,1.884724202,2.040227224,0
2373,13.6.14,1273.7,0.0078,1.0152,0.0794,0.5026,0.1118,-0.0718,0.7235,-0.0241,6,1,2,0.625158824,0.356711618,0
2374,16.6.14,1274.9,0.0942,0.0078,1.0152,0.0794,0.5026,0.1118,-0.0718,0.7235,6,1,2,0.331010526,-0.00935566,0
2375,17.6.14,1271.7,-0.251,0.0942,0.0078,1.0152,0.0794,0.5026,0.1118,-0.0718,6,1,2,0.096442023,-0.505145845,1
2376,18.6.14,1272.4,0.0551,-0.251,0.0942,0.0078,1.0152,0.0794,0.5026,0.1118,6,1,2,0.233251485,-0.366678627,1
2377,19.6.14,1313.7,3.2458,0.0551,-0.251,0.0942,0.0078,1.0152,0.0794,0.5026,6,1,2,4.401269404,0.434084249,0
2378,20.6.14,1316.2,0.1903,3.2458,0.0551,-0.251,0.0942,0.0078,1.0152,0.0794,6,1,2,1.477929534,0.779857022,0
2379,23.6.14,1318,0.1368,0.1903,3.2458,0.0551,-0.251,0.0942,0.0078,1.0152,6,1,2,-0.157573487,-1.016225942,0
2380,24.6.14,1320.9,0.22,0.1368,0.1903,3.2458,0.0551,-0.251,0.0942,0.0078,6,1,2,0.616957806,-0.131863419,0
2381,25.6.14,1322.2,0.0984,0.22,0.1368,0.1903,3.2458,0.0551,-0.251,0.0942,6,1,2,0.34699094,0.443271929,0
2382,26.6.14,1316.1,-0.4614,0.0984,0.22,0.1368,0.1903,3.2458,0.0551,-0.251,6,1,2,-0.03789219,-0.619721748,0
2383,27.6.14,1319,0.2203,-0.4614,0.0984,0.22,0.1368,0.1903,3.2458,0.0551,6,1,2,-0.123209855,-0.094480799,0
2384,30.6.14,1321.8,0.2123,0.2203,-0.4614,0.0984,0.22,0.1368,0.1903,3.2458,6,1,2,-0.332114134,-0.349910275,0
2385,1.7.14,1326.4,0.348,0.2123,0.2203,-0.4614,0.0984,0.22,0.1368,0.1903,7,2,3,0.285616537,-0.028477183,0
2386,2.7.14,1330.7,0.3242,0.348,0.2123,0.2203,-0.4614,0.0984,0.22,0.1368,7,2,3,0.88764551,-0.81639739,0
2387,3.7.14,1320.4,-0.774,0.3242,0.348,0.2123,0.2203,-0.4614,0.0984,0.22,7,2,3,-0.776319801,-0.401996348,0
2388,7.7.14,1316.5,-0.2954,-0.774,0.3242,0.348,0.2123,0.2203,-0.4614,0.0984,7,2,3,-0.583247639,-0.509320384,0
2389,8.7.14,1316,-0.038,-0.2954,-0.774,0.3242,0.348,0.2123,0.2203,-0.4614,7,2,3,0.004767007,-0.125564817,0
2390,9.7.14,1323.8,0.5927,-0.038,-0.2954,-0.774,0.3242,0.348,0.2123,0.2203,7,2,3,0.262318442,-1.073501542,0
2391,10.7.14,1338.7,1.1255,0.5927,-0.038,-0.2954,-0.774,0.3242,0.348,0.2123,7,2,3,2.078775987,0.625671506,2
2392,11.7.14,1337,-0.127,1.1255,0.5927,-0.038,-0.2954,-0.774,0.3242,0.348,7,2,3,-0.223683939,-2.040220021,0
2393,14.7.14,1306.3,-2.2962,-0.127,1.1255,0.5927,-0.038,-0.2954,-0.774,0.3242,7,2,3,-2.55475688,0.07934328,0
2394,15.7.14,1296.9,-0.7196,-2.2962,-0.127,1.1255,0.5927,-0.038,-0.2954,-0.774,7,2,3,-0.105450854,-0.941437462,0
2395,16.7.14,1299.6,0.2082,-0.7196,-2.2962,-0.127,1.1255,0.5927,-0.038,-0.2954,7,2,3,-0.55176939,1.240494073,0
2396,17.7.14,1316.7,1.3158,0.2082,-0.7196,-2.2962,-0.127,1.1255,0.5927,-0.038,7,2,3,1.732045989,1.966408649,0
2397,18.7.14,1309.2,-0.5696,1.3158,0.2082,-0.7196,-2.2962,-0.127,1.1255,0.5927,7,2,3,-1.17614101,-0.058150195,0
2398,21.7.14,1313.7,0.3437,-0.5696,1.3158,0.2082,-0.7196,-2.2962,-0.127,1.1255,7,2,3,0.614263669,1.415688086,0
2399,22.7.14,1306.1,-0.5785,0.3437,-0.5696,1.3158,0.2082,-0.7196,-2.2962,-0.127,7,2,3,-0.004767007,-0.162537695,0
2400,23.7.14,1304.5,-0.1225,-0.5785,0.3437,-0.5696,1.3158,0.2082,-0.7196,-2.2962,7,2,3,-0.062010437,-1.244967866,0
2401,24.7.14,1290.6,-1.0655,-0.1225,-0.5785,0.3437,-0.5696,1.3158,0.2082,-0.7196,7,2,3,-2.749141957,-1.018234119,0
2402,25.7.14,1303.1,0.9685,-1.0655,-0.1225,-0.5785,0.3437,-0.5696,1.3158,0.2082,7,2,3,1.040439237,0.019591107,0
2403,28.7.14,1303.3,0.0154,0.9685,-1.0655,-0.1225,-0.5785,0.3437,-0.5696,1.3158,7,2,3,-0.301147642,-0.411399926,0
2404,29.7.14,1298.3,-0.3836,0.0154,0.9685,-1.0655,-0.1225,-0.5785,0.3437,-0.5696,7,2,3,0.097439631,-0.688499027,0
2405,30.7.14,1294.9,-0.2619,-0.3836,0.0154,0.9685,-1.0655,-0.1225,-0.5785,0.3437,7,2,3,0.058410581,-0.693279756,0
2406,31.7.14,1281.3,-1.0503,-0.2619,-0.3836,0.0154,0.9685,-1.0655,-0.1225,-0.5785,7,2,3,-0.899899641,-2.094343816,0
2407,1.8.14,1293.6,0.96,-1.0503,-0.2619,-0.3836,0.0154,0.9685,-1.0655,-0.1225,8,2,3,-0.201239192,-0.295406867,0
2408,4.8.14,1287.7,-0.4561,0.96,-1.0503,-0.2619,-0.3836,0.0154,0.9685,-1.0655,8,2,3,-0.678735409,0.418884015,0
2409,5.8.14,1284,-0.2873,-0.4561,0.96,-1.0503,-0.2619,-0.3836,0.0154,0.9685,8,2,3,-1.980784459,-0.92583544,0
2410,6.8.14,1306.7,1.7679,-0.2873,-0.4561,0.96,-1.0503,-0.2619,-0.3836,0.0154,8,2,3,0.964938763,-0.472375331,0
2411,7.8.14,1310.8,0.3138,1.7679,-0.2873,-0.4561,0.96,-1.0503,-0.2619,-0.3836,8,2,3,-0.170129576,0.433345209,0
2412,8.8.14,1308.9,-0.145,0.3138,1.7679,-0.2873,-0.4561,0.96,-1.0503,-0.2619,8,2,3,-0.245600651,0.318476679,0
2413,11.8.14,1308.5,-0.0306,-0.145,0.3138,1.7679,-0.2873,-0.4561,0.96,-1.0503,8,2,3,0.793885214,0.440348488,0
2414,12.8.14,1308.8,0.0229,-0.0306,-0.145,0.3138,1.7679,-0.2873,-0.4561,0.96,8,2,3,-0.947151704,-0.723897911,0
2415,13.8.14,1312.8,0.3056,0.0229,-0.0306,-0.145,0.3138,1.7679,-0.2873,-0.4561,8,2,3,-0.301969657,0.225935694,0
2416,14.8.14,1313.9,0.0838,0.3056,0.0229,-0.0306,-0.145,0.3138,1.7679,-0.2873,8,2,3,0.307929458,-2.059631706,0
2417,15.8.14,1304.5,-0.7154,0.0838,0.3056,0.0229,-0.0306,-0.145,0.3138,1.7679,8,2,3,-1.9173696,1.851848304,0
2418,18.8.14,1297.7,-0.5213,-0.7154,0.0838,0.3056,0.0229,-0.0306,-0.145,0.3138,8,2,3,0.564395134,-0.96558277,0
2419,19.8.14,1295.1,-0.2004,-0.5213,-0.7154,0.0838,0.3056,0.0229,-0.0306,-0.145,8,2,3,-1.086741057,-2.001867267,0
2420,20.8.14,1293.4,-0.1313,-0.2004,-0.5213,-0.7154,0.0838,0.3056,0.0229,-0.0306,8,2,3,0.438443264,1.682891915,2
2421,21.8.14,1273.7,-1.5231,-0.1313,-0.2004,-0.5213,-0.7154,0.0838,0.3056,0.0229,8,2,3,-0.421121261,-2.196315829,0
2422,22.8.14,1278.6,0.3847,-1.5231,-0.1313,-0.2004,-0.5213,-0.7154,0.0838,0.3056,8,2,3,-0.149558172,-0.329925034,0
2423,25.8.14,1277.3,-0.1017,0.3847,-1.5231,-0.1313,-0.2004,-0.5213,-0.7154,0.0838,8,2,3,-0.118799221,-0.320344951,0
2424,26.8.14,1283.8,0.5089,-0.1017,0.3847,-1.5231,-0.1313,-0.2004,-0.5213,-0.7154,8,2,3,0.165485037,0.54633331,0
2425,27.8.14,1281.9,-0.148,0.5089,-0.1017,0.3847,-1.5231,-0.1313,-0.2004,-0.5213,8,2,3,0.12906359,0.021304755,2
2426,28.8.14,1288.7,0.5305,-0.148,0.5089,-0.1017,0.3847,-1.5231,-0.1313,-0.2004,8,2,3,0.716679225,0.713683232,2
2427,29.8.14,1285.8,-0.225,0.5305,-0.148,0.5089,-0.1017,0.3847,-1.5231,-0.1313,8,2,3,-0.696220317,1.491270214,2
2428,2.9.14,1263.7,-1.7188,-0.225,0.5305,-0.148,0.5089,-0.1017,0.3847,-1.5231,9,2,3,-1.685748838,-3.209672635,0
2429,3.9.14,1268.9,0.4115,-1.7188,-0.225,0.5305,-0.148,0.5089,-0.1017,0.3847,9,2,3,0.1940153,2.86391445,0
2430,4.9.14,1265.1,-0.2995,0.4115,-1.7188,-0.225,0.5305,-0.148,0.5089,-0.1017,9,2,3,-0.23027332,-1.140887541,0
2431,5.9.14,1265.8,0.0553,-0.2995,0.4115,-1.7188,-0.225,0.5305,-0.148,0.5089,9,2,3,0.094426968,-1.228158889,2
2432,8.9.14,1252.7,-1.0349,0.0553,-0.2995,0.4115,-1.7188,-0.225,0.5305,-0.148,9,2,3,-1.021913818,-0.675310588,0
2433,9.9.14,1246.8,-0.471,-1.0349,0.0553,-0.2995,0.4115,-1.7188,-0.225,0.5305,9,2,3,-0.227665958,0.097125334,0
2434,10.9.14,1243.5,-0.2647,-0.471,-1.0349,0.0553,-0.2995,0.4115,-1.7188,-0.225,9,2,3,0.063686254,-1.164422459,0
2435,11.9.14,1237.4,-0.4905,-0.2647,-0.471,-1.0349,0.0553,-0.2995,0.4115,-1.7188,9,2,3,-1.71298228,1.265412551,0
2436,12.9.14,1229.9,-0.6061,-0.4905,-0.2647,-0.471,-1.0349,0.0553,-0.2995,0.4115,9,2,3,0.070137486,-0.603258835,0
2437,15.9.14,1233.6,0.3008,-0.6061,-0.4905,-0.2647,-0.471,-1.0349,0.0553,-0.2995,9,2,3,0.053921218,0.704455998,0
2438,16.9.14,1235.2,0.1297,0.3008,-0.6061,-0.4905,-0.2647,-0.471,-1.0349,0.0553,9,2,3,0.538911311,2.109340425,0
2439,17.9.14,1234.4,-0.0648,0.1297,0.3008,-0.6061,-0.4905,-0.2647,-0.471,-1.0349,9,2,3,0.037521277,-0.484821983,0
2440,18.9.14,1225.7,-0.7048,-0.0648,0.1297,0.3008,-0.6061,-0.4905,-0.2647,-0.471,9,2,3,-1.130581585,-1.429780238,0
2441,19.9.14,1215.3,-0.8485,-0.7048,-0.0648,0.1297,0.3008,-0.6061,-0.4905,-0.2647,9,2,3,-3.636459675,-0.709139395,0
2442,22.9.14,1216.8,0.1234,-0.8485,-0.7048,-0.0648,0.1297,0.3008,-0.6061,-0.4905,9,2,3,-0.461170529,-0.963106789,0
2443,23.9.14,1221,0.3452,0.1234,-0.8485,-0.7048,-0.0648,0.1297,0.3008,-0.6061,9,2,3,0.079100172,0.043707296,0
2444,24.9.14,1218.6,-0.1966,0.3452,0.1234,-0.8485,-0.7048,-0.0648,0.1297,0.3008,9,2,3,-0.395188265,1.354309225,0
2445,25.9.14,1221.2,0.2134,-0.1966,0.3452,0.1234,-0.8485,-0.7048,-0.0648,0.1297,9,2,3,-1.496343843,-0.29095287,0
2446,26.9.14,1214.1,-0.5814,0.2134,-0.1966,0.3452,0.1234,-0.8485,-0.7048,-0.0648,9,2,3,0.56389651,1.091540203,0
2447,29.9.14,1217.5,0.28,-0.5814,0.2134,-0.1966,0.3452,0.1234,-0.8485,-0.7048,9,2,3,0.223158817,1.101131889,0
2448,30.9.14,1210.5,-0.5749,0.28,-0.5814,0.2134,-0.1966,0.3452,0.1234,-0.8485,9,2,3,-2.911624841,-3.605790466,0
2449,1.10.14,1214.6,0.3387,-0.5749,0.28,-0.5814,0.2134,-0.1966,0.3452,0.1234,10,2,4,1.199568149,-0.471698429,0
2450,2.10.14,1214.2,-0.0329,0.3387,-0.5749,0.28,-0.5814,0.2134,-0.1966,0.3452,10,2,4,-1.214408163,0.308606601,0
2451,3.10.14,1192.2,-1.8119,-0.0329,0.3387,-0.5749,0.28,-0.5814,0.2134,-0.1966,10,2,4,-1.299916306,-1.395455711,0
2452,6.10.14,1206.7,1.2162,-1.8119,-0.0329,0.3387,-0.5749,0.28,-0.5814,0.2134,10,2,4,2.383787856,0.668596488,0
2453,7.10.14,1211.7,0.4144,1.2162,-1.8119,-0.0329,0.3387,-0.5749,0.28,-0.5814,10,2,4,0.064026073,-1.649322475,0
2454,8.10.14,1205.3,-0.5282,0.4144,1.2162,-1.8119,-0.0329,0.3387,-0.5749,0.28,10,2,4,-1.023794981,-1.733259361,0
2455,9.10.14,1224.6,1.6013,-0.5282,0.4144,1.2162,-1.8119,-0.0329,0.3387,-0.5749,10,2,4,2.068769925,-1.763831129,0
2456,10.10.14,1221,-0.294,1.6013,-0.5282,0.4144,1.2162,-1.8119,-0.0329,0.3387,10,2,4,-0.66217405,0.058299002,2
2457,13.10.14,1229.3,0.6798,-0.294,1.6013,-0.5282,0.4144,1.2162,-1.8119,-0.0329,10,2,4,0.243448962,-0.093220498,2
2458,14.10.14,1233.6,0.3498,0.6798,-0.294,1.6013,-0.5282,0.4144,1.2162,-1.8119,10,2,4,0.341158859,-4.548637302,2
2459,15.10.14,1244.1,0.8512,0.3498,0.6798,-0.294,1.6013,-0.5282,0.4144,1.2162,10,2,4,0.357288494,-0.073310803,2
2460,16.10.14,1240.5,-0.2894,0.8512,0.3498,0.6798,-0.294,1.6013,-0.5282,0.4144,10,2,4,-0.155041205,1.124967208,2
2461,17.10.14,1238.3,-0.1773,-0.2894,0.8512,0.3498,0.6798,-0.294,1.6013,-0.5282,10,2,4,-0.609620987,0.060463185,2
2462,20.10.14,1244,0.4603,-0.1773,-0.2894,0.8512,0.3498,0.6798,-0.294,1.6013,10,2,4,0.127307412,-0.048339475,2
2463,21.10.14,1251,0.5627,0.4603,-0.1773,-0.2894,0.8512,0.3498,0.6798,-0.294,10,2,4,1.155795456,0.120902521,2
2464,22.10.14,1244.8,-0.4956,0.5627,0.4603,-0.1773,-0.2894,0.8512,0.3498,0.6798,10,2,4,-1.816721272,-2.765367689,2
2465,23.10.14,1228.5,-1.3095,-0.4956,0.5627,0.4603,-0.1773,-0.2894,0.8512,0.3498,10,2,4,-0.418948563,1.949825832,2
2466,24.10.14,1231.2,0.2198,-1.3095,-0.4956,0.5627,0.4603,-0.1773,-0.2894,0.8512,10,2,4,0.128545978,-1.315622183,0
2467,27.10.14,1229.1,-0.1706,0.2198,-1.3095,-0.4956,0.5627,0.4603,-0.1773,-0.2894,10,2,4,-0.122548488,-0.012346792,0
2468,28.10.14,1229.2,0.0081,-0.1706,0.2198,-1.3095,-0.4956,0.5627,0.4603,-0.1773,10,2,4,0.408996177,0.518516258,0
2469,29.10.14,1224.3,-0.3986,0.0081,-0.1706,0.2198,-1.3095,-0.4956,0.5627,0.4603,10,2,4,0.197849274,0.957994101,0
2470,30.10.14,1198.1,-2.14,-0.3986,0.0081,-0.1706,0.2198,-1.3095,-0.4956,0.5627,10,2,4,-4.808636515,-1.313861608,0
2471,31.10.14,1171.1,-2.2536,-2.14,-0.3986,0.0081,-0.1706,0.2198,-1.3095,-0.4956,10,2,4,-1.915691959,-0.714992371,0
2472,3.11.14,1169.4,-0.1452,-2.2536,-2.14,-0.3986,0.0081,-0.1706,0.2198,-1.3095,11,2,4,0.609563817,-2.185252193,0
2473,4.11.14,1167.4,-0.171,-0.1452,-2.2536,-2.14,-0.3986,0.0081,-0.1706,0.2198,11,2,4,-1.533225366,-2.018274134,0
2474,5.11.14,1145.4,-1.8845,-0.171,-0.1452,-2.2536,-2.14,-0.3986,0.0081,-0.1706,11,2,4,-3.195829868,1.930299024,1
2475,6.11.14,1142.3,-0.2706,-1.8845,-0.171,-0.1452,-2.2536,-2.14,-0.3986,0.0081,11,2,4,-0.16863421,-0.978643416,0
2476,7.11.14,1169.6,2.3899,-0.2706,-1.8845,-0.171,-0.1452,-2.2536,-2.14,-0.3986,11,2,4,1.994543635,0.949811101,1
2477,10.11.14,1159.6,-0.855,2.3899,-0.2706,-1.8845,-0.171,-0.1452,-2.2536,-2.14,11,2,4,-0.267537866,-1.58931974,0
2478,11.11.14,1162.8,0.276,-0.855,2.3899,-0.2706,-1.8845,-0.171,-0.1452,-2.2536,11,2,4,0.044708243,0.697675588,0
2479,12.11.14,1158.9,-0.3354,0.276,-0.855,2.3899,-0.2706,-1.8845,-0.171,-0.1452,11,2,4,-0.287277349,-0.975111769,1
2480,13.11.14,1161.1,0.1898,-0.3354,0.276,-0.855,2.3899,-0.2706,-1.8845,-0.171,11,2,4,-0.012810095,-3.848148755,0
2481,14.11.14,1185,2.0584,0.1898,-0.3354,0.276,-0.855,2.3899,-0.2706,-1.8845,11,2,4,4.437471066,2.169519782,0
2482,17.11.14,1183,-0.1688,2.0584,0.1898,-0.3354,0.276,-0.855,2.3899,-0.2706,11,2,4,-1.575720281,-0.237404782,1
2483,18.11.14,1196.7,1.1581,-0.1688,2.0584,0.1898,-0.3354,0.276,-0.855,2.3899,11,2,4,0.728839366,-1.361711776,0
2484,19.11.14,1193.6,-0.259,1.1581,-0.1688,2.0584,0.1898,-0.3354,0.276,-0.855,11,2,4,0.742120214,-0.040207451,0
2485,20.11.14,1190.7,-0.243,-0.259,1.1581,-0.1688,2.0584,0.1898,-0.3354,0.276,11,2,4,-0.963790586,1.340842016,0
2486,21.11.14,1197.5,0.5711,-0.243,-0.259,1.1581,-0.1688,2.0584,0.1898,-0.3354,11,2,4,1.599214881,1.230484629,0
2487,24.11.14,1195.5,-0.167,0.5711,-0.243,-0.259,1.1581,-0.1688,2.0584,0.1898,11,2,4,-0.08541235,-0.954128005,0
2488,25.11.14,1197.1,0.1338,-0.167,0.5711,-0.243,-0.259,1.1581,-0.1688,2.0584,11,2,4,1.080784253,-2.230143136,0
2489,26.11.14,1196.6,-0.0418,0.1338,-0.167,0.5711,-0.243,-0.259,1.1581,-0.1688,11,2,4,-0.036248148,-0.539875714,0
2490,28.11.14,1175.2,-1.7884,-0.0418,0.1338,-0.167,0.5711,-0.243,-0.259,1.1581,11,2,4,-6.399564864,-10.2320541,0
2491,1.12.14,1218,3.6419,-1.7884,-0.0418,0.1338,-0.167,0.5711,-0.243,-0.259,12,2,4,7.482732086,4.308387617,0
2492,2.12.14,1199.2,-1.5435,3.6419,-1.7884,-0.0418,0.1338,-0.167,0.5711,-0.243,12,2,4,-1.441613171,-3.072467749,0
2493,3.12.14,1208.5,0.7755,-1.5435,3.6419,-1.7884,-0.0418,0.1338,-0.167,0.5711,12,2,4,-0.298645118,0.747607686,0
2494,4.12.14,1207.5,-0.0827,0.7755,-1.5435,3.6419,-1.7884,-0.0418,0.1338,-0.167,12,2,4,0.98417515,-0.845947934,0
2495,5.12.14,1190.1,-1.441,-0.0827,0.7755,-1.5435,3.6419,-1.7884,-0.0418,0.1338,12,2,4,-1.961266969,-1.451880341,0
2496,8.12.14,1194.7,0.3865,-1.441,-0.0827,0.7755,-1.5435,3.6419,-1.7884,-0.0418,12,2,4,0.123490114,-4.237541397,0
2497,9.12.14,1231.5,3.0803,0.3865,-1.441,-0.0827,0.7755,-1.5435,3.6419,-1.7884,12,2,4,5.334236509,1.221253715,0
2498,10.12.14,1228.9,-0.2111,3.0803,0.3865,-1.441,-0.0827,0.7755,-1.5435,3.6419,12,2,4,0.304432104,-4.512693641,0
2499,11.12.14,1225.1,-0.3092,-0.2111,3.0803,0.3865,-1.441,-0.0827,0.7755,-1.5435,12,2,4,-0.431911559,-1.624545268,0
2500,12.12.14,1222,-0.253,-0.3092,-0.2111,3.0803,0.3865,-1.441,-0.0827,0.7755,12,2,4,-0.2344857,-3.569640304,0
2501,15.12.14,1207.2,-1.2111,-0.253,-0.3092,-0.2111,3.0803,0.3865,-1.441,-0.0827,12,2,4,-2.890879009,-3.286631172,0
2502,16.12.14,1193.9,-1.1017,-1.2111,-0.253,-0.3092,-0.2111,3.0803,0.3865,-1.441,12,2,4,-4.913173919,0.035772595,0
2503,17.12.14,1194.3,0.0335,-1.1017,-1.2111,-0.253,-0.3092,-0.2111,3.0803,0.3865,12,2,4,1.119946801,0.965494212,0
2504,18.12.14,1194.7,0.0335,0.0335,-1.1017,-1.2111,-0.253,-0.3092,-0.2111,3.0803,12,2,4,0.018880243,-4.179211191,0
2505,19.12.14,1195.9,0.1004,0.0335,0.0335,-1.1017,-1.2111,-0.253,-0.3092,-0.2111,12,2,4,0.610293958,4.453889891,0
2506,22.12.14,1179.7,-1.3546,0.1004,0.0335,0.0335,-1.1017,-1.2111,-0.253,-0.3092,12,2,4,-2.138703045,-2.229303125,1
2507,23.12.14,1177.9,-0.1526,-1.3546,0.1004,0.0335,0.0335,-1.1017,-1.2111,-0.253,12,2,4,0.517600955,3.36590783,1
2508,24.12.14,1173.5,-0.3735,-0.1526,-1.3546,0.1004,0.0335,0.0335,-1.1017,-1.2111,12,2,4,-0.362359874,-2.240894263,1
2509,26.12.14,1195.3,1.8577,-0.3735,-0.1526,-1.3546,0.1004,0.0335,0.0335,-1.1017,12,2,4,2.800990025,-1.987823437,1
2510,29.12.14,1181.7,-1.1378,1.8577,-0.3735,-0.1526,-1.3546,0.1004,0.0335,0.0335,12,2,4,-2.284006256,-2.046407713,1
2511,30.12.14,1200.2,1.5655,-1.1378,1.8577,-0.3735,-0.1526,-1.3546,0.1004,0.0335,12,2,4,3.150402201,0.951311911,1
2512,31.12.14,1183.9,-1.3581,1.5655,-1.1378,1.8577,-0.3735,-0.1526,-1.3546,0.1004,12,2,4,-4.156405174,-1.570581099,1
2513,2.1.15,1186,0.1774,-1.3581,1.5655,-1.1378,1.8577,-0.3735,-0.1526,-1.3546,1,1,1,1.085773403,-1.08879637,1
2514,5.1.15,1203.9,1.5093,0.1774,-1.3581,1.5655,-1.1378,1.8577,-0.3735,-0.1526,1,1,1,2.828274073,-5.029413134,1
2515,6.1.15,1219.3,1.2792,1.5093,0.1774,-1.3581,1.5655,-1.1378,1.8577,-0.3735,1,1,1,2.620679671,-4.216627841,1
2516,7.1.15,1210.6,-0.7135,1.2792,1.5093,0.1774,-1.3581,1.5655,-1.1378,1.8577,1,1,1,-0.560142194,1.502193232,0
2517,8.1.15,1208.4,-0.1817,-0.7135,1.2792,1.5093,0.1774,-1.3581,1.5655,-1.1378,1,1,1,-0.963055085,0.287768521,1
2518,9.1.15,1216,0.6289,-0.1817,-0.7135,1.2792,1.5093,0.1774,-1.3581,1.5655,1,1,1,0.214053255,-0.88132875,1
2519,12.1.15,1232.7,1.3734,0.6289,-0.1817,-0.7135,1.2792,1.5093,0.1774,-1.3581,1,1,1,0.90931387,-4.735320278,0
2520,13.1.15,1234.3,0.1298,1.3734,0.6289,-0.1817,-0.7135,1.2792,1.5093,0.1774,1,1,1,3.568189646,-0.390710454,0
2521,14.1.15,1234.4,0.0081,0.1298,1.3734,0.6289,-0.1817,-0.7135,1.2792,1.5093,1,1,1,-0.986864967,5.643931547,0
2522,15.1.15,1264.7,2.4546,0.0081,0.1298,1.3734,0.6289,-0.1817,-0.7135,1.2792,1,1,1,0.690024677,-4.599834083,0
2523,16.1.15,1276.9,0.9647,2.4546,0.0081,0.1298,1.3734,0.6289,-0.1817,-0.7135,1,1,1,3.900898307,5.275672706,0
2524,20.1.15,1294.2,1.3548,0.9647,2.4546,0.0081,0.1298,1.3734,0.6289,-0.1817,1,1,1,1.172558652,-4.723761146,2
2525,21.1.15,1293.7,-0.0386,1.3548,0.9647,2.4546,0.0081,0.1298,1.3734,0.6289,1,1,1,1.292697077,2.996334141,2
2526,22.1.15,1300.7,0.5411,-0.0386,1.3548,0.9647,2.4546,0.0081,0.1298,1.3734,1,1,1,0.918641339,-3.076595738,2
2527,23.1.15,1292.6,-0.6227,0.5411,-0.0386,1.3548,0.9647,2.4546,0.0081,0.1298,1,1,1,-0.337949811,-1.554742387,2
2528,26.1.15,1279.4,-1.0212,-0.6227,0.5411,-0.0386,1.3548,0.9647,2.4546,0.0081,1,1,1,-1.733763596,-0.965120915,2
2529,27.1.15,1291.7,0.9614,-1.0212,-0.6227,0.5411,-0.0386,1.3548,0.9647,2.4546,1,1,1,0.562151415,2.392022104,2
2530,28.1.15,1285.9,-0.449,0.9614,-1.0212,-0.6227,0.5411,-0.0386,1.3548,0.9647,1,1,1,0,-3.850311047,2
2531,29.1.15,1254.6,-2.4341,-0.449,0.9614,-1.0212,-0.6227,0.5411,-0.0386,1.3548,1,1,1,-7.250394708,0.179973037,2
2532,30.1.15,1278.5,1.905,-2.4341,-0.449,0.9614,-1.0212,-0.6227,0.5411,-0.0386,1,1,1,2.589808034,8.331468675,2
2533,2.2.15,1276.2,-0.1799,1.905,-2.4341,-0.449,0.9614,-1.0212,-0.6227,0.5411,2,1,1,0.250123176,2.757043885,2
2534,3.2.15,1259.7,-1.2929,-0.1799,1.905,-2.4341,-0.449,0.9614,-1.0212,-0.6227,2,1,1,0.406148491,7.020374347,2
2535,4.2.15,1263.8,0.3255,-1.2929,-0.1799,1.905,-2.4341,-0.449,0.9614,-1.0212,2,1,1,0.427618628,-8.671062281,2
2536,5.2.15,1262,-0.1424,0.3255,-1.2929,-0.1799,1.905,-2.4341,-0.449,0.9614,2,1,1,-1.145056725,4.189883895,0
2537,6.2.15,1233.9,-2.2266,-0.1424,0.3255,-1.2929,-0.1799,1.905,-2.4341,-0.449,2,1,1,-2.922006984,2.396987115,0
2538,9.2.15,1240.8,0.5592,-2.2266,-0.1424,0.3255,-1.2929,-0.1799,1.905,-2.4341,2,1,1,2.254475173,2.263497804,0
2539,10.2.15,1231.6,-0.7415,0.5592,-2.2266,-0.1424,0.3255,-1.2929,-0.1799,1.905,2,1,1,-1.155157111,-5.372682784,0
2540,11.2.15,1219,-1.0231,-0.7415,0.5592,-2.2266,-0.1424,0.3255,-1.2929,-0.1799,2,1,1,-0.6644095,-2.359056966,0
2541,12.2.15,1220.1,0.0902,-1.0231,-0.7415,0.5592,-2.2266,-0.1424,0.3255,-1.2929,2,1,1,0.197068003,4.85257765,2
2542,13.2.15,1226.5,0.5245,0.0902,-1.0231,-0.7415,0.5592,-2.2266,-0.1424,0.3255,2,1,1,2.980093001,3.065806918,2
2543,17.2.15,1208.1,-1.5002,0.5245,0.0902,-1.0231,-0.7415,0.5592,-2.2266,-0.1424,2,1,1,-5.301541687,1.420992833,0
2544,18.2.15,1199.7,-0.6953,-1.5002,0.5245,0.0902,-1.0231,-0.7415,0.5592,-2.2266,2,1,1,-0.684509932,-2.596673681,2
2545,19.2.15,1207.1,0.6168,-0.6953,-1.5002,0.5245,0.0902,-1.0231,-0.7415,0.5592,2,1,1,0.744617169,-1.879554188,2
2546,20.2.15,1204.4,-0.2237,0.6168,-0.6953,-1.5002,0.5245,0.0902,-1.0231,-0.7415,2,1,1,-0.65970191,-1.602814107,2
2547,23.2.15,1200.3,-0.3404,-0.2237,0.6168,-0.6953,-1.5002,0.5245,0.0902,-1.0231,2,1,1,-0.098387427,-1.767976533,0
2548,24.2.15,1196.9,-0.2833,-0.3404,-0.2237,0.6168,-0.6953,-1.5002,0.5245,0.0902,2,1,1,-0.400077153,-0.343785604,2
2549,25.2.15,1201,0.3425,-0.2833,-0.3404,-0.2237,0.6168,-0.6953,-1.5002,0.5245,2,1,1,1.495492471,3.469973501,2
2550,26.2.15,1209.6,0.7161,0.3425,-0.2833,-0.3404,-0.2237,0.6168,-0.6953,-1.5002,2,1,1,0.968097898,-5.530502876,0
2551,27.2.15,1212.6,0.248,0.7161,0.3425,-0.2833,-0.3404,-0.2237,0.6168,-0.6953,2,1,1,-0.422117193,3.300810075,0
2552,2.3.15,1207.7,-0.4041,0.248,0.7161,0.3425,-0.2833,-0.3404,-0.2237,0.6168,3,1,1,-0.641923921,-0.341636203,0
2553,3.3.15,1204,-0.3064,-0.4041,0.248,0.7161,0.3425,-0.2833,-0.3404,-0.2237,3,1,1,-0.908150007,1.87537871,0
2554,4.3.15,1200.6,-0.2824,-0.3064,-0.4041,0.248,0.7161,0.3425,-0.2833,-0.3404,3,1,1,-0.774999724,1.999204894,0
2555,5.3.15,1195.9,-0.3915,-0.2824,-0.3064,-0.4041,0.248,0.7161,0.3425,-0.2833,3,1,1,0,-1.494276103,0
2556,6.3.15,1164.1,-2.6591,-0.3915,-0.2824,-0.3064,-0.4041,0.248,0.7161,0.3425,3,1,1,-2.15720043,-2.265559002,0
2557,9.3.15,1166.4,0.1976,-2.6591,-0.3915,-0.2824,-0.3064,-0.4041,0.248,0.7161,3,1,1,-0.183732144,0.786130588,0
2558,10.3.15,1160.1,-0.5401,0.1976,-2.6591,-0.3915,-0.2824,-0.3064,-0.4041,0.248,3,1,1,-0.901302427,-3.419998169,0
2559,11.3.15,1150.7,-0.8103,-0.5401,0.1976,-2.6591,-0.3915,-0.2824,-0.3064,-0.4041,3,1,1,-1.716516047,-0.248504337,1
2560,12.3.15,1152.1,0.1217,-0.8103,-0.5401,0.1976,-2.6591,-0.3915,-0.2824,-0.3064,3,1,1,0.964481987,-2.32509648,1
2561,13.3.15,1152.6,0.0434,0.1217,-0.8103,-0.5401,0.1976,-2.6591,-0.3915,-0.2824,3,1,1,-0.103271116,-4.697128842,1
2562,16.3.15,1153.3,0.0607,0.0434,0.1217,-0.8103,-0.5401,0.1976,-2.6591,-0.3915,3,1,1,0.801186236,-2.140943535,1
2563,17.3.15,1148.3,-0.4335,0.0607,0.0434,0.1217,-0.8103,-0.5401,0.1976,-2.6591,3,1,1,-0.249981142,-0.957160377,1
2564,18.3.15,1151.4,0.27,-0.4335,0.0607,0.0434,0.1217,-0.8103,-0.5401,0.1976,3,1,1,-0.237762855,2.761161501,0
2565,19.3.15,1169.1,1.5373,0.27,-0.4335,0.0607,0.0434,0.1217,-0.8103,-0.5401,3,1,1,3.690821052,-1.567399833,0
2566,20.3.15,1184.8,1.3429,1.5373,0.27,-0.4335,0.0607,0.0434,0.1217,-0.8103,3,1,1,4.776997313,4.003644615,0
2567,23.3.15,1188,0.2701,1.3429,1.5373,0.27,-0.4335,0.0607,0.0434,0.1217,3,1,1,0.029638706,3.78390091,0
2568,24.3.15,1191.7,0.3114,0.2701,1.3429,1.5373,0.27,-0.4335,0.0607,0.0434,3,1,1,0.539352802,0.126443746,0
2569,25.3.15,1197.3,0.4699,0.3114,0.2701,1.3429,1.5373,0.27,-0.4335,0.0607,3,1,1,0.100219295,3.578195797,0
2570,26.3.15,1205.1,0.6515,0.4699,0.3114,0.2701,1.3429,1.5373,0.27,-0.4335,3,1,1,0.836279165,4.51128076,0
2571,27.3.15,1199.8,-0.4398,0.6515,0.4699,0.3114,0.2701,1.3429,1.5373,0.27,3,1,1,-0.408828968,-4.977642151,0
2572,30.3.15,1184.8,-1.2502,-0.4398,0.6515,0.4699,0.3114,0.2701,1.3429,1.5373,3,1,1,-2.316446497,-0.388783775,0
2573,31.3.15,1183.1,-0.1435,-1.2502,-0.4398,0.6515,0.4699,0.3114,0.2701,1.3429,3,1,1,-0.456265927,-2.218574002,0
2574,1.4.15,1208.1,2.1131,-0.1435,-1.2502,-0.4398,0.6515,0.4699,0.3114,0.2701,4,1,2,2.792360344,5.231096131,0
2575,2.4.15,1200.9,-0.596,2.1131,-0.1435,-1.2502,-0.4398,0.6515,0.4699,0.3114,4,1,2,-2.100444664,-1.896587662,0
2576,6.4.15,1218.6,1.4739,-0.596,2.1131,-0.1435,-1.2502,-0.4398,0.6515,0.4699,4,1,2,2.451147484,6.105006181,0
2577,7.4.15,1210.6,-0.6565,1.4739,-0.596,2.1131,-0.1435,-1.2502,-0.4398,0.6515,4,1,2,-1.579400768,3.528960825,0
2578,8.4.15,1203.1,-0.6195,-0.6565,1.4739,-0.596,2.1131,-0.1435,-1.2502,-0.4398,4,1,2,-2.288262772,-6.595037798,0
2579,9.4.15,1193.6,-0.7896,-0.6195,-0.6565,1.4739,-0.596,2.1131,-0.1435,-1.2502,4,1,2,-1.678838002,0.733841254,0
2580,10.4.15,1204.6,0.9216,-0.7896,-0.6195,-0.6565,1.4739,-0.596,2.1131,-0.1435,4,1,2,1.274444985,1.673554753,0
2581,13.4.15,1199.3,-0.44,0.9216,-0.7896,-0.6195,-0.6565,1.4739,-0.596,2.1131,4,1,2,-0.549787098,0.522851396,0
2582,14.4.15,1192.8,-0.542,-0.44,0.9216,-0.7896,-0.6195,-0.6565,1.4739,-0.596,4,1,2,-0.792393194,2.658449378,0
2583,15.4.15,1201.5,0.7294,-0.542,-0.44,0.9216,-0.7896,-0.6195,-0.6565,1.4739,4,1,2,0.730605147,5.817223533,0
2584,16.4.15,1198,-0.2913,0.7294,-0.542,-0.44,0.9216,-0.7896,-0.6195,-0.6565,4,1,2,0.04302643,0.567475968,0
2585,17.4.15,1202.9,0.409,-0.2913,0.7294,-0.542,-0.44,0.9216,-0.7896,-0.6195,4,1,2,-0.337911041,-1.710452163,0
2586,20.4.15,1193.5,-0.7814,0.409,-0.2913,0.7294,-0.542,-0.44,0.9216,-0.7896,4,1,2,-2.083720384,1.148186886,0
2587,21.4.15,1202.9,0.7876,-0.7814,0.409,-0.2913,0.7294,-0.542,-0.44,0.9216,4,1,2,0.749231455,-1.986524876,0
2588,22.4.15,1186.9,-1.3301,0.7876,-0.7814,0.409,-0.2913,0.7294,-0.542,-0.44,4,1,2,-1.318587876,1.628667306,0
2589,23.4.15,1194.4,0.6319,-1.3301,0.7876,-0.7814,0.409,-0.2913,0.7294,-0.542,4,1,2,0.208979745,2.813393581,0
2590,24.4.15,1175.2,-1.6075,0.6319,-1.3301,0.7876,-0.7814,0.409,-0.2913,0.7294,4,1,2,-1.219671316,-1.021822195,1
2591,27.4.15,1203.3,2.3911,-1.6075,0.6319,-1.3301,0.7876,-0.7814,0.409,-0.2913,4,1,2,4.85573441,-0.27996473,0
2592,28.4.15,1214,0.8892,2.3911,-1.6075,0.6319,-1.3301,0.7876,-0.7814,0.409,4,1,2,1.201955527,0.122828027,0
2593,29.4.15,1209.8,-0.346,0.8892,2.3911,-1.6075,0.6319,-1.3301,0.7876,-0.7814,4,1,2,0.50039298,2.663863339,0
2594,30.4.15,1182.4,-2.2648,-0.346,0.8892,2.3911,-1.6075,0.6319,-1.3301,0.7876,4,1,2,-3.275342078,1.792419263,0
2595,1.5.15,1174.5,-0.6681,-2.2648,-0.346,0.8892,2.3911,-1.6075,0.6319,-1.3301,5,1,2,-0.080628181,-0.804963162,0
2596,4.5.15,1186.8,1.0473,-0.6681,-2.2648,-0.346,0.8892,2.3911,-1.6075,0.6319,5,1,2,1.905525451,-0.371937811,0
2597,5.5.15,1193.2,0.5393,1.0473,-0.6681,-2.2648,-0.346,0.8892,2.3911,-1.6075,5,1,2,0.846631412,2.494487041,0
2598,6.5.15,1190.3,-0.243,0.5393,1.0473,-0.6681,-2.2648,-0.346,0.8892,2.3911,5,1,2,-0.440900874,0.877481401,0
2599,7.5.15,1182.4,-0.6637,-0.243,0.5393,1.0473,-0.6681,-2.2648,-0.346,0.8892,5,1,2,-1.286095018,-3.266045739,0
2600,8.5.15,1189.1,0.5666,-0.6637,-0.243,0.5393,1.0473,-0.6681,-2.2648,-0.346,5,1,2,1.04473994,0.763489605,0
2601,11.5.15,1183.2,-0.4962,0.5666,-0.6637,-0.243,0.5393,1.0473,-0.6681,-2.2648,5,1,2,-0.875800418,-0.235728896,0
2602,12.5.15,1192.6,0.7945,-0.4962,0.5666,-0.6637,-0.243,0.5393,1.0473,-0.6681,5,1,2,1.300772419,2.53164557,0
2603,13.5.15,1218.4,2.1633,0.7945,-0.4962,0.5666,-0.6637,-0.243,0.5393,1.0473,5,1,2,4.221686819,-0.411522634,0
2604,14.5.15,1225.4,0.5745,2.1633,0.7945,-0.4962,0.5666,-0.6637,-0.243,0.5393,5,1,2,1.406396595,-1.024791623,2
2605,15.5.15,1225.5,0.0082,0.5745,2.1633,0.7945,-0.4962,0.5666,-0.6637,-0.243,5,1,2,0.550178662,-0.317305341,2
2606,18.5.15,1227.8,0.1877,0.0082,0.5745,2.1633,0.7945,-0.4962,0.5666,-0.6637,5,1,2,0.951837083,-0.435581048,2
2607,19.5.15,1206.9,-1.7022,0.1877,0.0082,0.5745,2.1633,0.7945,-0.4962,0.5666,5,1,2,-3.737582769,-3.651357854,0
2608,20.5.15,1208.9,0.1657,-1.7022,0.1877,0.0082,0.5745,2.1633,0.7945,-0.4962,5,1,2,0.246333248,3.003844344,0
2609,21.5.15,1204.4,-0.3722,0.1657,-1.7022,0.1877,0.0082,0.5745,2.1633,0.7945,5,1,2,0.111169016,2.950155463,0
2610,22.5.15,1204.3,-0.0083,-0.3722,0.1657,-1.7022,0.1877,0.0082,0.5745,2.1633,5,1,2,-0.473376039,-1.646903788,0
2611,26.5.15,1187.2,-1.4199,-0.0083,-0.3722,0.1657,-1.7022,0.1877,0.0082,0.5745,5,1,2,-1.738117571,-2.82987677,0
2612,27.5.15,1185.9,-0.1095,-1.4199,-0.0083,-0.3722,0.1657,-1.7022,0.1877,0.0082,5,1,2,-0.573674963,-0.896089038,0
2613,28.5.15,1188.1,0.1855,-0.1095,-1.4199,-0.0083,-0.3722,0.1657,-1.7022,0.1877,5,1,2,0.090151396,0.295604223,0
2614,29.5.15,1189.4,0.1094,0.1855,-0.1095,-1.4199,-0.0083,-0.3722,0.1657,-1.7022,5,1,2,0.186153471,4.542300482,0
2615,1.6.15,1188.3,-0.0925,0.1094,0.1855,-0.1095,-1.4199,-0.0083,-0.3722,0.1657,6,1,2,-0.119878073,-0.165834951,0
2616,2.6.15,1194.1,0.4881,-0.0925,0.1094,0.1855,-0.1095,-1.4199,-0.0083,-0.3722,6,1,2,0.71412261,1.760793264,0
2617,3.6.15,1184.7,-0.7872,0.4881,-0.0925,0.1094,0.1855,-0.1095,-1.4199,-0.0083,6,1,2,-1.900734232,-2.644464538,0
2618,4.6.15,1174.9,-0.8272,-0.7872,0.4881,-0.0925,0.1094,0.1855,-0.1095,-1.4199,6,1,2,-2.277696696,-2.749831332,0
2619,5.6.15,1167.8,-0.6043,-0.8272,-0.7872,0.4881,-0.0925,0.1094,0.1855,-0.1095,6,1,2,-0.733426434,1.948277704,0
2620,8.6.15,1173.2,0.4624,-0.6043,-0.8272,-0.7872,0.4881,-0.0925,0.1094,0.1855,6,1,2,-0.125223871,-1.674279825,0
2621,9.6.15,1177.3,0.3495,0.4624,-0.6043,-0.8272,-0.7872,0.4881,-0.0925,0.1094,6,1,2,-0.01253749,3.439972516,0
2622,10.6.15,1186.1,0.7475,0.3495,0.4624,-0.6043,-0.8272,-0.7872,0.4881,-0.0925,6,1,2,0.018805603,2.144996556,0
2623,11.6.15,1179.9,-0.5227,0.7475,0.3495,0.4624,-0.6043,-0.8272,-0.7872,0.4881,6,1,2,0.006271341,-1.074393365,0
2624,12.6.15,1178.8,-0.0932,-0.5227,0.7475,0.3495,0.4624,-0.6043,-0.8272,-0.7872,6,1,2,-0.846237249,-1.33289677,0
2625,15.6.15,1185.3,0.5514,-0.0932,-0.5227,0.7475,0.3495,0.4624,-0.6043,-0.8272,6,1,2,1.63105561,-0.733820269,0
2626,16.6.15,1180.5,-0.405,0.5514,-0.0932,-0.5227,0.7475,0.3495,0.4624,-0.6043,6,1,2,-0.734013616,0.756049663,0
2627,17.6.15,1176.4,-0.3473,-0.405,0.5514,-0.0932,-0.5227,0.7475,0.3495,0.4624,6,1,2,-0.112799865,-0.083380108,0
2628,18.6.15,1201.5,2.1336,-0.3473,-0.405,0.5514,-0.0932,-0.5227,0.7475,0.3495,6,1,2,1.304900516,0.88451704,0
2629,19.6.15,1201.5,0,2.1336,-0.3473,-0.405,0.5514,-0.0932,-0.5227,0.7475,6,1,2,-0.272483426,-1.389578399,0
2630,22.6.15,1183.7,-1.4815,0,2.1336,-0.3473,-0.405,0.5514,-0.0932,-0.5227,6,1,2,0.204912062,0.117429448,0
2631,23.6.15,1176.2,-0.6336,-1.4815,0,2.1336,-0.3473,-0.405,0.5514,-0.0932,6,1,2,-2.509752749,2.228548944,0
2632,24.6.15,1172.6,-0.3061,-0.6336,-1.4815,0,2.1336,-0.3473,-0.405,0.5514,6,1,2,0.73734566,-1.212912447,0
2633,25.6.15,1171.5,-0.0938,-0.3061,-0.6336,-1.4815,0,2.1336,-0.3473,-0.405,6,1,2,-0.271322998,-0.945743638,0
2634,26.6.15,1172.9,0.1195,-0.0938,-0.3061,-0.6336,-1.4815,0,2.1336,-0.3473,6,1,2,-0.442901912,-0.117252419,2
2635,29.6.15,1178.5,0.4774,0.1195,-0.0938,-0.3061,-0.6336,-1.4815,0,2.1336,6,1,2,-0.451224028,-2.180109364,2
2636,30.6.15,1171.5,-0.594,0.4774,0.1195,-0.0938,-0.3061,-0.6336,-1.4815,0,6,1,2,-0.721398872,1.954396286,2
2637,1.7.15,1169,-0.2134,-0.594,0.4774,0.1195,-0.0938,-0.3061,-0.6336,-1.4815,7,2,3,0.006433055,-4.220618942,2
2638,2.7.15,1163,-0.5133,-0.2134,-0.594,0.4774,0.1195,-0.0938,-0.3061,-0.6336,7,2,3,-0.096452825,-0.052666397,2
2639,6.7.15,1172.9,0.8512,-0.5133,-0.2134,-0.594,0.4774,0.1195,-0.0938,-0.3061,7,2,3,1.21645191,-7.728792381,2
2640,7.7.15,1152.4,-1.7478,0.8512,-0.5133,-0.2134,-0.594,0.4774,0.1195,-0.0938,7,2,3,-4.934503568,-0.380729017,2
2641,8.7.15,1163.3,0.9459,-1.7478,0.8512,-0.5133,-0.2134,-0.594,0.4774,0.1195,7,2,3,1.317729137,-1.299446362,2
2642,9.7.15,1159,-0.3696,0.9459,-1.7478,0.8512,-0.5133,-0.2134,-0.594,0.4774,7,2,3,1.307189213,2.187797135,2
2643,10.7.15,1157.7,-0.1122,-0.3696,0.9459,-1.7478,0.8512,-0.5133,-0.2134,-0.594,7,2,3,0.801564958,-0.075780792,2
2644,13.7.15,1155.2,-0.2159,-0.1122,-0.3696,0.9459,-1.7478,0.8512,-0.5133,-0.2134,7,2,3,-0.206882214,-1.023892488,2
2645,14.7.15,1153.3,-0.1645,-0.2159,-0.1122,-0.3696,0.9459,-1.7478,0.8512,-0.5133,7,2,3,-0.913447753,1.609195671,2
2646,15.7.15,1147.2,-0.5289,-0.1645,-0.2159,-0.1122,-0.3696,0.9459,-1.7478,0.8512,7,2,3,-1.745669807,-3.073154299,2
2647,16.7.15,1143.8,-0.2964,-0.5289,-0.1645,-0.2159,-0.1122,-0.3696,0.9459,-1.7478,7,2,3,-0.425872573,-0.972573432,2
2648,17.7.15,1131.8,-1.0491,-0.2964,-0.5289,-0.1645,-0.2159,-0.1122,-0.3696,0.9459,7,2,3,-0.962309916,-0.039285912,0
2649,20.7.15,1106.7,-2.2177,-1.0491,-0.2964,-0.5289,-0.1645,-0.2159,-0.1122,-0.3696,7,2,3,-0.506071598,-1.454112542,0
2650,21.7.15,1103.4,-0.2982,-2.2177,-1.0491,-0.2964,-0.5289,-0.1645,-0.2159,-0.1122,7,2,3,0.162768179,0.41874193,0
2651,22.7.15,1091.4,-1.0875,-0.2982,-2.2177,-1.0491,-0.2964,-0.5289,-0.1645,-0.2159,7,2,3,-0.372403717,-2.323276349,0
2652,23.7.15,1094,0.2382,-1.0875,-0.2982,-2.2177,-1.0491,-0.2964,-0.5289,-0.1645,7,2,3,-0.21068464,-1.504366506,0
2653,24.7.15,1085.6,-0.7678,0.2382,-1.0875,-0.2982,-2.2177,-1.0491,-0.2964,-0.5289,7,2,3,-1.402978818,-0.639837706,0
2654,27.7.15,1096.5,1.0041,-0.7678,0.2382,-1.0875,-0.2982,-2.2177,-1.0491,-0.2964,7,2,3,0.808175895,-1.557955982,0
2655,28.7.15,1096.3,-0.0182,1.0041,-0.7678,0.2382,-1.0875,-0.2982,-2.2177,-1.0491,7,2,3,0.253526811,1.244988732,0
2656,29.7.15,1092.7,-0.3284,-0.0182,1.0041,-0.7678,0.2382,-1.0875,-0.2982,-2.2177,7,2,3,0.703989091,1.688206296,0
2657,30.7.15,1088.4,-0.3935,-0.3284,-0.0182,1.0041,-0.7678,0.2382,-1.0875,-0.2982,7,2,3,-0.291843496,-0.553393016,1
2658,31.7.15,1094.9,0.5972,-0.3935,-0.3284,-0.0182,1.0041,-0.7678,0.2382,-1.0875,7,2,3,0.374380949,-2.885411197,1
2659,3.8.15,1089.4,-0.5023,0.5972,-0.3935,-0.3284,-0.0182,1.0041,-0.7678,0.2382,8,2,3,-1.559748348,-4.138371832,1
2660,4.8.15,1090.7,0.1193,-0.5023,0.5972,-0.3935,-0.3284,-0.0182,1.0041,-0.7678,8,2,3,0.234227041,1.261907312,1
2661,5.8.15,1085.7,-0.4584,0.1193,-0.5023,0.5972,-0.3935,-0.3284,-0.0182,1.0041,8,2,3,-0.02749597,-1.289899718,0
2662,6.8.15,1090.2,0.4145,-0.4584,0.1193,-0.5023,0.5972,-0.3935,-0.3284,-0.0182,8,2,3,0.852471837,-1.085274999,0
2663,7.8.15,1094.1,0.3577,0.4145,-0.4584,0.1193,-0.5023,0.5972,-0.3935,-0.3284,8,2,3,0.995227728,-1.76892279,0
2664,10.8.15,1104.2,0.9231,0.3577,0.4145,-0.4584,0.1193,-0.5023,0.5972,-0.3935,8,2,3,3.19249172,2.484614039,0
2665,11.8.15,1107.6,0.3079,0.9231,0.3577,0.4145,-0.4584,0.1193,-0.5023,0.5972,8,2,3,-0.05232141,-4.181488638,0
2666,12.8.15,1123.2,1.4084,0.3079,0.9231,0.3577,0.4145,-0.4584,0.1193,-0.5023,8,2,3,1.256458567,0.510671766,0
2667,13.8.15,1115.7,-0.6677,1.4084,0.3079,0.9231,0.3577,0.4145,-0.4584,0.1193,8,2,3,-0.497638896,-2.471130978,0
2668,14.8.15,1112.9,-0.251,-0.6677,1.4084,0.3079,0.9231,0.3577,0.4145,-0.4584,8,2,3,-1.208105166,0.639356999,0
2669,17.8.15,1118.6,0.5122,-0.251,-0.6677,1.4084,0.3079,0.9231,0.3577,0.4145,8,2,3,0.558843116,-1.482355454,0
2670,18.8.15,1117.1,-0.1341,0.5122,-0.251,-0.6677,1.4084,0.3079,0.9231,0.3577,8,2,3,-3.321349273,1.791258703,0
2671,19.8.15,1128.1,0.9847,-0.1341,0.5122,-0.251,-0.6677,1.4084,0.3079,0.9231,8,2,3,2.630688759,-4.270295027,0
2672,20.8.15,1153,2.2073,0.9847,-0.1341,0.5122,-0.251,-0.6677,1.4084,0.3079,8,2,3,2.246972621,0.833333723,2
2673,21.8.15,1159.6,0.5724,2.2073,0.9847,-0.1341,0.5122,-0.251,-0.6677,1.4084,8,2,3,-1.392025225,-1.677196492,2
2674,24.8.15,1153.4,-0.5347,0.5724,2.2073,0.9847,-0.1341,0.5122,-0.251,-0.6677,8,2,3,-3.522642769,-5.463532862,2
2675,25.8.15,1138.2,-1.3178,-0.5347,0.5724,2.2073,0.9847,-0.1341,0.5122,-0.251,8,2,3,-1.029673665,2.798116234,0
2676,26.8.15,1124.6,-1.1949,-1.3178,-0.5347,0.5724,2.2073,0.9847,-0.1341,0.5122,8,2,3,-3.867211456,-1.806163506,0
2677,27.8.15,1122.4,-0.1956,-1.1949,-1.3178,-0.5347,0.5724,2.2073,0.9847,-0.1341,8,2,3,2.677105366,10.25907527,0
2678,28.8.15,1133.1,0.9533,-0.1956,-1.1949,-1.3178,-0.5347,0.5724,2.2073,0.9847,8,2,3,0.790516082,6.24999944,0
2679,31.8.15,1131.6,-0.1324,0.9533,-0.1956,-1.1949,-1.3178,-0.5347,0.5724,2.2073,8,2,3,0.288956432,8.801414053,0
2680,1.9.15,1138.7,0.6274,-0.1324,0.9533,-0.1956,-1.1949,-1.3178,-0.5347,0.5724,9,2,3,0.246966129,-7.703253774,0
2681,2.9.15,1132.5,-0.5445,0.6274,-0.1324,0.9533,-0.1956,-1.1949,-1.3178,-0.5347,9,2,3,0.328476945,1.849813159,0
2682,3.9.15,1123.7,-0.777,-0.5445,0.6274,-0.1324,0.9533,-0.1956,-1.1949,-1.3178,9,2,3,0.279649491,1.081081081,0
2683,4.9.15,1120.6,-0.2759,-0.777,-0.5445,0.6274,-0.1324,0.9533,-0.1956,-1.1949,9,2,3,-1.074683689,-1.497327835,0
2684,8.9.15,1120.4,-0.0178,-0.2759,-0.777,-0.5445,0.6274,-0.1324,0.9533,-0.1956,9,2,3,1.416393927,-0.238872122,0
2685,9.9.15,1102.2,-1.6244,-0.0178,-0.2759,-0.777,-0.5445,0.6274,-0.1324,0.9533,9,2,3,-1.233899391,-3.896380397,0
2686,10.9.15,1109.5,0.6623,-1.6244,-0.0178,-0.2759,-0.777,-0.5445,0.6274,-0.1324,9,2,3,0.453047676,4.009052281,0
2687,11.9.15,1103.5,-0.5408,0.6623,-1.6244,-0.0178,-0.2759,-0.777,-0.5445,0.6274,9,2,3,-0.984010217,-2.809227248,0
2688,14.9.15,1107.7,0.3806,-0.5408,0.6623,-1.6244,-0.0178,-0.2759,-0.777,-0.5445,9,2,3,-0.917870409,-1.411608902,0
2689,15.9.15,1102.8,-0.4423,0.3806,-0.5408,0.6623,-1.6244,-0.0178,-0.2759,-0.777,9,2,3,-0.264679988,1.340909438,0
2690,16.9.15,1119.2,1.4871,-0.4423,0.3806,-0.5408,0.6623,-1.6244,-0.0178,-0.2759,9,2,3,3.903903944,5.741200638,0
2691,17.9.15,1117.3,-0.1698,1.4871,-0.4423,0.3806,-0.5408,0.6623,-1.6244,-0.0178,9,2,3,0.65197016,-0.530222676,0
2692,18.9.15,1138.1,1.8616,-0.1698,1.4871,-0.4423,0.3806,-0.5408,0.6623,-1.6244,9,2,3,1.19532485,-4.733477929,0
2693,21.9.15,1133.1,-0.4393,1.8616,-0.1698,1.4871,-0.4423,0.3806,-0.5408,0.6623,9,2,3,0.409128414,4.476275708,0
2694,22.9.15,1125,-0.7149,-0.4393,1.8616,-0.1698,1.4871,-0.4423,0.3806,-0.5408,9,2,3,-3.062563193,-1.820905031,0
2695,23.9.15,1131.6,0.5867,-0.7149,-0.4393,1.8616,-0.1698,1.4871,-0.4423,0.3806,9,2,3,0.20338802,-2.945673652,1
2696,24.9.15,1153.8,1.9618,0.5867,-0.7149,-0.4393,1.8616,-0.1698,1.4871,-0.4423,9,2,3,2.334237302,0.966727315,0
2697,25.9.15,1146,-0.676,1.9618,0.5867,-0.7149,-0.4393,1.8616,-0.1698,1.4871,9,2,3,-0.125620188,1.759075748,0
2698,28.9.15,1132,-1.2216,-0.676,1.9618,0.5867,-0.7149,-0.4393,1.8616,-0.1698,9,2,3,-3.760094279,-2.778994391,0
2699,29.9.15,1127.1,-0.4329,-1.2216,-0.676,1.9618,0.5867,-0.7149,-0.4393,1.8616,9,2,3,0.213235226,1.800583461,1
2700,30.9.15,1115.5,-1.0292,-0.4329,-1.2216,-0.676,1.9618,0.5867,-0.7149,-0.4393,9,2,3,-0.384382652,-0.309527727,1
2701,1.10.15,1114.2,-0.1165,-1.0292,-0.4329,-1.2216,-0.676,1.9618,0.5867,-0.7149,10,2,4,-0.04823241,-0.77622194,1
2702,2.10.15,1137.1,2.0553,-0.1165,-1.0292,-0.4329,-1.2216,-0.676,1.9618,0.5867,10,2,4,5.177171011,1.788107302,0
2703,5.10.15,1138.1,0.0879,2.0553,-0.1165,-1.0292,-0.4329,-1.2216,-0.676,1.9618,10,2,4,2.916691982,1.58102194,0
2704,6.10.15,1146.8,0.7644,0.0879,2.0553,-0.1165,-1.0292,-0.4329,-1.2216,-0.676,10,2,4,1.764109242,4.907048293,0
2705,7.10.15,1149,0.1918,0.7644,0.0879,2.0553,-0.1165,-1.0292,-0.4329,-1.2216,10,2,4,0.682140633,-1.483613073,0
2706,8.10.15,1144.7,-0.3742,0.1918,0.7644,0.0879,2.0553,-0.1165,-1.0292,-0.4329,10,2,4,-2.038781255,3.388410135,0
2707,9.10.15,1156.3,1.0134,-0.3742,0.1918,0.7644,0.0879,2.0553,-0.1165,-1.0292,10,2,4,0.310912346,0.404614124,0
2708,12.10.15,1164.9,0.7437,1.0134,-0.3742,0.1918,0.7644,0.0879,2.0553,-0.1165,10,2,4,0.290970504,-5.097728268,0
2709,13.10.15,1165.8,0.0773,0.7437,1.0134,-0.3742,0.1918,0.7644,0.0879,2.0553,10,2,4,0.26490553,-0.934179705,2
2710,14.10.15,1180.1,1.2266,0.0773,0.7437,1.0134,-0.3742,0.1918,0.7644,0.0879,10,2,4,1.289544983,-0.042864247,2
2711,15.10.15,1187.9,0.661,1.2266,0.0773,0.7437,1.0134,-0.3742,0.1918,0.7644,10,2,4,0.310527553,-0.557457815,2
2712,16.10.15,1183.6,-0.362,0.661,1.2266,0.0773,0.7437,1.0134,-0.3742,0.1918,10,2,4,-0.309566265,1.89736359,2
2713,19.10.15,1173.3,-0.8702,-0.362,0.661,1.2266,0.0773,0.7437,1.0134,-0.3742,10,2,4,-1.695434244,-2.898855228,2
2714,20.10.15,1178,0.4006,-0.8702,-0.362,0.661,1.2266,0.0773,0.7437,1.0134,10,2,4,0.480126715,-0.7409025,2
2715,21.10.15,1167.6,-0.8829,0.4006,-0.8702,-0.362,0.661,1.2266,0.0773,0.7437,10,2,4,-1.314049904,-0.768383052,2
2716,22.10.15,1166.6,-0.0856,-0.8829,0.4006,-0.8702,-0.362,0.661,1.2266,0.0773,10,2,4,0.809122415,0.398230757,2
2717,23.10.15,1163.3,-0.2829,-0.0856,-0.8829,0.4006,-0.8702,-0.362,0.661,1.2266,10,2,4,-0.031600294,-1.718824539,2
2718,26.10.15,1167,0.3181,-0.2829,-0.0856,-0.8829,0.4006,-0.8702,-0.362,0.661,10,2,4,0.51839537,-1.390132182,2
2719,27.10.15,1166.8,-0.0171,0.3181,-0.2829,-0.0856,-0.8829,0.4006,-0.8702,-0.362,10,2,4,-0.264149798,-1.773530667,2
2720,28.10.15,1177.1,0.8827,-0.0171,0.3181,-0.2829,-0.0856,-0.8829,0.4006,-0.8702,10,2,4,2.711567099,6.342587536,2
2721,29.10.15,1147.2,-2.5401,0.8827,-0.0171,0.3181,-0.2829,-0.0856,-0.8829,0.4006,10,2,4,-4.567782601,0.261216261,2
2722,30.10.15,1141.5,-0.4969,-2.5401,0.8827,-0.0171,0.3181,-0.2829,-0.0856,-0.8829,10,2,4,0.141535726,1.150670351,2
2723,2.11.15,1135.8,-0.4993,-0.4969,-2.5401,0.8827,-0.0171,0.3181,-0.2829,-0.0856,11,2,4,-0.98291069,-0.965874139,2
2724,3.11.15,1114.2,-1.9018,-0.4993,-0.4969,-2.5401,0.8827,-0.0171,0.3181,-0.2829,11,2,4,-1.096474864,3.814482357,0
2725,4.11.15,1106.5,-0.6911,-1.9018,-0.4993,-0.4969,-2.5401,0.8827,-0.0171,0.3181,11,2,4,-1.187357022,-3.29854234,0
2726,5.11.15,1104.4,-0.1898,-0.6911,-1.9018,-0.4993,-0.4969,-2.5401,0.8827,-0.0171,11,2,4,-0.497907526,-2.417959713,2
2727,6.11.15,1087.6,-1.5212,-0.1898,-0.6911,-1.9018,-0.4993,-0.4969,-2.5401,0.8827,11,2,4,-1.948224036,-2.013273965,0
2728,9.11.15,1087.9,0.0276,-1.5212,-0.1898,-0.6911,-1.9018,-0.4993,-0.4969,-2.5401,11,2,4,-1.89167036,-0.948299785,0
2729,10.11.15,1088.2,0.0276,0.0276,-1.5212,-0.1898,-0.6911,-1.9018,-0.4993,-0.4969,11,2,4,-0.430019931,0.775017463,0
2730,11.11.15,1084.7,-0.3216,0.0276,0.0276,-1.5212,-0.1898,-0.6911,-1.9018,-0.4993,11,2,4,-0.654777536,-2.895269862,0
2731,12.11.15,1080.8,-0.3595,-0.3216,0.0276,0.0276,-1.5212,-0.1898,-0.6911,-1.9018,11,2,4,-0.266443042,-2.748661302,0
2732,13.11.15,1080.8,0,-0.3595,-0.3216,0.0276,0.0276,-1.5212,-0.1898,-0.6911,11,2,4,-0.147637152,-2.419157656,0
2733,16.11.15,1083.7,0.2683,0,-0.3595,-0.3216,0.0276,0.0276,-1.5212,-0.1898,11,2,4,0.126731317,2.454589982,0
2734,17.11.15,1068.7,-1.3841,0.2683,0,-0.3595,-0.3216,0.0276,0.0276,-1.5212,11,2,4,-0.358622055,-2.563496566,0
2735,18.11.15,1068.8,0.0094,-1.3841,0.2683,0,-0.3595,-0.3216,0.0276,0.0276,11,2,4,-0.635145745,0.196709699,0
2736,19.11.15,1078,0.8608,0.0094,-1.3841,0.2683,0,-0.3595,-0.3216,0.0276,11,2,4,1.150566075,-0.515335177,0
2737,20.11.15,1076.4,-0.1484,0.8608,0.0094,-1.3841,0.2683,0,-0.3595,-0.3216,11,2,4,-0.954919837,-0.370008689,0
2738,23.11.15,1066.8,-0.8919,-0.1484,0.8608,0.0094,-1.3841,0.2683,0,-0.3595,11,2,4,-0.453708563,3.367171654,0
2739,24.11.15,1074.3,0.703,-0.8919,-0.1484,0.8608,0.0094,-1.3841,0.2683,0,11,2,4,0.904428548,2.682632172,0
2740,25.11.15,1070.5,-0.3537,0.703,-0.8919,-0.1484,0.8608,0.0094,-1.3841,0.2683,11,2,4,-0.007053784,0.396552339,0
2741,27.11.15,1056.2,-1.3358,-0.3537,0.703,-0.8919,-0.1484,0.8608,0.0094,-1.3841,11,2,4,-1.129304383,-3.090152887,0
2742,30.11.15,1065.8,0.9089,-1.3358,-0.3537,0.703,-0.8919,-0.1484,0.8608,0.0094,11,2,4,0.299827354,-0.143844545,0
2743,1.12.15,1063.8,-0.1877,0.9089,-1.3358,-0.3537,0.703,-0.8919,-0.1484,0.8608,12,2,4,0.035588003,0.480184732,0
2744,2.12.15,1054.2,-0.9024,-0.1877,0.9089,-1.3358,-0.3537,0.703,-0.8919,-0.1484,12,2,4,-0.540734343,-4.563918559,0
2745,3.12.15,1061.7,0.7114,-0.9024,-0.1877,0.9089,-1.3358,-0.3537,0.703,-0.8919,12,2,4,0.529368038,2.854289543,0
2746,4.12.15,1084.5,2.1475,0.7114,-0.9024,-0.1877,0.9089,-1.3358,-0.3537,0.703,12,2,4,3.216392584,-2.702046156,0
2747,7.12.15,1076.4,-0.7469,2.1475,0.7114,-0.9024,-0.1877,0.9089,-1.3358,-0.3537,12,2,4,-1.365046209,-5.804352324,0
2748,8.12.15,1076.3,-0.0093,-0.7469,2.1475,0.7114,-0.9024,-0.1877,0.9089,-1.3358,12,2,4,-1.509754348,-0.371854445,0
2749,9.12.15,1077.6,0.1208,-0.0093,-0.7469,2.1475,0.7114,-0.9024,-0.1877,0.9089,12,2,4,0.518060864,-0.933080485,0
2750,10.12.15,1073.1,-0.4176,0.1208,-0.0093,-0.7469,2.1475,0.7114,-0.9024,-0.1877,12,2,4,-0.557748671,-1.076430375,0
2751,11.12.15,1076.9,0.3541,-0.4176,0.1208,-0.0093,-0.7469,2.1475,0.7114,-0.9024,12,2,4,-1.604542645,-3.101195434,0
2752,14.12.15,1064.7,-1.1329,0.3541,-0.4176,0.1208,-0.0093,-0.7469,2.1475,0.7114,12,2,4,-1.392595692,1.937120893,0
2753,15.12.15,1062.9,-0.1691,-1.1329,0.3541,-0.4176,0.1208,-0.0093,-0.7469,2.1475,12,2,4,0.54148546,2.864216639,1
2754,16.12.15,1078,1.4206,-0.1691,-1.1329,0.3541,-0.4176,0.1208,-0.0093,-0.7469,12,2,4,3.478898463,-4.899593283,0
2755,17.12.15,1050.8,-2.5232,1.4206,-0.1691,-1.1329,0.3541,-0.4176,0.1208,-0.0093,12,2,4,-3.762841367,-1.60472885,1
2756,18.12.15,1066.2,1.4655,-2.5232,1.4206,-0.1691,-1.1329,0.3541,-0.4176,0.1208,12,2,4,2.901412878,-0.629474151,0
2757,21.12.15,1081.9,1.4725,1.4655,-2.5232,1.4206,-0.1691,-1.1329,0.3541,-0.4176,12,2,4,1.569600276,0.028799702,0
2758,22.12.15,1074.8,-0.6563,1.4725,1.4655,-2.5232,1.4206,-0.1691,-1.1329,0.3541,12,2,4,0.006995346,4.029929889,0
2759,23.12.15,1069.4,-0.5024,-0.6563,1.4725,1.4655,-2.5232,1.4206,-0.1691,-1.1329,12,2,4,-0.174798059,3.763145084,0
2760,24.12.15,1077.2,0.7294,-0.5024,-0.6563,1.4725,1.4655,-2.5232,1.4206,-0.1691,12,2,4,0.644393114,1.599995931,0
2761,28.12.15,1070.5,-0.622,0.7294,-0.5024,-0.6563,1.4725,1.4655,-2.5232,1.4206,12,2,4,-3.451877479,-3.385819298,0
2762,29.12.15,1077.5,0.6539,-0.622,0.7294,-0.5024,-0.6563,1.4725,1.4655,-2.5232,12,2,4,0.317160466,2.879645529,0
2763,30.12.15,1060.1,-1.6149,0.6539,-0.622,0.7294,-0.5024,-0.6563,1.4725,1.4655,12,2,4,-0.740099796,-3.353579333,0
2764,31.12.15,1060.3,0.0189,-1.6149,0.6539,-0.622,0.7294,-0.5024,-0.6563,1.4725,12,2,4,-0.282325979,1.202192513,1
2765,4.1.16,1075.1,1.3958,0.0189,-1.6149,0.6539,-0.622,0.7294,-0.5024,-0.6563,1,1,1,0.304905784,-0.755946509,1
2766,5.1.16,1078.4,0.307,1.3958,0.0189,-1.6149,0.6539,-0.622,0.7294,-0.5024,1,1,1,0.955344617,-2.149067293,0
2767,6.1.16,1091.9,1.2519,0.307,1.3958,0.0189,-1.6149,0.6539,-0.622,0.7294,1,1,1,0.057347623,-5.560188858,0
2768,7.1.16,1107.7,1.447,1.2519,0.307,1.3958,0.0189,-1.6149,0.6539,-0.622,1,1,1,2.708320308,-2.060643915,0
2769,8.1.16,1097.8,-0.8937,1.447,1.2519,0.307,1.3958,0.0189,-1.6149,0.6539,1,1,1,-2.978723716,-0.330630024,0
2770,11.1.16,1096.5,-0.1184,-0.8937,1.447,1.2519,0.307,1.3958,0.0189,-1.6149,1,1,1,-0.381078877,-5.277442726,0
2771,12.1.16,1085.6,-0.9941,-0.1184,-0.8937,1.447,1.2519,0.307,1.3958,0.0189,1,1,1,-0.830023637,-3.088186304,1
2772,13.1.16,1087.5,0.175,-0.9941,-0.1184,-0.8937,1.447,1.2519,0.307,1.3958,1,1,1,2.9476033,0.131402784,1
2773,14.1.16,1073.9,-1.2506,0.175,-0.9941,-0.1184,-0.8937,1.447,1.2519,0.307,1,1,1,-2.884411306,2.362208765,1
2774,15.1.16,1091.5,1.6389,-1.2506,0.175,-0.9941,-0.1184,-0.8937,1.447,1.2519,1,1,1,1.070097941,-5.705130266,1
2775,19.1.16,1089.9,-0.1466,1.6389,-1.2506,0.175,-0.9941,-0.1184,-0.8937,1.447,1,1,1,1.627771788,-3.263089699,1
2776,20.1.16,1107.1,1.5781,-0.1466,1.6389,-1.2506,0.175,-0.9941,-0.1184,-0.8937,1,1,1,0.262230029,-6.711173257,1
2777,21.1.16,1099.1,-0.7226,1.5781,-0.1466,1.6389,-1.2506,0.175,-0.9941,-0.1184,1,1,1,-0.45239364,11.22411124,1
2778,22.1.16,1097.2,-0.1729,-0.7226,1.5781,-0.1466,1.6389,-1.2506,0.175,-0.9941,1,1,1,-0.284030117,9.007781504,1
2779,25.1.16,1106.2,0.8203,-0.1729,-0.7226,1.5781,-0.1466,1.6389,-1.2506,0.175,1,1,1,1.402830925,-5.747121942,1
2780,26.1.16,1121.7,1.4012,0.8203,-0.1729,-0.7226,1.5781,-0.1466,1.6389,-1.2506,1,1,1,2.134830798,3.658538579,1
2781,27.1.16,1116.1,-0.4992,1.4012,0.8203,-0.1729,-0.7226,1.5781,-0.1466,1.6389,1,1,1,-0.715072153,2.702697785,1
2782,28.1.16,1115.6,-0.0448,-0.4992,1.4012,0.8203,-0.1729,-0.7226,1.5781,-0.1466,1,1,1,-1.551246424,2.848303422,1
2783,29.1.16,1116.4,0.0717,-0.0448,-0.4992,1.4012,0.8203,-0.1729,-0.7226,1.5781,1,1,1,0.091449695,1.204086985,1
2784,1.2.16,1127.9,1.0301,0.0717,-0.0448,-0.4992,1.4012,0.8203,-0.1729,-0.7226,2,1,1,0.702792753,-5.948834492,1
2785,2.2.16,1127.3,-0.0532,1.0301,0.0717,-0.0448,-0.4992,1.4012,0.8203,-0.1729,2,1,1,-0.369882395,-5.502851462,1
2786,3.2.16,1141.3,1.2419,-0.0532,1.0301,0.0717,-0.0448,-0.4992,1.4012,0.8203,2,1,1,3.110116583,8.032127463,1
2787,4.2.16,1157.6,1.4282,1.2419,-0.0532,1.0301,0.0717,-0.0448,-0.4992,1.4012,2,1,1,0.788044656,-1.734818733,1
2788,5.2.16,1157.8,0.0173,1.4282,1.2419,-0.0532,1.0301,0.0717,-0.0448,-0.4992,2,1,1,-0.485309392,-2.616645466,1
2789,8.2.16,1197.9,3.4635,0.0173,1.4282,1.2419,-0.0532,1.0301,0.0717,-0.0448,2,1,1,4.416150298,-3.884748719,0
2790,9.2.16,1198.7,0.0668,3.4635,0.0173,1.4282,1.2419,-0.0532,1.0301,0.0717,2,1,1,0.18162868,-5.894240379,0
2791,10.2.16,1194.7,-0.3337,0.0668,3.4635,0.0173,1.4282,1.2419,-0.0532,1.0301,2,1,1,-1.081324879,-1.7537572,1
2792,11.2.16,1247.9,4.453,-0.3337,0.0668,3.4635,0.0173,1.4282,1.2419,-0.0532,2,1,1,3.351437559,-4.517310179,0
2793,12.2.16,1239.1,-0.7052,4.453,-0.3337,0.0668,3.4635,0.0173,1.4282,1.2419,2,1,1,-0.025332258,12.32354659,0
2794,16.2.16,1207.9,-2.518,-0.7052,4.453,-0.3337,0.0668,3.4635,0.0173,1.4282,2,1,1,-2.888814563,-1.358694332,1
2795,17.2.16,1211.1,0.2649,-2.518,-0.7052,4.453,-0.3337,0.0668,3.4635,0.0173,2,1,1,0.280509272,5.578508543,0
2796,18.2.16,1226.1,1.2385,0.2649,-2.518,-0.7052,4.453,-0.3337,0.0668,3.4635,2,1,1,0.357795382,0.358775639,0
2797,19.2.16,1230.4,0.3507,1.2385,0.2649,-2.518,-0.7052,4.453,-0.3337,0.0668,2,1,1,-0.382446458,-3.672411606,0
2798,22.2.16,1209.5,-1.6986,0.3507,1.2385,0.2649,-2.518,-0.7052,4.453,-0.3337,2,1,1,-1.229829056,6.207827903,0
2799,23.2.16,1222.3,1.0583,-1.6986,0.3507,1.2385,0.2649,-2.518,-0.7052,4.453,2,1,1,0.368929154,1.238885968,0
2800,24.2.16,1238.7,1.3417,1.0583,-1.6986,0.3507,1.2385,0.2649,-2.518,-0.7052,2,1,1,0.374139557,0.878571319,0
2801,25.2.16,1238.2,-0.0404,1.3417,1.0583,-1.6986,0.3507,1.2385,0.2649,-2.518,2,1,1,-0.83049867,2.861580483,0
2802,26.2.16,1219.8,-1.486,-0.0404,1.3417,1.0583,-1.6986,0.3507,1.2385,0.2649,2,1,1,-3.138805363,-0.876930506,0
2803,29.2.16,1233.9,1.1559,-1.486,-0.0404,1.3417,1.0583,-1.6986,0.3507,1.2385,2,1,1,1.409216263,2.95912525,0
2804,1.3.16,1230.3,-0.2918,1.1559,-1.486,-0.0404,1.3417,1.0583,-1.6986,0.3507,3,1,1,-1.094254215,1.925930447,0
2805,2.3.16,1241.1,0.8778,-0.2918,1.1559,-1.486,-0.0404,1.3417,1.0583,-1.6986,3,1,1,1.832623779,0.755809041,0
2806,3.3.16,1257.4,1.3134,0.8778,-0.2918,1.1559,-1.486,-0.0404,1.3417,1.0583,3,1,1,0.853158058,-0.259665762,0
2807,4.3.16,1269.9,0.9941,1.3134,0.8778,-0.2918,1.1559,-1.486,-0.0404,1.3417,3,1,1,3.634923049,3.905115667,0
2808,7.3.16,1263.2,-0.5276,0.9941,1.3134,0.8778,-0.2918,1.1559,-1.486,-0.0404,3,1,1,-0.369871895,5.51225907,0
2809,8.3.16,1262.1,-0.0871,-0.5276,0.9941,1.3134,0.8778,-0.2918,1.1559,-1.486,3,1,1,-1.529797851,-3.693935276,0
2810,9.3.16,1256.6,-0.4358,-0.0871,-0.5276,0.9941,1.3134,0.8778,-0.2918,1.1559,3,1,1,-0.188509377,4.904112097,0
2811,10.3.16,1272,1.2255,-0.4358,-0.0871,-0.5276,0.9941,1.3134,0.8778,-0.2918,3,1,1,1.243894435,-1.175243542,0
2812,11.3.16,1258.7,-1.0456,1.2255,-0.4358,-0.0871,-0.5276,0.9941,1.3134,0.8778,3,1,1,0.392389205,1.744185636,0
2813,14.3.16,1244.4,-1.1361,-1.0456,1.2255,-0.4358,-0.0871,-0.5276,0.9941,1.3134,3,1,1,-0.570261421,-3.428570636,0
2814,15.3.16,1230.4,-1.125,-1.1361,-1.0456,1.2255,-0.4358,-0.0871,-0.5276,0.9941,3,1,1,-1.694803071,-2.259279574,0
2815,16.3.16,1229.3,-0.0894,-1.125,-1.1361,-1.0456,1.2255,-0.4358,-0.0871,-0.5276,3,1,1,-0.268766738,5.833789001,0
2816,17.3.16,1264.5,2.8634,-0.0894,-1.125,-1.1361,-1.0456,1.2255,-0.4358,-0.0871,3,1,1,5.310895388,4.524185439,0
2817,18.3.16,1253.8,-0.8462,2.8634,-0.0894,-1.125,-1.1361,-1.0456,1.2255,-0.4358,3,1,1,-1.348143877,-1.890552542,0
2818,21.3.16,1243.8,-0.7976,-0.8462,2.8634,-0.0894,-1.125,-1.1361,-1.0456,1.2255,3,1,1,0.221433936,1.191686707,0
2819,22.3.16,1248.2,0.3537,-0.7976,-0.8462,2.8634,-0.0894,-1.125,-1.1361,-1.0456,3,1,1,0.227259975,3.858684343,0
2820,23.3.16,1223.7,-1.9628,0.3537,-0.7976,-0.8462,2.8634,-0.0894,-1.125,-1.1361,3,1,1,-3.867231379,-4.004824649,0
2821,24.3.16,1221.4,-0.1879,-1.9628,0.3537,-0.7976,-0.8462,2.8634,-0.0894,-1.125,3,1,1,-0.471726083,-0.829358692,0
2822,28.3.16,1219.9,-0.1228,-0.1879,-1.9628,0.3537,-0.7976,-0.8462,2.8634,-0.0894,3,1,1,0.019750243,-0.177394061,0
2823,29.3.16,1235.6,1.287,-0.1228,-0.1879,-1.9628,0.3537,-0.7976,-0.8462,2.8634,3,1,1,0.283007902,-2.817975698,0
2824,30.3.16,1226.9,-0.7041,1.287,-0.1228,-0.1879,-1.9628,0.3537,-0.7976,-0.8462,3,1,1,-0.203453018,0.104495603,0
2825,31.3.16,1234.2,0.595,-0.7041,1.287,-0.1228,-0.1879,-1.9628,0.3537,-0.7976,3,1,1,1.670391323,0.052193262,0
2826,1.4.16,1222.2,-0.9723,0.595,-0.7041,1.287,-0.1228,-0.1879,-1.9628,0.3537,4,1,2,-2.703753042,-4.042773164,0
2827,4.4.16,1218,-0.3436,-0.9723,0.595,-0.7041,1.287,-0.1228,-0.1879,-1.9628,4,1,2,-0.664801416,-2.962761961,0
2828,5.4.16,1228.4,0.8539,-0.3436,-0.9723,0.595,-0.7041,1.287,-0.1228,-0.1879,4,1,2,1.151117165,0.532209027,0
2829,6.4.16,1222.5,-0.4803,0.8539,-0.3436,-0.9723,0.595,-0.7041,1.287,-0.1228,4,1,2,-0.410217503,5.182503878,0
2830,7.4.16,1236.2,1.1207,-0.4803,0.8539,-0.3436,-0.9723,0.595,-0.7041,1.287,4,1,2,0.690938687,-1.298017691,0
2831,8.4.16,1242.5,0.5096,1.1207,-0.4803,0.8539,-0.3436,-0.9723,0.595,-0.7041,4,1,2,1.491157496,6.602262507,0
2832,11.4.16,1256.7,1.1429,0.5096,1.1207,-0.4803,0.8539,-0.3436,-0.9723,0.595,4,1,2,3.848654328,1.611277367,0
2833,12.4.16,1259.4,0.2149,1.1429,0.5096,1.1207,-0.4803,0.8539,-0.3436,-0.9723,4,1,2,1.539998351,4.484632139,0
2834,13.4.16,1246.8,-1.0005,0.2149,1.1429,0.5096,1.1207,-0.4803,0.8539,-0.3436,4,1,2,0.635022474,-0.972254838,0
2835,14.4.16,1225,-1.7485,-1.0005,0.2149,1.1429,0.5096,1.1207,-0.4803,0.8539,4,1,2,-0.943449911,-0.62260137,0
2836,15.4.16,1233.1,0.6612,-1.7485,-1.0005,0.2149,1.1429,0.5096,1.1207,-0.4803,4,1,2,0.865850604,-2.746986481,1
2837,18.4.16,1233.6,0.0405,0.6612,-1.7485,-1.0005,0.2149,1.1429,0.5096,1.1207,4,1,2,-0.367891752,-1.437070917,0
2838,19.4.16,1253,1.5726,0.0405,0.6612,-1.7485,-1.0005,0.2149,1.1429,0.5096,4,1,2,4.424886691,3.267981628,0
2839,20.4.16,1253.2,0.016,1.5726,0.0405,0.6612,-1.7485,-1.0005,0.2149,1.1429,4,1,2,0.960632384,3.773123583,0
2840,21.4.16,1249,-0.3351,0.016,1.5726,0.0405,0.6612,-1.7485,-1.0005,0.2149,4,1,2,-0.262682126,1.290169419,0
2841,22.4.16,1228.7,-1.6253,-0.3351,0.016,1.5726,0.0405,0.6612,-1.7485,-1.0005,4,1,2,-1.112024635,1.273736066,0
2842,25.4.16,1238.9,0.8302,-1.6253,-0.3351,0.016,1.5726,0.0405,0.6612,-1.7485,4,1,2,0.645118684,-2.492568406,0
2843,26.4.16,1242.2,0.2664,0.8302,-1.6253,-0.3351,0.016,1.5726,0.0405,0.6612,4,1,2,0.593953217,3.283305689,0
2844,27.4.16,1249.2,0.5635,0.2664,0.8302,-1.6253,-0.3351,0.016,1.5726,0.0405,4,1,2,1.052252943,2.929157331,0
2845,28.4.16,1265.5,1.3048,0.5635,0.2664,0.8302,-1.6253,-0.3351,0.016,1.5726,4,1,2,1.544603779,1.544224399,0
2846,29.4.16,1289.2,1.8728,1.3048,0.5635,0.2664,0.8302,-1.6253,-0.3351,0.016,4,1,2,1.344499902,-0.238975914,0
2847,2.5.16,1294.7,0.4266,1.8728,1.3048,0.5635,0.2664,0.8302,-1.6253,-0.3351,5,1,2,-0.747649803,-2.482577167,0
2848,3.5.16,1290.7,-0.309,0.4266,1.8728,1.3048,0.5635,0.2664,0.8302,-1.6253,5,1,2,-1.030806554,-2.523441903,2
2849,4.5.16,1273.3,-1.3481,-0.309,0.4266,1.8728,1.3048,0.5635,0.2664,0.8302,5,1,2,-1.127392086,0.297817294,0
2850,5.5.16,1271.4,-0.1492,-1.3481,-0.309,0.4266,1.8728,1.3048,0.5635,0.2664,5,1,2,0.144698836,1.233442052,2
2851,6.5.16,1292.9,1.691,-0.1492,-1.3481,-0.309,0.4266,1.8728,1.3048,0.5635,5,1,2,1.184833679,0.767148364,2
2852,9.5.16,1265.6,-2.1115,1.691,-0.1492,-1.3481,-0.309,0.4266,1.8728,1.3048,5,1,2,-2.496145973,-2.73175375,2
2853,10.5.16,1263.9,-0.1343,-2.1115,1.691,-0.1492,-1.3481,-0.309,0.4266,1.8728,5,1,2,0.029297412,2.808474354,2
2854,11.5.16,1274.6,0.8466,-0.1343,-2.1115,1.691,-0.1492,-1.3481,-0.309,0.4266,5,1,2,1.32942473,3.515449396,2
2855,12.5.16,1270.3,-0.3374,0.8466,-0.1343,-2.1115,1.691,-0.1492,-1.3481,-0.309,5,1,2,-1.242631788,1.016658502,0
2856,13.5.16,1271.9,0.126,-0.3374,0.8466,-0.1343,-2.1115,1.691,-0.1492,-1.3481,5,1,2,0.163866554,-1.049254112,0
2857,16.5.16,1273.4,0.1179,0.126,-0.3374,0.8466,-0.1343,-2.1115,1.691,-0.1492,5,1,2,0.157758853,3.267695664,0
2858,17.5.16,1276.2,0.2199,0.1179,0.126,-0.3374,0.8466,-0.1343,-2.1115,1.691,5,1,2,0.542529523,1.236379165,0
,,,,,,,,,,,,,,,,
,,,,,,,,,,,,,,,,
,,,,,,,,,,,,,,,,
,,,,,,,,,,,,,,,,
,,,,,,,,,,,,,,,,
,,,,,,,,,,,,,,,,
,,,,,,,,,,,,,,,,
,,,,,,,,,,,,,,,,
,,,,,,,,,,,,,,,,
,,,,,,,,,,,,,,,,
,,,,,,,,,,,,,,,,
,,,,,,,,,,,,,,,,
,,,,,,,,,,,,,,,,
,,,,,,,,,,,,,,,,
,,,,,,,,,,,,,,,,
,,,,,,,,,,,,,,,,
,,,,,,,,,,,,,,,,
,,,,,,,,,,,,,,,,
,,,,,,,,,,,,,,,,
,,,,,,,,,,,,,,,,
,,,,,,,,,,,,,,,,
,,,,,,,,,,,,,,,,
,,,,,,,,,,,,,,,,
,,,,,,,,,,,,,,,,
,,,,,,,,,,,,,,,,
,,,,,,,,,,,,,,,,
,,,,,,,,,,,,,,,,
,,,,,,,,,,,,,,,,
,,,,,,,,,,,,,,,,
,,,,,,,,,,,,,,,,
,,,,,,,,,,,,,,,,
,,,,,,,,,,,,,,,,
,,,,,,,,,,,,,,,,
,,,,,,,,,,,,,,,,
,,,,,,,,,,,,,,,,
,,,,,,,,,,,,,,,,
,,,,,,,,,,,,,,,,
,,,,,,,,,,,,,,,,
,,,,,,,,,,,,,,,,
,,,,,,,,,,,,,,,,
,,,,,,,,,,,,,,,,
,,,,,,,,,,,,,,,,
,,,,,,,,,,,,,,,,
,,,,,,,,,,,,,,,,
,,,,,,,,,,,,,,,,
,,,,,,,,,,,,,,,,
,,,,,,,,,,,,,,,,
,,,,,,,,,,,,,,,,
,,,,,,,,,,,,,,,,
,,,,,,,,,,,,,,,,
,,,,,,,,,,,,,,,,
,,,,,,,,,,,,,,,,
,,,,,,,,,,,,,,,,
,,,,,,,,,,,,,,,,
,,,,,,,,,,,,,,,,
,,,,,,,,,,,,,,,,
,,,,,,,,,,,,,,,,
,,,,,,,,,,,,,,,,
,,,,,,,,,,,,,,,,
,,,,,,,,,,,,,,,,
,,,,,,,,,,,,,,,,
,,,,,,,,,,,,,,,,
,,,,,,,,,,,,,,,,
,,,,,,,,,,,,,,,,
,,,,,,,,,,,,,,,,
,,,,,,,,,,,,,,,,
,,,,,,,,,,,,,,,,
,,,,,,,,,,,,,,,,
,,,,,,,,,,,,,,,,
,,,,,,,,,,,,,,,,
,,,,,,,,,,,,,,,,
,,,,,,,,,,,,,,,,
,,,,,,,,,,,,,,,,
,,,,,,,,,,,,,,,,
,,,,,,,,,,,,,,,,
,,,,,,,,,,,,,,,,
,,,,,,,,,,,,,,,,
,,,,,,,,,,,,,,,,
,,,,,,,,,,,,,,,,
,,,,,,,,,,,,,,,,
,,,,,,,,,,,,,,,,
,,,,,,,,,,,,,,,,
,,,,,,,,,,,,,,,,
,,,,,,,,,,,,,,,,
,,,,,,,,,,,,,,,,
,,,,,,,,,,,,,,,,
,,,,,,,,,,,,,,,,
,,,,,,,,,,,,,,,,
,,,,,,,,,,,,,,,,
,,,,,,,,,,,,,,,,
,,,,,,,,,,,,,,,,
,,,,,,,,,,,,,,,,
,,,,,,,,,,,,,,,,
,,,,,,,,,,,,,,,,
,,,,,,,,,,,,,,,,
,,,,,,,,,,,,,,,,
,,,,,,,,,,,,,,,,
,,,,,,,,,,,,,,,,
,,,,,,,,,,,,,,,,
,,,,,,,,,,,,,,,,
,,,,,,,,,,,,,,,,
,,,,,,,,,,,,,,,,
,,,,,,,,,,,,,,,,
,,,,,,,,,,,,,,,,
,,,,,,,,,,,,,,,,
,,,,,,,,,,,,,,,,
,,,,,,,,,,,,,,,,
,,,,,,,,,,,,,,,,
,,,,,,,,,,,,,,,,
,,,,,,,,,,,,,,,,
,,,,,,,,,,,,,,,,
,,,,,,,,,,,,,,,,
,,,,,,,,,,,,,,,,
,,,,,,,,,,,,,,,,
,,,,,,,,,,,,,,,,
,,,,,,,,,,,,,,,,
,,,,,,,,,,,,,,,,
,,,,,,,,,,,,,,,,
,,,,,,,,,,,,,,,,
,,,,,,,,,,,,,,,,
,,,,,,,,,,,,,,,,
,,,,,,,,,,,,,,,,
,,,,,,,,,,,,,,,,
,,,,,,,,,,,,,,,,
,,,,,,,,,,,,,,,,
,,,,,,,,,,,,,,,,
,,,,,,,,,,,,,,,,
,,,,,,,,,,,,,,,,
,,,,,,,,,,,,,,,,
,,,,,,,,,,,,,,,,
,,,,,,,,,,,,,,,,
,,,,,,,,,,,,,,,,
,,,,,,,,,,,,,,,,
,,,,,,,,,,,,,,,,
,,,,,,,,,,,,,,,,
,,,,,,,,,,,,,,,,
,,,,,,,,,,,,,,,,
,,,,,,,,,,,,,,,,
,,,,,,,,,,,,,,,,
,,,,,,,,,,,,,,,,
,,,,,,,,,,,,,,,,
,,,,,,,,,,,,,,,,
,,,,,,,,,,,,,,,,
,,,,,,,,,,,,,,,,
,,,,,,,,,,,,,,,,
,,,,,,,,,,,,,,,,
,,,,,,,,,,,,,,,,
,,,,,,,,,,,,,,,,
,,,,,,,,,,,,,,,,
,,,,,,,,,,,,,,,,
,,,,,,,,,,,,,,,,
,,,,,,,,,,,,,,,,
,,,,,,,,,,,,,,,,
,,,,,,,,,,,,,,,,
,,,,,,,,,,,,,,,,
,,,,,,,,,,,,,,,,
,,,,,,,,,,,,,,,,
,,,,,,,,,,,,,,,,
,,,,,,,,,,,,,,,,
,,,,,,,,,,,,,,,,
,,,,,,,,,,,,,,,,
,,,,,,,,,,,,,,,,
,,,,,,,,,,,,,,,,
,,,,,,,,,,,,,,,,
,,,,,,,,,,,,,,,,
,,,,,,,,,,,,,,,,
,,,,,,,,,,,,,,,,
,,,,,,,,,,,,,,,,
,,,,,,,,,,,,,,,,
,,,,,,,,,,,,,,,,
,,,,,,,,,,,,,,,,
,,,,,,,,,,,,,,,,
,,,,,,,,,,,,,,,,
,,,,,,,,,,,,,,,,
,,,,,,,,,,,,,,,,
,,,,,,,,,,,,,,,,
,,,,,,,,,,,,,,,,
,,,,,,,,,,,,,,,,
,,,,,,,,,,,,,,,,
,,,,,,,,,,,,,,,,
,,,,,,,,,,,,,,,,
,,,,,,,,,,,,,,,,
,,,,,,,,,,,,,,,,
,,,,,,,,,,,,,,,,
,,,,,,,,,,,,,,,,
,,,,,,,,,,,,,,,,
,,,,,,,,,,,,,,,,
,,,,,,,,,,,,,,,,
,,,,,,,,,,,,,,,,
,,,,,,,,,,,,,,,,
,,,,,,,,,,,,,,,,
,,,,,,,,,,,,,,,,
,,,,,,,,,,,,,,,,
,,,,,,,,,,,,,,,,
,,,,,,,,,,,,,,,,
,,,,,,,,,,,,,,,,
,,,,,,,,,,,,,,,,
,,,,,,,,,,,,,,,,
,,,,,,,,,,,,,,,,
,,,,,,,,,,,,,,,,
,,,,,,,,,,,,,,,,
,,,,,,,,,,,,,,,,
,,,,,,,,,,,,,,,,
,,,,,,,,,,,,,,,,
,,,,,,,,,,,,,,,,
,,,,,,,,,,,,,,,,
,,,,,,,,,,,,,,,,
,,,,,,,,,,,,,,,,
,,,,,,,,,,,,,,,,
,,,,,,,,,,,,,,,,
,,,,,,,,,,,,,,,,
,,,,,,,,,,,,,,,,
,,,,,,,,,,,,,,,,
,,,,,,,,,,,,,,,,
,,,,,,,,,,,,,,,,
,,,,,,,,,,,,,,,,
,,,,,,,,,,,,,,,,
,,,,,,,,,,,,,,,,
,,,,,,,,,,,,,,,,
,,,,,,,,,,,,,,,,
,,,,,,,,,,,,,,,,
,,,,,,,,,,,,,,,,
,,,,,,,,,,,,,,,,
,,,,,,,,,,,,,,,,
,,,,,,,,,,,,,,,,
,,,,,,,,,,,,,,,,
,,,,,,,,,,,,,,,,
,,,,,,,,,,,,,,,,
,,,,,,,,,,,,,,,,
,,,,,,,,,,,,,,,,
,,,,,,,,,,,,,,,,
,,,,,,,,,,,,,,,,
,,,,,,,,,,,,,,,,
,,,,,,,,,,,,,,,,
,,,,,,,,,,,,,,,,
,,,,,,,,,,,,,,,,
,,,,,,,,,,,,,,,,
,,,,,,,,,,,,,,,,
,,,,,,,,,,,,,,,,
,,,,,,,,,,,,,,,,
,,,,,,,,,,,,,,,,
,,,,,,,,,,,,,,,,
,,,,,,,,,,,,,,,,
,,,,,,,,,,,,,,,,
,,,,,,,,,,,,,,,,
,,,,,,,,,,,,,,,,
,,,,,,,,,,,,,,,,
,,,,,,,,,,,,,,,,
,,,,,,,,,,,,,,,,
,,,,,,,,,,,,,,,,
,,,,,,,,,,,,,,,,
,,,,,,,,,,,,,,,,
,,,,,,,,,,,,,,,,
,,,,,,,,,,,,,,,,
,,,,,,,,,,,,,,,,
,,,,,,,,,,,,,,,,
,,,,,,,,,,,,,,,,
,,,,,,,,,,,,,,,,
,,,,,,,,,,,,,,,,
,,,,,,,,,,,,,,,,
,,,,,,,,,,,,,,,,
,,,,,,,,,,,,,,,,
,,,,,,,,,,,,,,,,
,,,,,,,,,,,,,,,,
,,,,,,,,,,,,,,,,
,,,,,,,,,,,,,,,,
,,,,,,,,,,,,,,,,
,,,,,,,,,,,,,,,,
,,,,,,,,,,,,,,,,
,,,,,,,,,,,,,,,,
,,,,,,,,,,,,,,,,
,,,,,,,,,,,,,,,,
,,,,,,,,,,,,,,,,
,,,,,,,,,,,,,,,,
,,,,,,,,,,,,,,,,
,,,,,,,,,,,,,,,,
,,,,,,,,,,,,,,,,
,,,,,,,,,,,,,,,,
,,,,,,,,,,,,,,,,
,,,,,,,,,,,,,,,,
,,,,,,,,,,,,,,,,
,,,,,,,,,,,,,,,,
,,,,,,,,,,,,,,,,
,,,,,,,,,,,,,,,,
,,,,,,,,,,,,,,,,
,,,,,,,,,,,,,,,,
,,,,,,,,,,,,,,,,
,,,,,,,,,,,,,,,,
,,,,,,,,,,,,,,,,
,,,,,,,,,,,,,,,,
,,,,,,,,,,,,,,,,
,,,,,,,,,,,,,,,,
,,,,,,,,,,,,,,,,
,,,,,,,,,,,,,,,,
,,,,,,,,,,,,,,,,
,,,,,,,,,,,,,,,,
,,,,,,,,,,,,,,,,
,,,,,,,,,,,,,,,,
,,,,,,,,,,,,,,,,
,,,,,,,,,,,,,,,,
,,,,,,,,,,,,,,,,
,,,,,,,,,,,,,,,,
,,,,,,,,,,,,,,,,
,,,,,,,,,,,,,,,,
,,,,,,,,,,,,,,,,
,,,,,,,,,,,,,,,,
,,,,,,,,,,,,,,,,
,,,,,,,,,,,,,,,,
,,,,,,,,,,,,,,,,
,,,,,,,,,,,,,,,,
,,,,,,,,,,,,,,,,
,,,,,,,,,,,,,,,,
,,,,,,,,,,,,,,,,
,,,,,,,,,,,,,,,,
,,,,,,,,,,,,,,,,
,,,,,,,,,,,,,,,,
,,,,,,,,,,,,,,,,
,,,,,,,,,,,,,,,,
,,,,,,,,,,,,,,,,
,,,,,,,,,,,,,,,,
,,,,,,,,,,,,,,,,
,,,,,,,,,,,,,,,,
,,,,,,,,,,,,,,,,
,,,,,,,,,,,,,,,,
,,,,,,,,,,,,,,,,
,,,,,,,,,,,,,,,,
,,,,,,,,,,,,,,,,
,,,,,,,,,,,,,,,,
,,,,,,,,,,,,,,,,
,,,,,,,,,,,,,,,,
,,,,,,,,,,,,,,,,
,,,,,,,,,,,,,,,,
,,,,,,,,,,,,,,,,
,,,,,,,,,,,,,,,,
,,,,,,,,,,,,,,,,
,,,,,,,,,,,,,,,,
,,,,,,,,,,,,,,,,
,,,,,,,,,,,,,,,,
,,,,,,,,,,,,,,,,
,,,,,,,,,,,,,,,,
,,,,,,,,,,,,,,,,
,,,,,,,,,,,,,,,,
,,,,,,,,,,,,,,,,
,,,,,,,,,,,,,,,,
,,,,,,,,,,,,,,,,
,,,,,,,,,,,,,,,,
,,,,,,,,,,,,,,,,
,,,,,,,,,,,,,,,,
,,,,,,,,,,,,,,,,
,,,,,,,,,,,,,,,,
,,,,,,,,,,,,,,,,
,,,,,,,,,,,,,,,,
,,,,,,,,,,,,,,,,
,,,,,,,,,,,,,,,,
,,,,,,,,,,,,,,,,
,,,,,,,,,,,,,,,,
,,,,,,,,,,,,,,,,
,,,,,,,,,,,,,,,,
,,,,,,,,,,,,,,,,
,,,,,,,,,,,,,,,,
,,,,,,,,,,,,,,,,
,,,,,,,,,,,,,,,,
,,,,,,,,,,,,,,,,
,,,,,,,,,,,,,,,,
,,,,,,,,,,,,,,,,
,,,,,,,,,,,,,,,,
,,,,,,,,,,,,,,,,
,,,,,,,,,,,,,,,,
,,,,,,,,,,,,,,,,
,,,,,,,,,,,,,,,,
,,,,,,,,,,,,,,,,
,,,,,,,,,,,,,,,,
,,,,,,,,,,,,,,,,
,,,,,,,,,,,,,,,,
,,,,,,,,,,,,,,,,
,,,,,,,,,,,,,,,,
,,,,,,,,,,,,,,,,
,,,,,,,,,,,,,,,,
,,,,,,,,,,,,,,,,
,,,,,,,,,,,,,,,,
,,,,,,,,,,,,,,,,
,,,,,,,,,,,,,,,,
,,,,,,,,,,,,,,,,
,,,,,,,,,,,,,,,,
,,,,,,,,,,,,,,,,
,,,,,,,,,,,,,,,,
,,,,,,,,,,,,,,,,
,,,,,,,,,,,,,,,,
,,,,,,,,,,,,,,,,
,,,,,,,,,,,,,,,,
,,,,,,,,,,,,,,,,
,,,,,,,,,,,,,,,,
,,,,,,,,,,,,,,,,
,,,,,,,,,,,,,,,,
,,,,,,,,,,,,,,,,
,,,,,,,,,,,,,,,,
,,,,,,,,,,,,,,,,
,,,,,,,,,,,,,,,,
,,,,,,,,,,,,,,,,
,,,,,,,,,,,,,,,,
,,,,,,,,,,,,,,,,
,,,,,,,,,,,,,,,,
,,,,,,,,,,,,,,,,
,,,,,,,,,,,,,,,,
,,,,,,,,,,,,,,,,
,,,,,,,,,,,,,,,,
,,,,,,,,,,,,,,,,
,,,,,,,,,,,,,,,,
,,,,,,,,,,,,,,,,
,,,,,,,,,,,,,,,,
,,,,,,,,,,,,,,,,
,,,,,,,,,,,,,,,,
,,,,,,,,,,,,,,,,
,,,,,,,,,,,,,,,,
,,,,,,,,,,,,,,,,
,,,,,,,,,,,,,,,,
,,,,,,,,,,,,,,,,
,,,,,,,,,,,,,,,,
,,,,,,,,,,,,,,,,
,,,,,,,,,,,,,,,,
,,,,,,,,,,,,,,,,
,,,,,,,,,,,,,,,,
,,,,,,,,,,,,,,,,
,,,,,,,,,,,,,,,,
,,,,,,,,,,,,,,,,
,,,,,,,,,,,,,,,,
,,,,,,,,,,,,,,,,
,,,,,,,,,,,,,,,,
,,,,,,,,,,,,,,,,
,,,,,,,,,,,,,,,,
,,,,,,,,,,,,,,,,
,,,,,,,,,,,,,,,,
,,,,,,,,,,,,,,,,
,,,,,,,,,,,,,,,,
,,,,,,,,,,,,,,,,
,,,,,,,,,,,,,,,,
,,,,,,,,,,,,,,,,
,,,,,,,,,,,,,,,,
,,,,,,,,,,,,,,,,
,,,,,,,,,,,,,,,,
,,,,,,,,,,,,,,,,
,,,,,,,,,,,,,,,,
,,,,,,,,,,,,,,,,
,,,,,,,,,,,,,,,,
,,,,,,,,,,,,,,,,
,,,,,,,,,,,,,,,,
,,,,,,,,,,,,,,,,
,,,,,,,,,,,,,,,,
,,,,,,,,,,,,,,,,
,,,,,,,,,,,,,,,,
,,,,,,,,,,,,,,,,
,,,,,,,,,,,,,,,,
,,,,,,,,,,,,,,,,
,,,,,,,,,,,,,,,,
,,,,,,,,,,,,,,,,
,,,,,,,,,,,,,,,,
,,,,,,,,,,,,,,,,
,,,,,,,,,,,,,,,,
,,,,,,,,,,,,,,,,
,,,,,,,,,,,,,,,,
,,,,,,,,,,,,,,,,
,,,,,,,,,,,,,,,,
,,,,,,,,,,,,,,,,
,,,,,,,,,,,,,,,,
,,,,,,,,,,,,,,,,
,,,,,,,,,,,,,,,,
,,,,,,,,,,,,,,,,
,,,,,,,,,,,,,,,,
,,,,,,,,,,,,,,,,
,,,,,,,,,,,,,,,,
,,,,,,,,,,,,,,,,
,,,,,,,,,,,,,,,,
,,,,,,,,,,,,,,,,
,,,,,,,,,,,,,,,,
,,,,,,,,,,,,,,,,
,,,,,,,,,,,,,,,,
,,,,,,,,,,,,,,,,
,,,,,,,,,,,,,,,,
,,,,,,,,,,,,,,,,
,,,,,,,,,,,,,,,,
,,,,,,,,,,,,,,,,
,,,,,,,,,,,,,,,,
,,,,,,,,,,,,,,,,
,,,,,,,,,,,,,,,,
,,,,,,,,,,,,,,,,
,,,,,,,,,,,,,,,,
,,,,,,,,,,,,,,,,
,,,,,,,,,,,,,,,,
,,,,,,,,,,,,,,,,
,,,,,,,,,,,,,,,,
,,,,,,,,,,,,,,,,
,,,,,,,,,,,,,,,,
,,,,,,,,,,,,,,,,
,,,,,,,,,,,,,,,,
,,,,,,,,,,,,,,,,
,,,,,,,,,,,,,,,,
,,,,,,,,,,,,,,,,
,,,,,,,,,,,,,,,,
,,,,,,,,,,,,,,,,
,,,,,,,,,,,,,,,,
,,,,,,,,,,,,,,,,
,,,,,,,,,,,,,,,,
,,,,,,,,,,,,,,,,
,,,,,,,,,,,,,,,,
,,,,,,,,,,,,,,,,
,,,,,,,,,,,,,,,,
,,,,,,,,,,,,,,,,
,,,,,,,,,,,,,,,,
,,,,,,,,,,,,,,,,
,,,,,,,,,,,,,,,,
,,,,,,,,,,,,,,,,
,,,,,,,,,,,,,,,,
,,,,,,,,,,,,,,,,
,,,,,,,,,,,,,,,,
,,,,,,,,,,,,,,,,
,,,,,,,,,,,,,,,,
,,,,,,,,,,,,,,,,
,,,,,,,,,,,,,,,,
,,,,,,,,,,,,,,,,
,,,,,,,,,,,,,,,,
,,,,,,,,,,,,,,,,
,,,,,,,,,,,,,,,,
,,,,,,,,,,,,,,,,
,,,,,,,,,,,,,,,,
,,,,,,,,,,,,,,,,
,,,,,,,,,,,,,,,,
,,,,,,,,,,,,,,,,
,,,,,,,,,,,,,,,,
,,,,,,,,,,,,,,,,
,,,,,,,,,,,,,,,,
,,,,,,,,,,,,,,,,
,,,,,,,,,,,,,,,,
,,,,,,,,,,,,,,,,
,,,,,,,,,,,,,,,,
,,,,,,,,,,,,,,,,
,,,,,,,,,,,,,,,,
,,,,,,,,,,,,,,,,
,,,,,,,,,,,,,,,,
,,,,,,,,,,,,,,,,
,,,,,,,,,,,,,,,,
,,,,,,,,,,,,,,,,
,,,,,,,,,,,,,,,,
,,,,,,,,,,,,,,,,
,,,,,,,,,,,,,,,,
,,,,,,,,,,,,,,,,
,,,,,,,,,,,,,,,,
,,,,,,,,,,,,,,,,
,,,,,,,,,,,,,,,,
,,,,,,,,,,,,,,,,
,,,,,,,,,,,,,,,,
,,,,,,,,,,,,,,,,
,,,,,,,,,,,,,,,,
,,,,,,,,,,,,,,,,
,,,,,,,,,,,,,,,,
,,,,,,,,,,,,,,,,
,,,,,,,,,,,,,,,,
,,,,,,,,,,,,,,,,
,,,,,,,,,,,,,,,,
,,,,,,,,,,,,,,,,
,,,,,,,,,,,,,,,,
,,,,,,,,,,,,,,,,
,,,,,,,,,,,,,,,,
,,,,,,,,,,,,,,,,
,,,,,,,,,,,,,,,,
,,,,,,,,,,,,,,,,
,,,,,,,,,,,,,,,,
,,,,,,,,,,,,,,,,
,,,,,,,,,,,,,,,,
,,,,,,,,,,,,,,,,
,,,,,,,,,,,,,,,,
,,,,,,,,,,,,,,,,
,,,,,,,,,,,,,,,,
,,,,,,,,,,,,,,,,
,,,,,,,,,,,,,,,,
,,,,,,,,,,,,,,,,
,,,,,,,,,,,,,,,,
,,,,,,,,,,,,,,,,
,,,,,,,,,,,,,,,,
,,,,,,,,,,,,,,,,
,,,,,,,,,,,,,,,,
,,,,,,,,,,,,,,,,
,,,,,,,,,,,,,,,,
,,,,,,,,,,,,,,,,
,,,,,,,,,,,,,,,,
,,,,,,,,,,,,,,,,
,,,,,,,,,,,,,,,,
,,,,,,,,,,,,,,,,
,,,,,,,,,,,,,,,,
,,,,,,,,,,,,,,,,
,,,,,,,,,,,,,,,,
,,,,,,,,,,,,,,,,
,,,,,,,,,,,,,,,,
,,,,,,,,,,,,,,,,
,,,,,,,,,,,,,,,,
,,,,,,,,,,,,,,,,
,,,,,,,,,,,,,,,,
,,,,,,,,,,,,,,,,
,,,,,,,,,,,,,,,,
,,,,,,,,,,,,,,,,
,,,,,,,,,,,,,,,,
,,,,,,,,,,,,,,,,
,,,,,,,,,,,,,,,,
,,,,,,,,,,,,,,,,
,,,,,,,,,,,,,,,,
,,,,,,,,,,,,,,,,
,,,,,,,,,,,,,,,,
,,,,,,,,,,,,,,,,
,,,,,,,,,,,,,,,,
,,,,,,,,,,,,,,,,
,,,,,,,,,,,,,,,,
,,,,,,,,,,,,,,,,
,,,,,,,,,,,,,,,,
,,,,,,,,,,,,,,,,
,,,,,,,,,,,,,,,,
,,,,,,,,,,,,,,,,
,,,,,,,,,,,,,,,,
,,,,,,,,,,,,,,,,
,,,,,,,,,,,,,,,,
,,,,,,,,,,,,,,,,
,,,,,,,,,,,,,,,,
,,,,,,,,,,,,,,,,
,,,,,,,,,,,,,,,,
,,,,,,,,,,,,,,,,
,,,,,,,,,,,,,,,,
,,,,,,,,,,,,,,,,
,,,,,,,,,,,,,,,,
,,,,,,,,,,,,,,,,
,,,,,,,,,,,,,,,,
,,,,,,,,,,,,,,,,
,,,,,,,,,,,,,,,,
,,,,,,,,,,,,,,,,
,,,,,,,,,,,,,,,,
,,,,,,,,,,,,,,,,
,,,,,,,,,,,,,,,,
,,,,,,,,,,,,,,,,
,,,,,,,,,,,,,,,,
,,,,,,,,,,,,,,,,
,,,,,,,,,,,,,,,,
,,,,,,,,,,,,,,,,
,,,,,,,,,,,,,,,,
,,,,,,,,,,,,,,,,
,,,,,,,,,,,,,,,,
,,,,,,,,,,,,,,,,
,,,,,,,,,,,,,,,,
,,,,,,,,,,,,,,,,
,,,,,,,,,,,,,,,,
,,,,,,,,,,,,,,,,
,,,,,,,,,,,,,,,,
,,,,,,,,,,,,,,,,
,,,,,,,,,,,,,,,,
,,,,,,,,,,,,,,,,
,,,,,,,,,,,,,,,,
,,,,,,,,,,,,,,,,
,,,,,,,,,,,,,,,,
,,,,,,,,,,,,,,,,
,,,,,,,,,,,,,,,,
,,,,,,,,,,,,,,,,
,,,,,,,,,,,,,,,,
,,,,,,,,,,,,,,,,
,,,,,,,,,,,,,,,,
,,,,,,,,,,,,,,,,
,,,,,,,,,,,,,,,,
,,,,,,,,,,,,,,,,
,,,,,,,,,,,,,,,,
,,,,,,,,,,,,,,,,
,,,,,,,,,,,,,,,,
,,,,,,,,,,,,,,,,
,,,,,,,,,,,,,,,,
,,,,,,,,,,,,,,,,
,,,,,,,,,,,,,,,,
,,,,,,,,,,,,,,,,
,,,,,,,,,,,,,,,,
,,,,,,,,,,,,,,,,
,,,,,,,,,,,,,,,,
,,,,,,,,,,,,,,,,
,,,,,,,,,,,,,,,,
,,,,,,,,,,,,,,,,
,,,,,,,,,,,,,,,,
,,,,,,,,,,,,,,,,
,,,,,,,,,,,,,,,,
,,,,,,,,,,,,,,,,
,,,,,,,,,,,,,,,,
,,,,,,,,,,,,,,,,
,,,,,,,,,,,,,,,,
,,,,,,,,,,,,,,,,
,,,,,,,,,,,,,,,,
,,,,,,,,,,,,,,,,
,,,,,,,,,,,,,,,,
,,,,,,,,,,,,,,,,
,,,,,,,,,,,,,,,,
,,,,,,,,,,,,,,,,
,,,,,,,,,,,,,,,,
,,,,,,,,,,,,,,,,
,,,,,,,,,,,,,,,,
,,,,,,,,,,,,,,,,
,,,,,,,,,,,,,,,,
,,,,,,,,,,,,,,,,
,,,,,,,,,,,,,,,,
,,,,,,,,,,,,,,,,
,,,,,,,,,,,,,,,,
,,,,,,,,,,,,,,,,
,,,,,,,,,,,,,,,,
,,,,,,,,,,,,,,,,
,,,,,,,,,,,,,,,,
,,,,,,,,,,,,,,,,
,,,,,,,,,,,,,,,,
,,,,,,,,,,,,,,,,
,,,,,,,,,,,,,,,,
,,,,,,,,,,,,,,,,
,,,,,,,,,,,,,,,,
,,,,,,,,,,,,,,,,
,,,,,,,,,,,,,,,,
,,,,,,,,,,,,,,,,
,,,,,,,,,,,,,,,,
,,,,,,,,,,,,,,,,
,,,,,,,,,,,,,,,,
,,,,,,,,,,,,,,,,
,,,,,,,,,,,,,,,,
,,,,,,,,,,,,,,,,
,,,,,,,,,,,,,,,,
,,,,,,,,,,,,,,,,
,,,,,,,,,,,,,,,,
,,,,,,,,,,,,,,,,
,,,,,,,,,,,,,,,,
,,,,,,,,,,,,,,,,
,,,,,,,,,,,,,,,,
,,,,,,,,,,,,,,,,
,,,,,,,,,,,,,,,,
,,,,,,,,,,,,,,,,
,,,,,,,,,,,,,,,,
,,,,,,,,,,,,,,,,
,,,,,,,,,,,,,,,,
,,,,,,,,,,,,,,,,
,,,,,,,,,,,,,,,,
,,,,,,,,,,,,,,,,
,,,,,,,,,,,,,,,,
,,,,,,,,,,,,,,,,
,,,,,,,,,,,,,,,,
,,,,,,,,,,,,,,,,
,,,,,,,,,,,,,,,,
,,,,,,,,,,,,,,,,
,,,,,,,,,,,,,,,,
,,,,,,,,,,,,,,,,
,,,,,,,,,,,,,,,,
,,,,,,,,,,,,,,,,
,,,,,,,,,,,,,,,,
,,,,,,,,,,,,,,,,
,,,,,,,,,,,,,,,,
,,,,,,,,,,,,,,,,
,,,,,,,,,,,,,,,,
,,,,,,,,,,,,,,,,
,,,,,,,,,,,,,,,,
,,,,,,,,,,,,,,,,
,,,,,,,,,,,,,,,,
,,,,,,,,,,,,,,,,
,,,,,,,,,,,,,,,,
,,,,,,,,,,,,,,,,
,,,,,,,,,,,,,,,,
,,,,,,,,,,,,,,,,
,,,,,,,,,,,,,,,,
,,,,,,,,,,,,,,,,
,,,,,,,,,,,,,,,,
,,,,,,,,,,,,,,,,
,,,,,,,,,,,,,,,,
,,,,,,,,,,,,,,,,
,,,,,,,,,,,,,,,,
,,,,,,,,,,,,,,,,
,,,,,,,,,,,,,,,,
,,,,,,,,,,,,,,,,
,,,,,,,,,,,,,,,,
,,,,,,,,,,,,,,,,
,,,,,,,,,,,,,,,,
,,,,,,,,,,,,,,,,
,,,,,,,,,,,,,,,,
,,,,,,,,,,,,,,,,
,,,,,,,,,,,,,,,,
,,,,,,,,,,,,,,,,
,,,,,,,,,,,,,,,,
,,,,,,,,,,,,,,,,
,,,,,,,,,,,,,,,,
,,,,,,,,,,,,,,,,
,,,,,,,,,,,,,,,,
,,,,,,,,,,,,,,,,
,,,,,,,,,,,,,,,,
,,,,,,,,,,,,,,,,
,,,,,,,,,,,,,,,,
,,,,,,,,,,,,,,,,
,,,,,,,,,,,,,,,,
,,,,,,,,,,,,,,,,
,,,,,,,,,,,,,,,,
,,,,,,,,,,,,,,,,
,,,,,,,,,,,,,,,,
,,,,,,,,,,,,,,,,
,,,,,,,,,,,,,,,,
,,,,,,,,,,,,,,,,
,,,,,,,,,,,,,,,,
,,,,,,,,,,,,,,,,
,,,,,,,,,,,,,,,,
,,,,,,,,,,,,,,,,
,,,,,,,,,,,,,,,,
,,,,,,,,,,,,,,,,
,,,,,,,,,,,,,,,,
,,,,,,,,,,,,,,,,
,,,,,,,,,,,,,,,,
,,,,,,,,,,,,,,,,
,,,,,,,,,,,,,,,,
,,,,,,,,,,,,,,,,
,,,,,,,,,,,,,,,,
,,,,,,,,,,,,,,,,
,,,,,,,,,,,,,,,,
,,,,,,,,,,,,,,,,
,,,,,,,,,,,,,,,,
,,,,,,,,,,,,,,,,
,,,,,,,,,,,,,,,,
,,,,,,,,,,,,,,,,
,,,,,,,,,,,,,,,,
,,,,,,,,,,,,,,,,
,,,,,,,,,,,,,,,,
,,,,,,,,,,,,,,,,
,,,,,,,,,,,,,,,,
,,,,,,,,,,,,,,,,
,,,,,,,,,,,,,,,,
,,,,,,,,,,,,,,,,
,,,,,,,,,,,,,,,,
,,,,,,,,,,,,,,,,
,,,,,,,,,,,,,,,,
,,,,,,,,,,,,,,,,
,,,,,,,,,,,,,,,,
,,,,,,,,,,,,,,,,
,,,,,,,,,,,,,,,,
,,,,,,,,,,,,,,,,
,,,,,,,,,,,,,,,,
,,,,,,,,,,,,,,,,
,,,,,,,,,,,,,,,,
,,,,,,,,,,,,,,,,
,,,,,,,,,,,,,,,,
,,,,,,,,,,,,,,,,
,,,,,,,,,,,,,,,,
,,,,,,,,,,,,,,,,
,,,,,,,,,,,,,,,,
,,,,,,,,,,,,,,,,
,,,,,,,,,,,,,,,,
,,,,,,,,,,,,,,,,
,,,,,,,,,,,,,,,,
,,,,,,,,,,,,,,,,
,,,,,,,,,,,,,,,,
,,,,,,,,,,,,,,,,
,,,,,,,,,,,,,,,,
,,,,,,,,,,,,,,,,
,,,,,,,,,,,,,,,,
,,,,,,,,,,,,,,,,
,,,,,,,,,,,,,,,,
,,,,,,,,,,,,,,,,
,,,,,,,,,,,,,,,,
,,,,,,,,,,,,,,,,
,,,,,,,,,,,,,,,,
,,,,,,,,,,,,,,,,
,,,,,,,,,,,,,,,,
,,,,,,,,,,,,,,,,
,,,,,,,,,,,,,,,,
,,,,,,,,,,,,,,,,
,,,,,,,,,,,,,,,,
,,,,,,,,,,,,,,,,
,,,,,,,,,,,,,,,,
,,,,,,,,,,,,,,,,
,,,,,,,,,,,,,,,,
,,,,,,,,,,,,,,,,
,,,,,,,,,,,,,,,,
,,,,,,,,,,,,,,,,
,,,,,,,,,,,,,,,,
,,,,,,,,,,,,,,,,
,,,,,,,,,,,,,,,,
,,,,,,,,,,,,,,,,
,,,,,,,,,,,,,,,,
,,,,,,,,,,,,,,,,
,,,,,,,,,,,,,,,,
,,,,,,,,,,,,,,,,
,,,,,,,,,,,,,,,,
,,,,,,,,,,,,,,,,
,,,,,,,,,,,,,,,,
,,,,,,,,,,,,,,,,
,,,,,,,,,,,,,,,,
,,,,,,,,,,,,,,,,
,,,,,,,,,,,,,,,,
,,,,,,,,,,,,,,,,
,,,,,,,,,,,,,,,,
,,,,,,,,,,,,,,,,
,,,,,,,,,,,,,,,,
,,,,,,,,,,,,,,,,
,,,,,,,,,,,,,,,,
,,,,,,,,,,,,,,,,
,,,,,,,,,,,,,,,,
,,,,,,,,,,,,,,,,
,,,,,,,,,,,,,,,,
,,,,,,,,,,,,,,,,
,,,,,,,,,,,,,,,,
,,,,,,,,,,,,,,,,
,,,,,,,,,,,,,,,,
,,,,,,,,,,,,,,,,
,,,,,,,,,,,,,,,,
,,,,,,,,,,,,,,,,
,,,,,,,,,,,,,,,,
,,,,,,,,,,,,,,,,
,,,,,,,,,,,,,,,,
,,,,,,,,,,,,,,,,
,,,,,,,,,,,,,,,,
,,,,,,,,,,,,,,,,
,,,,,,,,,,,,,,,,
,,,,,,,,,,,,,,,,
,,,,,,,,,,,,,,,,
,,,,,,,,,,,,,,,,
,,,,,,,,,,,,,,,,
,,,,,,,,,,,,,,,,
,,,,,,,,,,,,,,,,
,,,,,,,,,,,,,,,,
,,,,,,,,,,,,,,,,
,,,,,,,,,,,,,,,,
,,,,,,,,,,,,,,,,
,,,,,,,,,,,,,,,,
,,,,,,,,,,,,,,,,
,,,,,,,,,,,,,,,,
,,,,,,,,,,,,,,,,
,,,,,,,,,,,,,,,,
,,,,,,,,,,,,,,,,
,,,,,,,,,,,,,,,,
,,,,,,,,,,,,,,,,
,,,,,,,,,,,,,,,,
,,,,,,,,,,,,,,,,
,,,,,,,,,,,,,,,,
,,,,,,,,,,,,,,,,
,,,,,,,,,,,,,,,,
,,,,,,,,,,,,,,,,
,,,,,,,,,,,,,,,,
,,,,,,,,,,,,,,,,
,,,,,,,,,,,,,,,,
,,,,,,,,,,,,,,,,
,,,,,,,,,,,,,,,,
,,,,,,,,,,,,,,,,
,,,,,,,,,,,,,,,,
,,,,,,,,,,,,,,,,
,,,,,,,,,,,,,,,,
,,,,,,,,,,,,,,,,
,,,,,,,,,,,,,,,,
,,,,,,,,,,,,,,,,
,,,,,,,,,,,,,,,,
,,,,,,,,,,,,,,,,
,,,,,,,,,,,,,,,,
,,,,,,,,,,,,,,,,
,,,,,,,,,,,,,,,,
,,,,,,,,,,,,,,,,
,,,,,,,,,,,,,,,,
,,,,,,,,,,,,,,,,
,,,,,,,,,,,,,,,,
,,,,,,,,,,,,,,,,
,,,,,,,,,,,,,,,,
,,,,,,,,,,,,,,,,
,,,,,,,,,,,,,,,,
,,,,,,,,,,,,,,,,
,,,,,,,,,,,,,,,,
,,,,,,,,,,,,,,,,
,,,,,,,,,,,,,,,,
,,,,,,,,,,,,,,,,
,,,,,,,,,,,,,,,,
,,,,,,,,,,,,,,,,
,,,,,,,,,,,,,,,,
,,,,,,,,,,,,,,,,
,,,,,,,,,,,,,,,,
,,,,,,,,,,,,,,,,
,,,,,,,,,,,,,,,,
,,,,,,,,,,,,,,,,
,,,,,,,,,,,,,,,,
,,,,,,,,,,,,,,,,
,,,,,,,,,,,,,,,,
,,,,,,,,,,,,,,,,
,,,,,,,,,,,,,,,,
,,,,,,,,,,,,,,,,
,,,,,,,,,,,,,,,,
,,,,,,,,,,,,,,,,
,,,,,,,,,,,,,,,,
,,,,,,,,,,,,,,,,
,,,,,,,,,,,,,,,,
,,,,,,,,,,,,,,,,
,,,,,,,,,,,,,,,,
,,,,,,,,,,,,,,,,
,,,,,,,,,,,,,,,,
,,,,,,,,,,,,,,,,
,,,,,,,,,,,,,,,,
,,,,,,,,,,,,,,,,
,,,,,,,,,,,,,,,,
,,,,,,,,,,,,,,,,
,,,,,,,,,,,,,,,,
,,,,,,,,,,,,,,,,
,,,,,,,,,,,,,,,,
,,,,,,,,,,,,,,,,
,,,,,,,,,,,,,,,,
,,,,,,,,,,,,,,,,
,,,,,,,,,,,,,,,,
,,,,,,,,,,,,,,,,
,,,,,,,,,,,,,,,,
,,,,,,,,,,,,,,,,
,,,,,,,,,,,,,,,,
,,,,,,,,,,,,,,,,
,,,,,,,,,,,,,,,,
,,,,,,,,,,,,,,,,
,,,,,,,,,,,,,,,,
,,,,,,,,,,,,,,,,
,,,,,,,,,,,,,,,,
,,,,,,,,,,,,,,,,
,,,,,,,,,,,,,,,,
,,,,,,,,,,,,,,,,
,,,,,,,,,,,,,,,,
,,,,,,,,,,,,,,,,
,,,,,,,,,,,,,,,,
,,,,,,,,,,,,,,,,
,,,,,,,,,,,,,,,,
,,,,,,,,,,,,,,,,
,,,,,,,,,,,,,,,,
,,,,,,,,,,,,,,,,
,,,,,,,,,,,,,,,,
,,,,,,,,,,,,,,,,
,,,,,,,,,,,,,,,,
,,,,,,,,,,,,,,,,
,,,,,,,,,,,,,,,,
,,,,,,,,,,,,,,,,
,,,,,,,,,,,,,,,,
,,,,,,,,,,,,,,,,
,,,,,,,,,,,,,,,,
,,,,,,,,,,,,,,,,
,,,,,,,,,,,,,,,,
,,,,,,,,,,,,,,,,
,,,,,,,,,,,,,,,,
,,,,,,,,,,,,,,,,
,,,,,,,,,,,,,,,,
,,,,,,,,,,,,,,,,
,,,,,,,,,,,,,,,,
,,,,,,,,,,,,,,,,
,,,,,,,,,,,,,,,,
,,,,,,,,,,,,,,,,
,,,,,,,,,,,,,,,,
,,,,,,,,,,,,,,,,
,,,,,,,,,,,,,,,,
,,,,,,,,,,,,,,,,
,,,,,,,,,,,,,,,,
,,,,,,,,,,,,,,,,
,,,,,,,,,,,,,,,,
,,,,,,,,,,,,,,,,
,,,,,,,,,,,,,,,,
,,,,,,,,,,,,,,,,
,,,,,,,,,,,,,,,,
,,,,,,,,,,,,,,,,
,,,,,,,,,,,,,,,,
,,,,,,,,,,,,,,,,
,,,,,,,,,,,,,,,,
,,,,,,,,,,,,,,,,
,,,,,,,,,,,,,,,,
,,,,,,,,,,,,,,,,
,,,,,,,,,,,,,,,,
,,,,,,,,,,,,,,,,
,,,,,,,,,,,,,,,,
,,,,,,,,,,,,,,,,
,,,,,,,,,,,,,,,,
,,,,,,,,,,,,,,,,
,,,,,,,,,,,,,,,,
,,,,,,,,,,,,,,,,
,,,,,,,,,,,,,,,,
,,,,,,,,,,,,,,,,
,,,,,,,,,,,,,,,,
,,,,,,,,,,,,,,,,
,,,,,,,,,,,,,,,,
,,,,,,,,,,,,,,,,
,,,,,,,,,,,,,,,,
,,,,,,,,,,,,,,,,
,,,,,,,,,,,,,,,,
,,,,,,,,,,,,,,,,
,,,,,,,,,,,,,,,,
,,,,,,,,,,,,,,,,
,,,,,,,,,,,,,,,,
,,,,,,,,,,,,,,,,
,,,,,,,,,,,,,,,,
,,,,,,,,,,,,,,,,
,,,,,,,,,,,,,,,,
,,,,,,,,,,,,,,,,
,,,,,,,,,,,,,,,,
,,,,,,,,,,,,,,,,
,,,,,,,,,,,,,,,,
,,,,,,,,,,,,,,,,
,,,,,,,,,,,,,,,,
,,,,,,,,,,,,,,,,
,,,,,,,,,,,,,,,,
,,,,,,,,,,,,,,,,
,,,,,,,,,,,,,,,,
,,,,,,,,,,,,,,,,
,,,,,,,,,,,,,,,,
,,,,,,,,,,,,,,,,
,,,,,,,,,,,,,,,,
,,,,,,,,,,,,,,,,
,,,,,,,,,,,,,,,,
,,,,,,,,,,,,,,,,
,,,,,,,,,,,,,,,,
,,,,,,,,,,,,,,,,
,,,,,,,,,,,,,,,,
,,,,,,,,,,,,,,,,
,,,,,,,,,,,,,,,,
,,,,,,,,,,,,,,,,
,,,,,,,,,,,,,,,,
,,,,,,,,,,,,,,,,
,,,,,,,,,,,,,,,,
,,,,,,,,,,,,,,,,
,,,,,,,,,,,,,,,,
,,,,,,,,,,,,,,,,
,,,,,,,,,,,,,,,,
,,,,,,,,,,,,,,,,
,,,,,,,,,,,,,,,,
,,,,,,,,,,,,,,,,
,,,,,,,,,,,,,,,,
,,,,,,,,,,,,,,,,
,,,,,,,,,,,,,,,,
,,,,,,,,,,,,,,,,
,,,,,,,,,,,,,,,,
,,,,,,,,,,,,,,,,
,,,,,,,,,,,,,,,,
,,,,,,,,,,,,,,,,
,,,,,,,,,,,,,,,,
,,,,,,,,,,,,,,,,
,,,,,,,,,,,,,,,,
,,,,,,,,,,,,,,,,
,,,,,,,,,,,,,,,,
,,,,,,,,,,,,,,,,
,,,,,,,,,,,,,,,,
,,,,,,,,,,,,,,,,
,,,,,,,,,,,,,,,,
,,,,,,,,,,,,,,,,
,,,,,,,,,,,,,,,,
,,,,,,,,,,,,,,,,
,,,,,,,,,,,,,,,,
,,,,,,,,,,,,,,,,
,,,,,,,,,,,,,,,,
,,,,,,,,,,,,,,,,
,,,,,,,,,,,,,,,,
,,,,,,,,,,,,,,,,
,,,,,,,,,,,,,,,,
,,,,,,,,,,,,,,,,
,,,,,,,,,,,,,,,,
,,,,,,,,,,,,,,,,
,,,,,,,,,,,,,,,,
,,,,,,,,,,,,,,,,
,,,,,,,,,,,,,,,,
,,,,,,,,,,,,,,,,
,,,,,,,,,,,,,,,,
,,,,,,,,,,,,,,,,
,,,,,,,,,,,,,,,,
,,,,,,,,,,,,,,,,
,,,,,,,,,,,,,,,,
,,,,,,,,,,,,,,,,
,,,,,,,,,,,,,,,,
,,,,,,,,,,,,,,,,
,,,,,,,,,,,,,,,,
,,,,,,,,,,,,,,,,
,,,,,,,,,,,,,,,,
,,,,,,,,,,,,,,,,
,,,,,,,,,,,,,,,,
,,,,,,,,,,,,,,,,
,,,,,,,,,,,,,,,,
,,,,,,,,,,,,,,,,
,,,,,,,,,,,,,,,,
,,,,,,,,,,,,,,,,
,,,,,,,,,,,,,,,,
,,,,,,,,,,,,,,,,
,,,,,,,,,,,,,,,,
,,,,,,,,,,,,,,,,
,,,,,,,,,,,,,,,,
,,,,,,,,,,,,,,,,
,,,,,,,,,,,,,,,,
,,,,,,,,,,,,,,,,
,,,,,,,,,,,,,,,,
,,,,,,,,,,,,,,,,
,,,,,,,,,,,,,,,,
,,,,,,,,,,,,,,,,
,,,,,,,,,,,,,,,,
,,,,,,,,,,,,,,,,
,,,,,,,,,,,,,,,,
,,,,,,,,,,,,,,,,
,,,,,,,,,,,,,,,,
,,,,,,,,,,,,,,,,
,,,,,,,,,,,,,,,,
,,,,,,,,,,,,,,,,
,,,,,,,,,,,,,,,,
,,,,,,,,,,,,,,,,
,,,,,,,,,,,,,,,,
,,,,,,,,,,,,,,,,
,,,,,,,,,,,,,,,,
,,,,,,,,,,,,,,,,
,,,,,,,,,,,,,,,,
,,,,,,,,,,,,,,,,
,,,,,,,,,,,,,,,,
,,,,,,,,,,,,,,,,
,,,,,,,,,,,,,,,,
,,,,,,,,,,,,,,,,
,,,,,,,,,,,,,,,,
,,,,,,,,,,,,,,,,
,,,,,,,,,,,,,,,,
,,,,,,,,,,,,,,,,
,,,,,,,,,,,,,,,,
,,,,,,,,,,,,,,,,
,,,,,,,,,,,,,,,,
,,,,,,,,,,,,,,,,
,,,,,,,,,,,,,,,,
,,,,,,,,,,,,,,,,
,,,,,,,,,,,,,,,,
,,,,,,,,,,,,,,,,
,,,,,,,,,,,,,,,,
,,,,,,,,,,,,,,,,
,,,,,,,,,,,,,,,,
,,,,,,,,,,,,,,,,
,,,,,,,,,,,,,,,,
,,,,,,,,,,,,,,,,
,,,,,,,,,,,,,,,,
,,,,,,,,,,,,,,,,
,,,,,,,,,,,,,,,,
,,,,,,,,,,,,,,,,
,,,,,,,,,,,,,,,,
,,,,,,,,,,,,,,,,
,,,,,,,,,,,,,,,,
,,,,,,,,,,,,,,,,
,,,,,,,,,,,,,,,,
,,,,,,,,,,,,,,,,
,,,,,,,,,,,,,,,,
,,,,,,,,,,,,,,,,
,,,,,,,,,,,,,,,,
,,,,,,,,,,,,,,,,
,,,,,,,,,,,,,,,,
,,,,,,,,,,,,,,,,
,,,,,,,,,,,,,,,,
,,,,,,,,,,,,,,,,
,,,,,,,,,,,,,,,,
,,,,,,,,,,,,,,,,
,,,,,,,,,,,,,,,,
,,,,,,,,,,,,,,,,
,,,,,,,,,,,,,,,,
,,,,,,,,,,,,,,,,
,,,,,,,,,,,,,,,,
,,,,,,,,,,,,,,,,
,,,,,,,,,,,,,,,,
,,,,,,,,,,,,,,,,
,,,,,,,,,,,,,,,,
,,,,,,,,,,,,,,,,
,,,,,,,,,,,,,,,,
,,,,,,,,,,,,,,,,
,,,,,,,,,,,,,,,,
,,,,,,,,,,,,,,,,
,,,,,,,,,,,,,,,,
,,,,,,,,,,,,,,,,
,,,,,,,,,,,,,,,,
,,,,,,,,,,,,,,,,
,,,,,,,,,,,,,,,,
,,,,,,,,,,,,,,,,
,,,,,,,,,,,,,,,,
,,,,,,,,,,,,,,,,
,,,,,,,,,,,,,,,,
,,,,,,,,,,,,,,,,
,,,,,,,,,,,,,,,,
,,,,,,,,,,,,,,,,
,,,,,,,,,,,,,,,,
,,,,,,,,,,,,,,,,
,,,,,,,,,,,,,,,,
,,,,,,,,,,,,,,,,
,,,,,,,,,,,,,,,,
,,,,,,,,,,,,,,,,
,,,,,,,,,,,,,,,,
,,,,,,,,,,,,,,,,
,,,,,,,,,,,,,,,,
,,,,,,,,,,,,,,,,
,,,,,,,,,,,,,,,,
,,,,,,,,,,,,,,,,
,,,,,,,,,,,,,,,,
,,,,,,,,,,,,,,,,
,,,,,,,,,,,,,,,,
,,,,,,,,,,,,,,,,
,,,,,,,,,,,,,,,,
,,,,,,,,,,,,,,,,
,,,,,,,,,,,,,,,,
,,,,,,,,,,,,,,,,
,,,,,,,,,,,,,,,,
,,,,,,,,,,,,,,,,
,,,,,,,,,,,,,,,,
,,,,,,,,,,,,,,,,
,,,,,,,,,,,,,,,,
,,,,,,,,,,,,,,,,
,,,,,,,,,,,,,,,,
,,,,,,,,,,,,,,,,
,,,,,,,,,,,,,,,,
,,,,,,,,,,,,,,,,
,,,,,,,,,,,,,,,,
,,,,,,,,,,,,,,,,
,,,,,,,,,,,,,,,,
,,,,,,,,,,,,,,,,
,,,,,,,,,,,,,,,,
,,,,,,,,,,,,,,,,
,,,,,,,,,,,,,,,,
,,,,,,,,,,,,,,,,
,,,,,,,,,,,,,,,,
,,,,,,,,,,,,,,,,
,,,,,,,,,,,,,,,,
,,,,,,,,,,,,,,,,
,,,,,,,,,,,,,,,,
,,,,,,,,,,,,,,,,
,,,,,,,,,,,,,,,,
,,,,,,,,,,,,,,,,
,,,,,,,,,,,,,,,,
,,,,,,,,,,,,,,,,
,,,,,,,,,,,,,,,,
,,,,,,,,,,,,,,,,
,,,,,,,,,,,,,,,,
,,,,,,,,,,,,,,,,
,,,,,,,,,,,,,,,,
,,,,,,,,,,,,,,,,
,,,,,,,,,,,,,,,,
,,,,,,,,,,,,,,,,
,,,,,,,,,,,,,,,,
,,,,,,,,,,,,,,,,
,,,,,,,,,,,,,,,,
,,,,,,,,,,,,,,,,
,,,,,,,,,,,,,,,,
,,,,,,,,,,,,,,,,
,,,,,,,,,,,,,,,,
,,,,,,,,,,,,,,,,
,,,,,,,,,,,,,,,,
,,,,,,,,,,,,,,,,
,,,,,,,,,,,,,,,,
,,,,,,,,,,,,,,,,
,,,,,,,,,,,,,,,,
,,,,,,,,,,,,,,,,
,,,,,,,,,,,,,,,,
,,,,,,,,,,,,,,,,
,,,,,,,,,,,,,,,,
,,,,,,,,,,,,,,,,
,,,,,,,,,,,,,,,,
,,,,,,,,,,,,,,,,
,,,,,,,,,,,,,,,,
,,,,,,,,,,,,,,,,
,,,,,,,,,,,,,,,,
,,,,,,,,,,,,,,,,
,,,,,,,,,,,,,,,,
,,,,,,,,,,,,,,,,
,,,,,,,,,,,,,,,,
,,,,,,,,,,,,,,,,
,,,,,,,,,,,,,,,,
,,,,,,,,,,,,,,,,
,,,,,,,,,,,,,,,,
,,,,,,,,,,,,,,,,
,,,,,,,,,,,,,,,,
,,,,,,,,,,,,,,,,
,,,,,,,,,,,,,,,,
,,,,,,,,,,,,,,,,
,,,,,,,,,,,,,,,,
,,,,,,,,,,,,,,,,
,,,,,,,,,,,,,,,,
,,,,,,,,,,,,,,,,
,,,,,,,,,,,,,,,,
,,,,,,,,,,,,,,,,
,,,,,,,,,,,,,,,,
,,,,,,,,,,,,,,,,
,,,,,,,,,,,,,,,,
,,,,,,,,,,,,,,,,
,,,,,,,,,,,,,,,,
,,,,,,,,,,,,,,,,
,,,,,,,,,,,,,,,,
,,,,,,,,,,,,,,,,
,,,,,,,,,,,,,,,,
,,,,,,,,,,,,,,,,
,,,,,,,,,,,,,,,,
,,,,,,,,,,,,,,,,
,,,,,,,,,,,,,,,,
,,,,,,,,,,,,,,,,
,,,,,,,,,,,,,,,,
,,,,,,,,,,,,,,,,
,,,,,,,,,,,,,,,,
,,,,,,,,,,,,,,,,
,,,,,,,,,,,,,,,,
,,,,,,,,,,,,,,,,
,,,,,,,,,,,,,,,,
,,,,,,,,,,,,,,,,
,,,,,,,,,,,,,,,,
,,,,,,,,,,,,,,,,
,,,,,,,,,,,,,,,,
,,,,,,,,,,,,,,,,
,,,,,,,,,,,,,,,,
,,,,,,,,,,,,,,,,
,,,,,,,,,,,,,,,,
,,,,,,,,,,,,,,,,
,,,,,,,,,,,,,,,,
,,,,,,,,,,,,,,,,
,,,,,,,,,,,,,,,,
,,,,,,,,,,,,,,,,
,,,,,,,,,,,,,,,,
,,,,,,,,,,,,,,,,
,,,,,,,,,,,,,,,,
,,,,,,,,,,,,,,,,
,,,,,,,,,,,,,,,,
,,,,,,,,,,,,,,,,
,,,,,,,,,,,,,,,,
,,,,,,,,,,,,,,,,
,,,,,,,,,,,,,,,,
,,,,,,,,,,,,,,,,
,,,,,,,,,,,,,,,,
,,,,,,,,,,,,,,,,
,,,,,,,,,,,,,,,,
,,,,,,,,,,,,,,,,
,,,,,,,,,,,,,,,,
,,,,,,,,,,,,,,,,
,,,,,,,,,,,,,,,,
,,,,,,,,,,,,,,,,
,,,,,,,,,,,,,,,,
,,,,,,,,,,,,,,,,
,,,,,,,,,,,,,,,,
,,,,,,,,,,,,,,,,
,,,,,,,,,,,,,,,,
,,,,,,,,,,,,,,,,
,,,,,,,,,,,,,,,,
,,,,,,,,,,,,,,,,
,,,,,,,,,,,,,,,,
,,,,,,,,,,,,,,,,
,,,,,,,,,,,,,,,,
,,,,,,,,,,,,,,,,
,,,,,,,,,,,,,,,,
,,,,,,,,,,,,,,,,
,,,,,,,,,,,,,,,,
,,,,,,,,,,,,,,,,
,,,,,,,,,,,,,,,,
,,,,,,,,,,,,,,,,
,,,,,,,,,,,,,,,,
,,,,,,,,,,,,,,,,
,,,,,,,,,,,,,,,,
,,,,,,,,,,,,,,,,
,,,,,,,,,,,,,,,,
,,,,,,,,,,,,,,,,
,,,,,,,,,,,,,,,,
,,,,,,,,,,,,,,,,
,,,,,,,,,,,,,,,,
,,,,,,,,,,,,,,,,
,,,,,,,,,,,,,,,,
,,,,,,,,,,,,,,,,
,,,,,,,,,,,,,,,,
,,,,,,,,,,,,,,,,
,,,,,,,,,,,,,,,,
,,,,,,,,,,,,,,,,
,,,,,,,,,,,,,,,,
,,,,,,,,,,,,,,,,
,,,,,,,,,,,,,,,,
,,,,,,,,,,,,,,,,
,,,,,,,,,,,,,,,,
,,,,,,,,,,,,,,,,
,,,,,,,,,,,,,,,,
,,,,,,,,,,,,,,,,
,,,,,,,,,,,,,,,,
,,,,,,,,,,,,,,,,
,,,,,,,,,,,,,,,,
,,,,,,,,,,,,,,,,
,,,,,,,,,,,,,,,,
,,,,,,,,,,,,,,,,
,,,,,,,,,,,,,,,,
,,,,,,,,,,,,,,,,
,,,,,,,,,,,,,,,,
,,,,,,,,,,,,,,,,
,,,,,,,,,,,,,,,,
,,,,,,,,,,,,,,,,
,,,,,,,,,,,,,,,,
,,,,,,,,,,,,,,,,
,,,,,,,,,,,,,,,,
,,,,,,,,,,,,,,,,
,,,,,,,,,,,,,,,,
,,,,,,,,,,,,,,,,
,,,,,,,,,,,,,,,,
,,,,,,,,,,,,,,,,
,,,,,,,,,,,,,,,,
,,,,,,,,,,,,,,,,
,,,,,,,,,,,,,,,,
,,,,,,,,,,,,,,,,
,,,,,,,,,,,,,,,,
,,,,,,,,,,,,,,,,
,,,,,,,,,,,,,,,,
,,,,,,,,,,,,,,,,
,,,,,,,,,,,,,,,,
,,,,,,,,,,,,,,,,
,,,,,,,,,,,,,,,,
,,,,,,,,,,,,,,,,
,,,,,,,,,,,,,,,,
,,,,,,,,,,,,,,,,
,,,,,,,,,,,,,,,,
,,,,,,,,,,,,,,,,
,,,,,,,,,,,,,,,,
,,,,,,,,,,,,,,,,
,,,,,,,,,,,,,,,,
,,,,,,,,,,,,,,,,
,,,,,,,,,,,,,,,,
,,,,,,,,,,,,,,,,
,,,,,,,,,,,,,,,,
,,,,,,,,,,,,,,,,
,,,,,,,,,,,,,,,,
,,,,,,,,,,,,,,,,
,,,,,,,,,,,,,,,,
,,,,,,,,,,,,,,,,
,,,,,,,,,,,,,,,,
,,,,,,,,,,,,,,,,
,,,,,,,,,,,,,,,,
,,,,,,,,,,,,,,,,
,,,,,,,,,,,,,,,,
,,,,,,,,,,,,,,,,
,,,,,,,,,,,,,,,,
,,,,,,,,,,,,,,,,
,,,,,,,,,,,,,,,,
,,,,,,,,,,,,,,,,
,,,,,,,,,,,,,,,,
,,,,,,,,,,,,,,,,
,,,,,,,,,,,,,,,,
,,,,,,,,,,,,,,,,
,,,,,,,,,,,,,,,,
,,,,,,,,,,,,,,,,
,,,,,,,,,,,,,,,,
,,,,,,,,,,,,,,,,
,,,,,,,,,,,,,,,,
,,,,,,,,,,,,,,,,
,,,,,,,,,,,,,,,,
,,,,,,,,,,,,,,,,
,,,,,,,,,,,,,,,,
,,,,,,,,,,,,,,,,
,,,,,,,,,,,,,,,,
,,,,,,,,,,,,,,,,
,,,,,,,,,,,,,,,,
,,,,,,,,,,,,,,,,
,,,,,,,,,,,,,,,,
,,,,,,,,,,,,,,,,
,,,,,,,,,,,,,,,,
,,,,,,,,,,,,,,,,
,,,,,,,,,,,,,,,,
,,,,,,,,,,,,,,,,
,,,,,,,,,,,,,,,,
,,,,,,,,,,,,,,,,
,,,,,,,,,,,,,,,,
,,,,,,,,,,,,,,,,
,,,,,,,,,,,,,,,,
,,,,,,,,,,,,,,,,
,,,,,,,,,,,,,,,,
,,,,,,,,,,,,,,,,
,,,,,,,,,,,,,,,,
,,,,,,,,,,,,,,,,
,,,,,,,,,,,,,,,,
,,,,,,,,,,,,,,,,
,,,,,,,,,,,,,,,,
,,,,,,,,,,,,,,,,
,,,,,,,,,,,,,,,,
,,,,,,,,,,,,,,,,
,,,,,,,,,,,,,,,,
,,,,,,,,,,,,,,,,
,,,,,,,,,,,,,,,,
,,,,,,,,,,,,,,,,
,,,,,,,,,,,,,,,,
,,,,,,,,,,,,,,,,
,,,,,,,,,,,,,,,,
,,,,,,,,,,,,,,,,
,,,,,,,,,,,,,,,,
,,,,,,,,,,,,,,,,
,,,,,,,,,,,,,,,,
,,,,,,,,,,,,,,,,
,,,,,,,,,,,,,,,,
,,,,,,,,,,,,,,,,
,,,,,,,,,,,,,,,,
,,,,,,,,,,,,,,,,
,,,,,,,,,,,,,,,,
,,,,,,,,,,,,,,,,
,,,,,,,,,,,,,,,,
,,,,,,,,,,,,,,,,
,,,,,,,,,,,,,,,,
,,,,,,,,,,,,,,,,
,,,,,,,,,,,,,,,,
,,,,,,,,,,,,,,,,
,,,,,,,,,,,,,,,,
,,,,,,,,,,,,,,,,
,,,,,,,,,,,,,,,,
,,,,,,,,,,,,,,,,
,,,,,,,,,,,,,,,,
,,,,,,,,,,,,,,,,
,,,,,,,,,,,,,,,,
,,,,,,,,,,,,,,,,
,,,,,,,,,,,,,,,,
,,,,,,,,,,,,,,,,
,,,,,,,,,,,,,,,,
,,,,,,,,,,,,,,,,
,,,,,,,,,,,,,,,,
,,,,,,,,,,,,,,,,
,,,,,,,,,,,,,,,,
,,,,,,,,,,,,,,,,
,,,,,,,,,,,,,,,,
,,,,,,,,,,,,,,,,
,,,,,,,,,,,,,,,,
,,,,,,,,,,,,,,,,
,,,,,,,,,,,,,,,,
,,,,,,,,,,,,,,,,
,,,,,,,,,,,,,,,,
,,,,,,,,,,,,,,,,
,,,,,,,,,,,,,,,,
,,,,,,,,,,,,,,,,
,,,,,,,,,,,,,,,,
,,,,,,,,,,,,,,,,
,,,,,,,,,,,,,,,,
,,,,,,,,,,,,,,,,
,,,,,,,,,,,,,,,,
,,,,,,,,,,,,,,,,
,,,,,,,,,,,,,,,,
,,,,,,,,,,,,,,,,
,,,,,,,,,,,,,,,,
,,,,,,,,,,,,,,,,
,,,,,,,,,,,,,,,,
,,,,,,,,,,,,,,,,
,,,,,,,,,,,,,,,,
,,,,,,,,,,,,,,,,
,,,,,,,,,,,,,,,,
,,,,,,,,,,,,,,,,
,,,,,,,,,,,,,,,,
,,,,,,,,,,,,,,,,
,,,,,,,,,,,,,,,,
,,,,,,,,,,,,,,,,
,,,,,,,,,,,,,,,,
,,,,,,,,,,,,,,,,
,,,,,,,,,,,,,,,,
,,,,,,,,,,,,,,,,
,,,,,,,,,,,,,,,,
,,,,,,,,,,,,,,,,
,,,,,,,,,,,,,,,,
,,,,,,,,,,,,,,,,
,,,,,,,,,,,,,,,,
,,,,,,,,,,,,,,,,
,,,,,,,,,,,,,,,,
,,,,,,,,,,,,,,,,
,,,,,,,,,,,,,,,,
,,,,,,,,,,,,,,,,
,,,,,,,,,,,,,,,,
,,,,,,,,,,,,,,,,
,,,,,,,,,,,,,,,,
,,,,,,,,,,,,,,,,
,,,,,,,,,,,,,,,,
,,,,,,,,,,,,,,,,
,,,,,,,,,,,,,,,,
,,,,,,,,,,,,,,,,
,,,,,,,,,,,,,,,,
,,,,,,,,,,,,,,,,
,,,,,,,,,,,,,,,,
,,,,,,,,,,,,,,,,
,,,,,,,,,,,,,,,,
,,,,,,,,,,,,,,,,
,,,,,,,,,,,,,,,,
,,,,,,,,,,,,,,,,
,,,,,,,,,,,,,,,,
,,,,,,,,,,,,,,,,
,,,,,,,,,,,,,,,,
,,,,,,,,,,,,,,,,
,,,,,,,,,,,,,,,,
,,,,,,,,,,,,,,,,
,,,,,,,,,,,,,,,,
,,,,,,,,,,,,,,,,
,,,,,,,,,,,,,,,,
,,,,,,,,,,,,,,,,
,,,,,,,,,,,,,,,,
,,,,,,,,,,,,,,,,
,,,,,,,,,,,,,,,,
,,,,,,,,,,,,,,,,
,,,,,,,,,,,,,,,,
,,,,,,,,,,,,,,,,
,,,,,,,,,,,,,,,,
,,,,,,,,,,,,,,,,
,,,,,,,,,,,,,,,,
,,,,,,,,,,,,,,,,
,,,,,,,,,,,,,,,,
,,,,,,,,,,,,,,,,
,,,,,,,,,,,,,,,,
,,,,,,,,,,,,,,,,
,,,,,,,,,,,,,,,,
,,,,,,,,,,,,,,,,
,,,,,,,,,,,,,,,,
,,,,,,,,,,,,,,,,
,,,,,,,,,,,,,,,,
,,,,,,,,,,,,,,,,
,,,,,,,,,,,,,,,,
,,,,,,,,,,,,,,,,
,,,,,,,,,,,,,,,,
,,,,,,,,,,,,,,,,
,,,,,,,,,,,,,,,,
,,,,,,,,,,,,,,,,
,,,,,,,,,,,,,,,,
,,,,,,,,,,,,,,,,
,,,,,,,,,,,,,,,,
,,,,,,,,,,,,,,,,
,,,,,,,,,,,,,,,,
,,,,,,,,,,,,,,,,
,,,,,,,,,,,,,,,,
,,,,,,,,,,,,,,,,
,,,,,,,,,,,,,,,,
,,,,,,,,,,,,,,,,
,,,,,,,,,,,,,,,,
,,,,,,,,,,,,,,,,
,,,,,,,,,,,,,,,,
,,,,,,,,,,,,,,,,
,,,,,,,,,,,,,,,,
,,,,,,,,,,,,,,,,
,,,,,,,,,,,,,,,,
,,,,,,,,,,,,,,,,
,,,,,,,,,,,,,,,,
,,,,,,,,,,,,,,,,
,,,,,,,,,,,,,,,,
,,,,,,,,,,,,,,,,
,,,,,,,,,,,,,,,,
,,,,,,,,,,,,,,,,
,,,,,,,,,,,,,,,,
,,,,,,,,,,,,,,,,
,,,,,,,,,,,,,,,,
,,,,,,,,,,,,,,,,
,,,,,,,,,,,,,,,,
,,,,,,,,,,,,,,,,
,,,,,,,,,,,,,,,,
,,,,,,,,,,,,,,,,
,,,,,,,,,,,,,,,,
,,,,,,,,,,,,,,,,
,,,,,,,,,,,,,,,,
,,,,,,,,,,,,,,,,
,,,,,,,,,,,,,,,,
,,,,,,,,,,,,,,,,
,,,,,,,,,,,,,,,,
,,,,,,,,,,,,,,,,
,,,,,,,,,,,,,,,,
,,,,,,,,,,,,,,,,
,,,,,,,,,,,,,,,,
,,,,,,,,,,,,,,,,
,,,,,,,,,,,,,,,,
,,,,,,,,,,,,,,,,
,,,,,,,,,,,,,,,,
,,,,,,,,,,,,,,,,
,,,,,,,,,,,,,,,,
,,,,,,,,,,,,,,,,
,,,,,,,,,,,,,,,,
,,,,,,,,,,,,,,,,
,,,,,,,,,,,,,,,,
,,,,,,,,,,,,,,,,
,,,,,,,,,,,,,,,,
,,,,,,,,,,,,,,,,
,,,,,,,,,,,,,,,,
,,,,,,,,,,,,,,,,
,,,,,,,,,,,,,,,,
,,,,,,,,,,,,,,,,
,,,,,,,,,,,,,,,,
,,,,,,,,,,,,,,,,
,,,,,,,,,,,,,,,,
,,,,,,,,,,,,,,,,
,,,,,,,,,,,,,,,,
,,,,,,,,,,,,,,,,
,,,,,,,,,,,,,,,,
,,,,,,,,,,,,,,,,
,,,,,,,,,,,,,,,,
,,,,,,,,,,,,,,,,
,,,,,,,,,,,,,,,,
,,,,,,,,,,,,,,,,
,,,,,,,,,,,,,,,,
,,,,,,,,,,,,,,,,
,,,,,,,,,,,,,,,,
,,,,,,,,,,,,,,,,
,,,,,,,,,,,,,,,,
,,,,,,,,,,,,,,,,
,,,,,,,,,,,,,,,,
,,,,,,,,,,,,,,,,
,,,,,,,,,,,,,,,,
,,,,,,,,,,,,,,,,
,,,,,,,,,,,,,,,,
,,,,,,,,,,,,,,,,
,,,,,,,,,,,,,,,,
,,,,,,,,,,,,,,,,
,,,,,,,,,,,,,,,,
,,,,,,,,,,,,,,,,
,,,,,,,,,,,,,,,,
,,,,,,,,,,,,,,,,
,,,,,,,,,,,,,,,,
,,,,,,,,,,,,,,,,
,,,,,,,,,,,,,,,,
,,,,,,,,,,,,,,,,
,,,,,,,,,,,,,,,,
,,,,,,,,,,,,,,,,
,,,,,,,,,,,,,,,,
,,,,,,,,,,,,,,,,
,,,,,,,,,,,,,,,,
,,,,,,,,,,,,,,,,
,,,,,,,,,,,,,,,,
,,,,,,,,,,,,,,,,
,,,,,,,,,,,,,,,,
,,,,,,,,,,,,,,,,
,,,,,,,,,,,,,,,,
,,,,,,,,,,,,,,,,
,,,,,,,,,,,,,,,,
,,,,,,,,,,,,,,,,
,,,,,,,,,,,,,,,,
,,,,,,,,,,,,,,,,
,,,,,,,,,,,,,,,,
,,,,,,,,,,,,,,,,
,,,,,,,,,,,,,,,,
,,,,,,,,,,,,,,,,
,,,,,,,,,,,,,,,,
,,,,,,,,,,,,,,,,
,,,,,,,,,,,,,,,,
,,,,,,,,,,,,,,,,
,,,,,,,,,,,,,,,,
,,,,,,,,,,,,,,,,
,,,,,,,,,,,,,,,,
,,,,,,,,,,,,,,,,
,,,,,,,,,,,,,,,,
,,,,,,,,,,,,,,,,
,,,,,,,,,,,,,,,,
,,,,,,,,,,,,,,,,
,,,,,,,,,,,,,,,,
,,,,,,,,,,,,,,,,
,,,,,,,,,,,,,,,,
,,,,,,,,,,,,,,,,
,,,,,,,,,,,,,,,,
,,,,,,,,,,,,,,,,
,,,,,,,,,,,,,,,,
,,,,,,,,,,,,,,,,
,,,,,,,,,,,,,,,,
,,,,,,,,,,,,,,,,
,,,,,,,,,,,,,,,,
,,,,,,,,,,,,,,,,
,,,,,,,,,,,,,,,,
,,,,,,,,,,,,,,,,
,,,,,,,,,,,,,,,,
,,,,,,,,,,,,,,,,
,,,,,,,,,,,,,,,,
,,,,,,,,,,,,,,,,
,,,,,,,,,,,,,,,,
,,,,,,,,,,,,,,,,
,,,,,,,,,,,,,,,,
,,,,,,,,,,,,,,,,
,,,,,,,,,,,,,,,,
,,,,,,,,,,,,,,,,
,,,,,,,,,,,,,,,,
,,,,,,,,,,,,,,,,
,,,,,,,,,,,,,,,,
,,,,,,,,,,,,,,,,
,,,,,,,,,,,,,,,,
,,,,,,,,,,,,,,,,
,,,,,,,,,,,,,,,,
,,,,,,,,,,,,,,,,
,,,,,,,,,,,,,,,,
,,,,,,,,,,,,,,,,
,,,,,,,,,,,,,,,,
,,,,,,,,,,,,,,,,
,,,,,,,,,,,,,,,,
,,,,,,,,,,,,,,,,
,,,,,,,,,,,,,,,,
,,,,,,,,,,,,,,,,
,,,,,,,,,,,,,,,,
,,,,,,,,,,,,,,,,
,,,,,,,,,,,,,,,,
,,,,,,,,,,,,,,,,
,,,,,,,,,,,,,,,,
,,,,,,,,,,,,,,,,
,,,,,,,,,,,,,,,,
,,,,,,,,,,,,,,,,
,,,,,,,,,,,,,,,,
,,,,,,,,,,,,,,,,
,,,,,,,,,,,,,,,,
,,,,,,,,,,,,,,,,
,,,,,,,,,,,,,,,,
,,,,,,,,,,,,,,,,
,,,,,,,,,,,,,,,,
,,,,,,,,,,,,,,,,
,,,,,,,,,,,,,,,,
,,,,,,,,,,,,,,,,
,,,,,,,,,,,,,,,,
,,,,,,,,,,,,,,,,
,,,,,,,,,,,,,,,,
,,,,,,,,,,,,,,,,
,,,,,,,,,,,,,,,,
,,,,,,,,,,,,,,,,
,,,,,,,,,,,,,,,,
,,,,,,,,,,,,,,,,
,,,,,,,,,,,,,,,,
,,,,,,,,,,,,,,,,
,,,,,,,,,,,,,,,,
,,,,,,,,,,,,,,,,
,,,,,,,,,,,,,,,,
,,,,,,,,,,,,,,,,
,,,,,,,,,,,,,,,,
,,,,,,,,,,,,,,,,
,,,,,,,,,,,,,,,,
,,,,,,,,,,,,,,,,
,,,,,,,,,,,,,,,,
,,,,,,,,,,,,,,,,
,,,,,,,,,,,,,,,,
,,,,,,,,,,,,,,,,
,,,,,,,,,,,,,,,,
,,,,,,,,,,,,,,,,
,,,,,,,,,,,,,,,,
,,,,,,,,,,,,,,,,
,,,,,,,,,,,,,,,,
,,,,,,,,,,,,,,,,
,,,,,,,,,,,,,,,,
,,,,,,,,,,,,,,,,
,,,,,,,,,,,,,,,,
,,,,,,,,,,,,,,,,
,,,,,,,,,,,,,,,,
,,,,,,,,,,,,,,,,
,,,,,,,,,,,,,,,,
,,,,,,,,,,,,,,,,
,,,,,,,,,,,,,,,,
,,,,,,,,,,,,,,,,
,,,,,,,,,,,,,,,,
,,,,,,,,,,,,,,,,
,,,,,,,,,,,,,,,,
,,,,,,,,,,,,,,,,
,,,,,,,,,,,,,,,,
,,,,,,,,,,,,,,,,
,,,,,,,,,,,,,,,,
,,,,,,,,,,,,,,,,
,,,,,,,,,,,,,,,,
,,,,,,,,,,,,,,,,
,,,,,,,,,,,,,,,,
,,,,,,,,,,,,,,,,
,,,,,,,,,,,,,,,,
,,,,,,,,,,,,,,,,
,,,,,,,,,,,,,,,,
,,,,,,,,,,,,,,,,
,,,,,,,,,,,,,,,,
,,,,,,,,,,,,,,,,
,,,,,,,,,,,,,,,,
,,,,,,,,,,,,,,,,
,,,,,,,,,,,,,,,,
,,,,,,,,,,,,,,,,
,,,,,,,,,,,,,,,,
,,,,,,,,,,,,,,,,
,,,,,,,,,,,,,,,,
,,,,,,,,,,,,,,,,
,,,,,,,,,,,,,,,,
,,,,,,,,,,,,,,,,
,,,,,,,,,,,,,,,,
,,,,,,,,,,,,,,,,
,,,,,,,,,,,,,,,,
,,,,,,,,,,,,,,,,
,,,,,,,,,,,,,,,,
,,,,,,,,,,,,,,,,
,,,,,,,,,,,,,,,,
,,,,,,,,,,,,,,,,
,,,,,,,,,,,,,,,,
,,,,,,,,,,,,,,,,
,,,,,,,,,,,,,,,,
,,,,,,,,,,,,,,,,
,,,,,,,,,,,,,,,,
,,,,,,,,,,,,,,,,
,,,,,,,,,,,,,,,,
,,,,,,,,,,,,,,,,
,,,,,,,,,,,,,,,,
,,,,,,,,,,,,,,,,
,,,,,,,,,,,,,,,,
,,,,,,,,,,,,,,,,
,,,,,,,,,,,,,,,,
,,,,,,,,,,,,,,,,
,,,,,,,,,,,,,,,,
,,,,,,,,,,,,,,,,
,,,,,,,,,,,,,,,,
,,,,,,,,,,,,,,,,
,,,,,,,,,,,,,,,,
,,,,,,,,,,,,,,,,
,,,,,,,,,,,,,,,,
,,,,,,,,,,,,,,,,
,,,,,,,,,,,,,,,,
,,,,,,,,,,,,,,,,
,,,,,,,,,,,,,,,,
,,,,,,,,,,,,,,,,
,,,,,,,,,,,,,,,,
,,,,,,,,,,,,,,,,
,,,,,,,,,,,,,,,,
,,,,,,,,,,,,,,,,
,,,,,,,,,,,,,,,,
,,,,,,,,,,,,,,,,
,,,,,,,,,,,,,,,,
,,,,,,,,,,,,,,,,
,,,,,,,,,,,,,,,,
,,,,,,,,,,,,,,,,
,,,,,,,,,,,,,,,,
,,,,,,,,,,,,,,,,
,,,,,,,,,,,,,,,,
,,,,,,,,,,,,,,,,
,,,,,,,,,,,,,,,,
,,,,,,,,,,,,,,,,
,,,,,,,,,,,,,,,,
,,,,,,,,,,,,,,,,
,,,,,,,,,,,,,,,,
,,,,,,,,,,,,,,,,
,,,,,,,,,,,,,,,,
,,,,,,,,,,,,,,,,
,,,,,,,,,,,,,,,,
,,,,,,,,,,,,,,,,
,,,,,,,,,,,,,,,,
,,,,,,,,,,,,,,,,
,,,,,,,,,,,,,,,,
,,,,,,,,,,,,,,,,
,,,,,,,,,,,,,,,,
,,,,,,,,,,,,,,,,
,,,,,,,,,,,,,,,,
,,,,,,,,,,,,,,,,
,,,,,,,,,,,,,,,,
,,,,,,,,,,,,,,,,
,,,,,,,,,,,,,,,,
,,,,,,,,,,,,,,,,
,,,,,,,,,,,,,,,,
,,,,,,,,,,,,,,,,
,,,,,,,,,,,,,,,,
,,,,,,,,,,,,,,,,
,,,,,,,,,,,,,,,,
,,,,,,,,,,,,,,,,
,,,,,,,,,,,,,,,,
,,,,,,,,,,,,,,,,
,,,,,,,,,,,,,,,,
,,,,,,,,,,,,,,,,
,,,,,,,,,,,,,,,,
,,,,,,,,,,,,,,,,
,,,,,,,,,,,,,,,,
,,,,,,,,,,,,,,,,
,,,,,,,,,,,,,,,,
,,,,,,,,,,,,,,,,
,,,,,,,,,,,,,,,,
,,,,,,,,,,,,,,,,
,,,,,,,,,,,,,,,,
,,,,,,,,,,,,,,,,
,,,,,,,,,,,,,,,,
,,,,,,,,,,,,,,,,
,,,,,,,,,,,,,,,,
,,,,,,,,,,,,,,,,
,,,,,,,,,,,,,,,,
,,,,,,,,,,,,,,,,
,,,,,,,,,,,,,,,,
,,,,,,,,,,,,,,,,
,,,,,,,,,,,,,,,,
,,,,,,,,,,,,,,,,
,,,,,,,,,,,,,,,,
,,,,,,,,,,,,,,,,
,,,,,,,,,,,,,,,,
,,,,,,,,,,,,,,,,
,,,,,,,,,,,,,,,,
,,,,,,,,,,,,,,,,
,,,,,,,,,,,,,,,,
,,,,,,,,,,,,,,,,
,,,,,,,,,,,,,,,,
,,,,,,,,,,,,,,,,
,,,,,,,,,,,,,,,,
,,,,,,,,,,,,,,,,
,,,,,,,,,,,,,,,,
,,,,,,,,,,,,,,,,
,,,,,,,,,,,,,,,,
,,,,,,,,,,,,,,,,
,,,,,,,,,,,,,,,,
,,,,,,,,,,,,,,,,
,,,,,,,,,,,,,,,,
,,,,,,,,,,,,,,,,
,,,,,,,,,,,,,,,,
,,,,,,,,,,,,,,,,
,,,,,,,,,,,,,,,,
,,,,,,,,,,,,,,,,
,,,,,,,,,,,,,,,,
,,,,,,,,,,,,,,,,
,,,,,,,,,,,,,,,,
,,,,,,,,,,,,,,,,
,,,,,,,,,,,,,,,,
,,,,,,,,,,,,,,,,
,,,,,,,,,,,,,,,,
,,,,,,,,,,,,,,,,
,,,,,,,,,,,,,,,,
,,,,,,,,,,,,,,,,
,,,,,,,,,,,,,,,,
,,,,,,,,,,,,,,,,
,,,,,,,,,,,,,,,,
,,,,,,,,,,,,,,,,
,,,,,,,,,,,,,,,,
,,,,,,,,,,,,,,,,
,,,,,,,,,,,,,,,,
,,,,,,,,,,,,,,,,
,,,,,,,,,,,,,,,,
,,,,,,,,,,,,,,,,
,,,,,,,,,,,,,,,,
,,,,,,,,,,,,,,,,
,,,,,,,,,,,,,,,,
,,,,,,,,,,,,,,,,
,,,,,,,,,,,,,,,,
,,,,,,,,,,,,,,,,
,,,,,,,,,,,,,,,,
,,,,,,,,,,,,,,,,
,,,,,,,,,,,,,,,,
,,,,,,,,,,,,,,,,
,,,,,,,,,,,,,,,,
,,,,,,,,,,,,,,,,
,,,,,,,,,,,,,,,,
,,,,,,,,,,,,,,,,
,,,,,,,,,,,,,,,,
,,,,,,,,,,,,,,,,
,,,,,,,,,,,,,,,,
,,,,,,,,,,,,,,,,
,,,,,,,,,,,,,,,,
,,,,,,,,,,,,,,,,
,,,,,,,,,,,,,,,,
,,,,,,,,,,,,,,,,
,,,,,,,,,,,,,,,,
,,,,,,,,,,,,,,,,
,,,,,,,,,,,,,,,,
,,,,,,,,,,,,,,,,
,,,,,,,,,,,,,,,,
,,,,,,,,,,,,,,,,
,,,,,,,,,,,,,,,,
,,,,,,,,,,,,,,,,
,,,,,,,,,,,,,,,,
,,,,,,,,,,,,,,,,
,,,,,,,,,,,,,,,,
,,,,,,,,,,,,,,,,
,,,,,,,,,,,,,,,,
,,,,,,,,,,,,,,,,
,,,,,,,,,,,,,,,,
,,,,,,,,,,,,,,,,
,,,,,,,,,,,,,,,,
,,,,,,,,,,,,,,,,
,,,,,,,,,,,,,,,,
,,,,,,,,,,,,,,,,
,,,,,,,,,,,,,,,,
,,,,,,,,,,,,,,,,
,,,,,,,,,,,,,,,,
,,,,,,,,,,,,,,,,
,,,,,,,,,,,,,,,,
,,,,,,,,,,,,,,,,
,,,,,,,,,,,,,,,,
,,,,,,,,,,,,,,,,
,,,,,,,,,,,,,,,,
,,,,,,,,,,,,,,,,
,,,,,,,,,,,,,,,,
,,,,,,,,,,,,,,,,
,,,,,,,,,,,,,,,,
,,,,,,,,,,,,,,,,
,,,,,,,,,,,,,,,,
,,,,,,,,,,,,,,,,
,,,,,,,,,,,,,,,,
,,,,,,,,,,,,,,,,
,,,,,,,,,,,,,,,,
,,,,,,,,,,,,,,,,
,,,,,,,,,,,,,,,,
,,,,,,,,,,,,,,,,
,,,,,,,,,,,,,,,,
,,,,,,,,,,,,,,,,
,,,,,,,,,,,,,,,,
,,,,,,,,,,,,,,,,
,,,,,,,,,,,,,,,,
,,,,,,,,,,,,,,,,
,,,,,,,,,,,,,,,,
,,,,,,,,,,,,,,,,
,,,,,,,,,,,,,,,,
,,,,,,,,,,,,,,,,
,,,,,,,,,,,,,,,,
,,,,,,,,,,,,,,,,
,,,,,,,,,,,,,,,,
,,,,,,,,,,,,,,,,
,,,,,,,,,,,,,,,,
,,,,,,,,,,,,,,,,
,,,,,,,,,,,,,,,,
,,,,,,,,,,,,,,,,
,,,,,,,,,,,,,,,,
,,,,,,,,,,,,,,,,
,,,,,,,,,,,,,,,,
,,,,,,,,,,,,,,,,
,,,,,,,,,,,,,,,,
,,,,,,,,,,,,,,,,
,,,,,,,,,,,,,,,,
,,,,,,,,,,,,,,,,
,,,,,,,,,,,,,,,,
,,,,,,,,,,,,,,,,
,,,,,,,,,,,,,,,,
,,,,,,,,,,,,,,,,
,,,,,,,,,,,,,,,,
,,,,,,,,,,,,,,,,
,,,,,,,,,,,,,,,,
,,,,,,,,,,,,,,,,
,,,,,,,,,,,,,,,,
,,,,,,,,,,,,,,,,
,,,,,,,,,,,,,,,,
,,,,,,,,,,,,,,,,
,,,,,,,,,,,,,,,,
,,,,,,,,,,,,,,,,
,,,,,,,,,,,,,,,,
,,,,,,,,,,,,,,,,
,,,,,,,,,,,,,,,,
,,,,,,,,,,,,,,,,
,,,,,,,,,,,,,,,,
,,,,,,,,,,,,,,,,
,,,,,,,,,,,,,,,,
,,,,,,,,,,,,,,,,
,,,,,,,,,,,,,,,,
,,,,,,,,,,,,,,,,
,,,,,,,,,,,,,,,,
,,,,,,,,,,,,,,,,
,,,,,,,,,,,,,,,,
,,,,,,,,,,,,,,,,
,,,,,,,,,,,,,,,,
,,,,,,,,,,,,,,,,
,,,,,,,,,,,,,,,,
,,,,,,,,,,,,,,,,
,,,,,,,,,,,,,,,,
,,,,,,,,,,,,,,,,
,,,,,,,,,,,,,,,,
,,,,,,,,,,,,,,,,
,,,,,,,,,,,,,,,,
,,,,,,,,,,,,,,,,
,,,,,,,,,,,,,,,,
,,,,,,,,,,,,,,,,
,,,,,,,,,,,,,,,,
,,,,,,,,,,,,,,,,
,,,,,,,,,,,,,,,,
,,,,,,,,,,,,,,,,
,,,,,,,,,,,,,,,,
,,,,,,,,,,,,,,,,
,,,,,,,,,,,,,,,,
,,,,,,,,,,,,,,,,
,,,,,,,,,,,,,,,,
,,,,,,,,,,,,,,,,
,,,,,,,,,,,,,,,,
,,,,,,,,,,,,,,,,
,,,,,,,,,,,,,,,,
,,,,,,,,,,,,,,,,
,,,,,,,,,,,,,,,,
,,,,,,,,,,,,,,,,
,,,,,,,,,,,,,,,,
,,,,,,,,,,,,,,,,
,,,,,,,,,,,,,,,,
,,,,,,,,,,,,,,,,
,,,,,,,,,,,,,,,,
,,,,,,,,,,,,,,,,
,,,,,,,,,,,,,,,,
,,,,,,,,,,,,,,,,
,,,,,,,,,,,,,,,,
,,,,,,,,,,,,,,,,
,,,,,,,,,,,,,,,,
,,,,,,,,,,,,,,,,
,,,,,,,,,,,,,,,,
,,,,,,,,,,,,,,,,
,,,,,,,,,,,,,,,,
,,,,,,,,,,,,,,,,
,,,,,,,,,,,,,,,,
,,,,,,,,,,,,,,,,
,,,,,,,,,,,,,,,,
,,,,,,,,,,,,,,,,
,,,,,,,,,,,,,,,,
,,,,,,,,,,,,,,,,
,,,,,,,,,,,,,,,,
,,,,,,,,,,,,,,,,
,,,,,,,,,,,,,,,,
,,,,,,,,,,,,,,,,
,,,,,,,,,,,,,,,,
,,,,,,,,,,,,,,,,
,,,,,,,,,,,,,,,,
,,,,,,,,,,,,,,,,
,,,,,,,,,,,,,,,,
,,,,,,,,,,,,,,,,
,,,,,,,,,,,,,,,,
,,,,,,,,,,,,,,,,
,,,,,,,,,,,,,,,,
,,,,,,,,,,,,,,,,
,,,,,,,,,,,,,,,,
,,,,,,,,,,,,,,,,
,,,,,,,,,,,,,,,,
,,,,,,,,,,,,,,,,
,,,,,,,,,,,,,,,,
,,,,,,,,,,,,,,,,
,,,,,,,,,,,,,,,,
,,,,,,,,,,,,,,,,
,,,,,,,,,,,,,,,,
,,,,,,,,,,,,,,,,
,,,,,,,,,,,,,,,,
,,,,,,,,,,,,,,,,
,,,,,,,,,,,,,,,,
,,,,,,,,,,,,,,,,
,,,,,,,,,,,,,,,,
,,,,,,,,,,,,,,,,
,,,,,,,,,,,,,,,,
,,,,,,,,,,,,,,,,
,,,,,,,,,,,,,,,,
,,,,,,,,,,,,,,,,
,,,,,,,,,,,,,,,,
,,,,,,,,,,,,,,,,
,,,,,,,,,,,,,,,,
,,,,,,,,,,,,,,,,
,,,,,,,,,,,,,,,,
,,,,,,,,,,,,,,,,
,,,,,,,,,,,,,,,,
,,,,,,,,,,,,,,,,
,,,,,,,,,,,,,,,,
,,,,,,,,,,,,,,,,
,,,,,,,,,,,,,,,,
,,,,,,,,,,,,,,,,
,,,,,,,,,,,,,,,,
,,,,,,,,,,,,,,,,
,,,,,,,,,,,,,,,,
,,,,,,,,,,,,,,,,
,,,,,,,,,,,,,,,,
,,,,,,,,,,,,,,,,
,,,,,,,,,,,,,,,,
,,,,,,,,,,,,,,,,
,,,,,,,,,,,,,,,,
,,,,,,,,,,,,,,,,
,,,,,,,,,,,,,,,,
,,,,,,,,,,,,,,,,
,,,,,,,,,,,,,,,,
,,,,,,,,,,,,,,,,
,,,,,,,,,,,,,,,,
,,,,,,,,,,,,,,,,
,,,,,,,,,,,,,,,,
,,,,,,,,,,,,,,,,
,,,,,,,,,,,,,,,,
,,,,,,,,,,,,,,,,
,,,,,,,,,,,,,,,,
,,,,,,,,,,,,,,,,
,,,,,,,,,,,,,,,,
,,,,,,,,,,,,,,,,
,,,,,,,,,,,,,,,,
,,,,,,,,,,,,,,,,
,,,,,,,,,,,,,,,,
,,,,,,,,,,,,,,,,
,,,,,,,,,,,,,,,,
,,,,,,,,,,,,,,,,
,,,,,,,,,,,,,,,,
,,,,,,,,,,,,,,,,
,,,,,,,,,,,,,,,,
,,,,,,,,,,,,,,,,
,,,,,,,,,,,,,,,,
,,,,,,,,,,,,,,,,
,,,,,,,,,,,,,,,,
,,,,,,,,,,,,,,,,
,,,,,,,,,,,,,,,,
,,,,,,,,,,,,,,,,
,,,,,,,,,,,,,,,,
,,,,,,,,,,,,,,,,
,,,,,,,,,,,,,,,,
,,,,,,,,,,,,,,,,
,,,,,,,,,,,,,,,,
,,,,,,,,,,,,,,,,
,,,,,,,,,,,,,,,,
,,,,,,,,,,,,,,,,
,,,,,,,,,,,,,,,,
,,,,,,,,,,,,,,,,
,,,,,,,,,,,,,,,,
,,,,,,,,,,,,,,,,
,,,,,,,,,,,,,,,,
,,,,,,,,,,,,,,,,
,,,,,,,,,,,,,,,,
,,,,,,,,,,,,,,,,
,,,,,,,,,,,,,,,,
,,,,,,,,,,,,,,,,
,,,,,,,,,,,,,,,,
,,,,,,,,,,,,,,,,
,,,,,,,,,,,,,,,,
,,,,,,,,,,,,,,,,
,,,,,,,,,,,,,,,,
,,,,,,,,,,,,,,,,
,,,,,,,,,,,,,,,,
,,,,,,,,,,,,,,,,
,,,,,,,,,,,,,,,,
,,,,,,,,,,,,,,,,
,,,,,,,,,,,,,,,,
,,,,,,,,,,,,,,,,
,,,,,,,,,,,,,,,,
,,,,,,,,,,,,,,,,
,,,,,,,,,,,,,,,,
,,,,,,,,,,,,,,,,
,,,,,,,,,,,,,,,,
,,,,,,,,,,,,,,,,
,,,,,,,,,,,,,,,,
,,,,,,,,,,,,,,,,
,,,,,,,,,,,,,,,,
,,,,,,,,,,,,,,,,
,,,,,,,,,,,,,,,,
,,,,,,,,,,,,,,,,
,,,,,,,,,,,,,,,,
,,,,,,,,,,,,,,,,
,,,,,,,,,,,,,,,,
,,,,,,,,,,,,,,,,
,,,,,,,,,,,,,,,,
